system_id,master_seed,anomaly_class,label_has_flares,label_has_transit,star_mass,star_teff,star_logg,flare_amplitude,transit_period,transit_radius_earth,drift
sys_0000,9434169,2,0,1,1.16015625,6200.694883539206,4.121971166322501,0.0,2.139803709344936,2.159201753005643,none
sys_0001,5382385,0,0,0,0.928125,5179.4618095571,4.452688342405596,0.0,0.0,0.0,none
sys_0002,7113117,1,1,0,1.0546875,5940.973936894002,4.449619810341603,4865.346607979024,0.0,0.0,none
sys_0003,9707449,1,1,0,0.94453125,5678.836391803044,4.499021384357357,715.2747433496302,0.0,0.0,none
sys_0004,4434298,1,1,0,1.1847656249999998,4826.947733875244,4.252157723589774,7939.072139811064,0.0,0.0,none
sys_0005,8854654,1,1,0,1.166015625,4664.238395333197,4.259861007438814,17536.491767996846,0.0,0.0,none
sys_0006,2871728,3,1,1,0.93046875,5868.228801519554,4.283172929816414,10457.114458823606,3.1722149520739507,2.391938026733696,none
sys_0007,4096177,3,1,1,1.0359375,5678.339416102403,4.487582509444258,1230.9256339293752,14.763524039864825,2.382656126120965,none
sys_0008,6372544,1,1,0,1.09453125,6202.600055971193,4.427589819249198,1956.730427987094,0.0,0.0,none
sys_0009,8318028,0,0,0,1.1765625,6255.661283986618,4.259154745724527,0.0,0.0,0.0,none
sys_0010,2757392,3,1,1,1.003125,5876.697191525956,4.438910899933008,4140.018715336845,91.43717101521744,1.294184057325832,none
sys_0011,2274324,1,1,0,0.94453125,5816.627757236179,4.319957369133984,10294.102070550343,0.0,0.0,none
sys_0012,2780836,2,0,1,0.922265625,5546.805964987477,4.544706751204535,0.0,8.885496267638025,0.4863473769306517,none
sys_0013,6960511,3,1,1,1.034765625,5836.800236175291,4.457726324049044,11200.149419547197,21.13494248944597,1.017661125805838,none
sys_0014,2027483,3,1,1,1.0078125,4291.086063891607,4.028735565616662,14950.671530743512,8.904043998910499,12.565804906563354,none
sys_0015,4668855,0,0,0,1.10625,6110.270219741514,4.277187047696107,0.0,0.0,0.0,none
sys_0016,8820999,3,1,1,1.1859375,6468.287046036274,4.2281680965454855,1048.3053720829066,24.43500127551434,0.8542413922597932,none
sys_0017,3890326,0,0,0,1.10625,6069.733659410199,4.189690144292338,0.0,0.0,0.0,none
sys_0018,8347407,1,1,0,1.08046875,5792.9289599579215,4.478199581129363,3540.35071927392,0.0,0.0,none
sys_0019,9358435,2,0,1,1.10390625,6220.779936562713,4.398542670404321,0.0,8.187342410236717,2.168700715628764,none
sys_0020,5644373,0,0,0,1.091015625,5940.1462834543445,4.477935634414819,0.0,0.0,0.0,none
sys_0021,8551807,0,0,0,1.14375,6336.7404201491945,4.320080439493292,0.0,0.0,0.0,none
sys_0022,5181693,2,0,1,1.166015625,6036.856205572195,4.069170980222429,0.0,56.44544335070892,0.8799357168701071,none
sys_0023,6188160,1,1,0,1.1015625,5921.3495236823655,4.3488754596563615,4048.9117351628256,0.0,0.0,none
sys_0024,3434075,1,1,0,0.95859375,5791.079260575913,4.340496357277921,16754.99724167926,0.0,0.0,none
sys_0025,4695464,1,1,0,0.9890625,5669.632278879665,4.451927285138003,1078.174899765717,0.0,0.0,none
sys_0026,1194828,2,0,1,1.08046875,5868.69605497861,4.1986648028989135,0.0,94.7990516030469,2.3257245853347315,none
sys_0027,4415655,1,1,0,1.17421875,6251.490923786878,4.260800079658105,667.0624270088275,0.0,0.0,none
sys_0028,8294760,2,0,1,1.17421875,6250.938368749648,4.2602170688628025,0.0,6.170813271667809,0.8958790984901892,none
sys_0029,4981400,3,1,1,0.9890625,5635.013220983714,4.477992689452017,3963.779089269816,11.671542328002069,0.8182651451583866,none
sys_0030,8541274,3,1,1,0.903515625,5294.692016674481,4.537523365921674,627.7331934769458,70.2229101495183,1.488278713475192,none
sys_0031,7117412,0,0,0,1.044140625,5803.1010166354745,4.463635753534953,0.0,0.0,0.0,none
sys_0032,9575691,0,0,0,1.1859375,6343.663407160753,4.144988828787003,0.0,0.0,0.0,none
sys_0033,9061387,0,0,0,0.978515625,5857.666444457239,4.2592672826474205,0.0,0.0,0.0,none
sys_0034,3940079,2,0,1,0.9609375,5641.303270616443,4.504221931710696,0.0,12.102145290566344,5.29434664659011,none
sys_0035,1818565,1,1,0,1.1765625,6117.777847167816,4.065000587956989,2764.5160162843267,0.0,0.0,none
sys_0036,6266999,2,0,1,0.997265625,5970.376942236483,4.225191270618754,0.0,61.34992278670151,0.5465310226268345,none
sys_0037,3845305,0,0,0,1.096875,6369.85762188248,4.253815745233824,0.0,0.0,0.0,none
sys_0038,5951260,3,1,1,1.044140625,5894.114457949078,4.338155384797338,6742.192634278661,7.861138039464333,0.1378792979383764,none
sys_0039,9836127,2,0,1,1.13671875,6267.675732026459,4.441802292991314,0.0,8.013741778164794,1.2701980936474957,none
sys_0040,4368568,1,1,0,0.95625,5797.357679275196,4.416721436457699,7123.887319910496,0.0,0.0,none
sys_0041,2397120,2,0,1,1.18828125,6172.961752126451,4.363638840551183,0.0,3.032193955964734,2.012781327650748,none
sys_0042,1065875,3,1,1,0.97265625,5962.35641891301,4.399819107056074,8163.283046960254,7.906007251073584,0.9151571219273492,none
sys_0043,7973935,0,0,0,0.9046875,5437.906175831334,4.485664618527446,0.0,0.0,0.0,none
sys_0044,4179625,1,1,0,1.06171875,6098.429942707911,4.226522865058536,1117.4754150014478,0.0,0.0,none
sys_0045,5103002,3,1,1,0.92109375,5528.799824950162,4.571025530355833,14873.046276809126,11.422230694538442,0.4648488058803421,none
sys_0046,9023874,0,0,0,0.91875,5742.4158496253895,4.320520956235337,0.0,0.0,0.0,none
sys_0047,6042509,0,0,0,0.95625,5836.134176656165,4.295285466431089,0.0,0.0,0.0,none
sys_0048,4193545,2,0,1,0.90703125,5373.732666131976,4.583713177878255,0.0,73.01934003271488,1.3206326874755303,none
sys_0049,9829546,2,0,1,1.156640625,6076.623364873835,4.181065471112367,0.0,61.80695293454862,0.2756351420132459,none
sys_0050,6315349,3,1,1,1.18828125,6107.79568654282,4.183220223272071,2586.470120649357,20.087552606230084,0.7684067420784725,none
sys_0051,2892617,2,0,1,1.00078125,5863.269559786864,4.259287542973586,0.0,6.80432681062881,4.568242593362759,none
sys_0052,8758101,1,1,0,1.194140625,6606.883800190749,4.2764076285883,15703.74834481432,0.0,0.0,none
sys_0053,7514644,2,0,1,0.95859375,5608.679435462266,4.52248848323994,0.0,16.0293386615021,2.607685263436258,none
sys_0054,1215176,2,0,1,1.1906249999999998,6094.874478618298,4.215253860270818,0.0,23.15049421500376,0.4610252723357418,none
sys_0055,9292860,0,0,0,1.1296875,4572.022878161783,4.162846780447427,0.0,0.0,0.0,none
sys_0056,4580512,0,0,0,1.05,4323.997481450268,4.110185914693645,0.0,0.0,0.0,none
sys_0057,4273121,1,1,0,0.90234375,5613.646365082989,4.463135499567212,3786.85210939184,0.0,0.0,none
sys_0058,7391939,1,1,0,1.081640625,6128.617436262274,4.298045253750503,4204.155510918881,0.0,0.0,none
sys_0059,1325484,2,0,1,1.081640625,6101.710800348521,4.391856974794671,0.0,20.20498273667029,1.994772477869478,none
sys_0060,4313615,3,1,1,1.08984375,5879.238031603529,4.460135167003993,905.495577609571,87.22273591654024,6.368709534886377,none
sys_0061,2581216,3,1,1,0.984375,5879.578657498243,4.459004509781521,8614.382841625029,6.267520685938779,1.027945850211523,none
sys_0062,5824108,3,1,1,1.18359375,6582.893834060988,4.242839346188753,5488.37788214807,20.01496592008993,0.7346214545473142,none
sys_0063,5081656,2,0,1,1.134375,4466.167557946352,3.804594558948271,0.0,2.287338895964365,1.6626397231206154,none
sys_0064,3180944,1,1,0,1.034765625,5805.723705577553,4.48022060763032,963.468702561666,0.0,0.0,none
sys_0065,3549864,1,1,0,1.03125,6106.936403301146,4.450403658835167,11611.58523572706,0.0,0.0,none
sys_0066,2071479,1,1,0,1.11328125,6149.880858625736,4.401229250797654,570.3959031459364,0.0,0.0,none
sys_0067,3234092,1,1,0,1.081640625,5960.10219118726,4.055721148478879,3313.5317867398494,0.0,0.0,none
sys_0068,8334673,1,1,0,0.978515625,5865.464116200599,4.34678588542304,8832.118135135084,0.0,0.0,none
sys_0069,1807635,3,1,1,1.03125,6155.311537022692,4.219172618983031,1360.720565593443,8.906592091733655,5.054777577018479,none
sys_0070,9188027,1,1,0,0.9328125,5927.565127607341,4.311168541040151,8566.934600790917,0.0,0.0,none
sys_0071,7765653,2,0,1,1.1847656249999998,6268.653421230299,4.133736791252357,0.0,25.058147839494502,0.617645314154693,none
sys_0072,4189718,3,1,1,1.17421875,6225.553068595646,4.239484727177292,19530.55984879274,4.730622942190161,4.652419464765781,none
sys_0073,1405933,0,0,0,0.97265625,5846.861234200431,4.505558470531401,0.0,0.0,0.0,none
sys_0074,4077816,2,0,1,1.1765625,6122.822949326426,4.069400557410865,0.0,4.839676801240384,0.2093815556633353,none
sys_0075,5573941,2,0,1,1.10859375,6233.344356911386,4.274939329720151,0.0,9.404658023776086,11.07292926517824,none
sys_0076,6318780,2,0,1,1.17421875,6231.462107333422,4.2436024562322405,0.0,3.656258502318288,1.4301336617908342,none
sys_0077,1477642,1,1,0,0.9375,4172.930844910032,4.324706876669436,1186.86726447689,0.0,0.0,none
sys_0078,9415498,2,0,1,1.1953125,6500.342756396791,4.386055295998501,0.0,70.51534002643125,1.5946282152008004,none
sys_0079,3385316,0,0,0,0.94453125,4348.090100034414,3.4924106740105545,0.0,0.0,0.0,none
sys_0080,9490577,1,1,0,1.0734375,5963.084737555208,4.44895201562787,3103.8767972234723,0.0,0.0,none
sys_0081,2250396,3,1,1,1.1203125,5502.47098349651,4.281650468836014,1916.552377415664,3.141578377916418,1.2788704547823055,none
sys_0082,9136290,1,1,0,1.17421875,6258.455424448968,4.2691766734587935,5567.240488532077,0.0,0.0,none
sys_0083,1045857,1,1,0,1.021875,5852.255322366315,4.470692375204205,2975.089459736849,0.0,0.0,none
sys_0084,9033855,1,1,0,1.06640625,5996.272803064878,4.251672977872194,10811.154818606528,0.0,0.0,none
sys_0085,6636370,2,0,1,1.17421875,4736.664665106148,4.2537235150434505,0.0,2.48435689488761,17.249834430705185,none
sys_0086,8806802,1,1,0,1.044140625,5425.408822718534,4.372917946467756,2303.0707974739744,0.0,0.0,none
sys_0087,8748918,0,0,0,1.18359375,6516.3520593136345,4.195408345537566,0.0,0.0,0.0,none
sys_0088,2318327,2,0,1,1.1015625,5909.404699523194,4.37822086521588,0.0,3.0587131723411405,1.4659065927609305,none
sys_0089,1369310,1,1,0,1.021875,5874.6123594267365,4.453414487250557,9885.476517910489,0.0,0.0,none
sys_0090,4648809,3,1,1,0.903515625,5212.944104167143,4.570226806747726,1037.552824492363,14.187067779861156,1.41690760939569,none
sys_0091,2129911,0,0,0,1.18828125,6172.237723934776,4.364977442213594,0.0,0.0,0.0,none
sys_0092,6747393,0,0,0,0.9609375,5327.721140686668,4.409405291823049,0.0,0.0,0.0,none
sys_0093,7240384,2,0,1,1.156640625,6082.158612726452,4.415938328836434,0.0,13.44892505437606,1.4385777153816743,none
sys_0094,3224334,0,0,0,1.1859375,6418.668462234556,4.105339404649798,0.0,0.0,0.0,none
sys_0095,3638333,0,0,0,1.1906249999999998,6150.71484208062,4.246828354894533,0.0,0.0,0.0,none
sys_0096,6693937,2,0,1,1.1906249999999998,6169.596842475016,4.261852587700254,0.0,55.48370459433775,1.896571749361319,none
sys_0097,4435656,2,0,1,1.1953125,6490.15454088427,4.222194543275009,0.0,9.707744789479245,5.268783709693705,none
sys_0098,1990399,1,1,0,1.16953125,6286.5700427931,4.420765065469789,11734.037451049364,0.0,0.0,none
sys_0099,4606335,0,0,0,0.91875,5623.457853407208,4.486238152038177,0.0,0.0,0.0,none
sys_0100,3908873,3,1,1,0.94921875,5827.293394040745,4.503750038603087,15123.93634286734,33.04071459415714,10.764023944789765,none
sys_0101,1922188,2,0,1,0.91875,5739.593512637649,4.291354360026729,0.0,4.007538623565648,1.27369525013241,none
sys_0102,8889989,3,1,1,0.928125,5538.52902106304,4.429377473644989,2709.460622923311,41.360270165086895,2.769596187519312,none
sys_0103,5297073,3,1,1,1.08515625,6279.1643902971655,4.357600749813927,3550.368165051577,94.36518507586304,0.6608190465468475,none
sys_0104,5395038,0,0,0,1.08515625,4567.828987430129,3.4819572656360886,0.0,0.0,0.0,none
sys_0105,1929183,0,0,0,1.156640625,6073.1734617544535,4.4244826797374825,0.0,0.0,0.0,none
sys_0106,7243737,3,1,1,1.081640625,5673.19206874028,4.3060120225042215,12323.61856152416,4.239538203643196,2.0757349221179013,none
sys_0107,2379913,2,0,1,0.95859375,4151.348850564376,4.212497935526376,0.0,2.366362898760362,2.210403698981401,none
sys_0108,1333565,2,0,1,1.03125,5650.883764811239,4.322557822644995,0.0,42.03000388516515,2.367675673875372,none
sys_0109,7583388,1,1,0,1.1847656249999998,6360.881171924047,4.296402184811685,758.3554671811006,0.0,0.0,none
sys_0110,6046803,3,1,1,1.06875,6128.202641517338,4.436686770469418,635.7237383549059,3.977733363958055,1.703968393274928,none
sys_0111,1176199,2,0,1,1.1906249999999998,6121.885539582011,4.22945506934411,0.0,31.279697461619595,3.461842527673612,none
sys_0112,4950585,2,0,1,1.00078125,5873.323904468209,4.298920035108658,0.0,22.3732562596757,7.975152085171916,none
sys_0113,3364422,3,1,1,1.0171875,6010.871743682767,4.435357764684587,8558.7836745409,7.10451265163901,4.837155098851413,none
sys_0114,2398179,3,1,1,1.18359375,6551.381016814501,4.217050241524141,3250.843870781894,3.539595064124577,2.3640022227129767,none
sys_0115,8992348,2,0,1,0.96796875,5714.441885990073,4.250372188211537,0.0,82.64483670145378,7.674701530670142,none
sys_0116,9247475,1,1,0,1.1906249999999998,6152.853855925559,4.248324462663857,2424.171294958557,0.0,0.0,none
sys_0117,9511150,1,1,0,0.9046875,5400.038954574459,4.507204692506264,4277.56907353213,0.0,0.0,none
sys_0118,1191883,2,0,1,1.1906249999999998,6164.42342918705,4.257188640173678,0.0,21.03759851842976,3.6624644892557794,none
sys_0119,2273458,2,0,1,1.10859375,6237.660277738498,4.325408086365222,0.0,67.64316722384585,0.4966970235386989,none
sys_0120,8631675,3,1,1,1.1859375,6497.611792846029,4.255338756318324,2324.9048588547416,61.1418315799205,0.9735749614953813,none
sys_0121,6926739,1,1,0,1.06875,6115.376530730958,4.4489612012186095,611.9407881671806,0.0,0.0,none
sys_0122,6329430,1,1,0,1.09453125,6217.824915260847,4.192764873686765,1691.0089805438308,0.0,0.0,none
sys_0123,1215147,2,0,1,0.91875,4111.030455265401,4.201744121390904,0.0,29.06529000591695,2.925807280640904,none
sys_0124,1010757,3,1,1,1.194140625,6564.3167467678695,4.22516296704938,9275.241789920858,7.253878862241067,5.211662447673012,none
sys_0125,4280227,1,1,0,0.94453125,5773.96403921335,4.418092141398675,2104.9338458550574,0.0,0.0,none
sys_0126,8990197,3,1,1,0.928125,5403.716642119224,4.520827275006547,1932.261223754305,79.458474292542,6.09095283883668,none
sys_0127,9334290,0,0,0,1.01015625,5834.300935619697,4.394841771585857,0.0,0.0,0.0,none
sys_0128,5179907,1,1,0,1.1765625,6226.210064286565,4.235723610809428,9956.147092747871,0.0,0.0,none
sys_0129,6393274,3,1,1,1.1953125,6520.757106304323,4.35453815433664,2444.007634062031,44.62961312949686,7.73967189914506,none
sys_0130,6877206,2,0,1,1.02890625,5774.030771818258,4.49196175045562,0.0,41.84264674968473,1.7256162043963048,none
sys_0131,7575093,3,1,1,1.0640625,6299.062880275473,4.30130601745954,2022.5612943819092,2.249590763293101,1.135035825532141,none
sys_0132,1215796,2,0,1,1.034765625,4323.71515716755,3.73863423417438,0.0,50.20673371781412,0.9159801224826956,none
sys_0133,3162714,0,0,0,0.97734375,5512.997812893138,4.5372824782179,0.0,0.0,0.0,none
sys_0134,4406707,2,0,1,1.1765625,6266.7730430507645,4.273869096598517,0.0,61.75711088946385,13.593166182970805,none
sys_0135,2733954,3,1,1,0.93046875,5810.570572998247,4.159927573677909,4877.033735646955,3.613212245526802,9.98645618745542,none
sys_0136,1251693,2,0,1,1.1859375,6466.882591169528,4.227130616181793,0.0,40.29058570930746,1.2703016424581433,none
sys_0137,1164998,0,0,0,1.04765625,6132.249204346025,4.4548397555655255,0.0,0.0,0.0,none
sys_0138,8584841,1,1,0,1.044140625,5767.627668437385,4.4147893960524165,3257.089855662608,0.0,0.0,none
sys_0139,3313032,3,1,1,1.02421875,4325.209348403604,4.178163599718687,15619.08348743568,37.69965727265207,0.5859996618285946,none
sys_0140,6641793,3,1,1,1.07109375,6011.271958710526,4.448064841378286,1573.475309474336,21.128612129017714,1.3316628541912552,none
sys_0141,8560086,3,1,1,0.9515625,5881.243797221312,4.241766942542654,750.2135700671389,20.93641685520352,1.1278266446998473,none
sys_0142,6849586,2,0,1,1.156640625,6121.43302498698,4.365296931466373,0.0,41.12645062336193,0.9673967510915652,none
sys_0143,1649781,3,1,1,0.94453125,5815.0368785775245,4.306223219685175,1280.968212678596,2.6367345149452097,0.1081218078085846,none
sys_0144,6624232,0,0,0,1.06171875,6086.3314339251465,4.198512484520591,0.0,0.0,0.0,none
sys_0145,3960877,1,1,0,0.9328125,5862.415049016412,4.156136972006977,1045.4518128135348,0.0,0.0,none
sys_0146,9448015,2,0,1,0.94453125,5710.85086572372,4.477353612451643,0.0,71.00585253608905,1.6397292856599364,none
sys_0147,5685738,0,0,0,1.1847656249999998,6360.975592663249,4.305841136600873,0.0,0.0,0.0,none
sys_0148,4698511,0,0,0,1.17421875,6212.569743775216,4.231192226476377,0.0,0.0,0.0,none
sys_0149,2540764,1,1,0,1.034765625,5888.2814873371535,4.207748491709142,2531.1289955634,0.0,0.0,none
sys_0150,5150390,3,1,1,0.978515625,5755.396826240479,4.113592487475239,1791.9695636532165,9.692964345657456,4.863413450417704,none
sys_0151,3455782,3,1,1,0.9375,4246.828294636011,3.4939982432804406,1298.2625705425646,2.7816640250172697,1.9634076182311175,none
sys_0152,8435862,3,1,1,1.08984375,5910.327069153608,4.165267712742132,3109.9432673406336,8.587357900300802,3.198132411442634,none
sys_0153,1049975,2,0,1,1.156640625,6120.384069419037,4.36726544172599,0.0,5.357701335028118,3.683733785392847,none
sys_0154,6071114,2,0,1,0.903515625,5506.9101677986,4.380340936642842,0.0,3.025375676373599,0.3188881583222357,none
sys_0155,8886392,2,0,1,1.09453125,5852.006777863771,4.28787283452436,0.0,52.809814900383046,2.328475082347223,none
sys_0156,6092165,1,1,0,1.053515625,6144.0230755759,4.14260676378496,3130.0087387543194,0.0,0.0,none
sys_0157,5551664,2,0,1,0.95859375,5750.66640979546,4.417584329347871,0.0,58.54058630134225,4.7454914781836575,none
sys_0158,7624720,1,1,0,0.96796875,4142.641345402239,4.24146707404089,17269.261549505034,0.0,0.0,none
sys_0159,1477809,0,0,0,0.978515625,5753.8355974501255,4.483870383467331,0.0,0.0,0.0,none
sys_0160,5365933,2,0,1,0.95859375,5769.422451380552,4.391226376850706,0.0,82.47741183623447,1.743778094649579,none
sys_0161,4948683,3,1,1,1.14375,6337.622316308856,4.309554973645066,14285.23338927764,61.63363802065855,1.736656156015203,none
sys_0162,2655676,1,1,0,1.02890625,5740.93850178187,4.512509474998857,1824.7377740724191,0.0,0.0,none
sys_0163,6238109,1,1,0,0.9890625,5713.94323555555,4.405330278640415,14519.370339570947,0.0,0.0,none
sys_0164,4981328,2,0,1,0.9046875,5263.3300268761095,4.567097956110683,0.0,9.490599844438952,2.9407259488518456,none
sys_0165,2525671,2,0,1,0.928125,5458.17222169464,4.491654930900416,0.0,29.398797384611942,2.614059084624845,none
sys_0166,9462328,0,0,0,1.147265625,6184.79594208079,4.209215117761638,0.0,0.0,0.0,none
sys_0167,5118971,2,0,1,1.021875,5891.853328795001,4.4383471250223625,0.0,29.92484229133932,4.987169238369174,none
sys_0168,9243312,3,1,1,1.1859375,6511.58780939248,4.328900181482943,523.3876205851799,2.030282019233428,1.3194833473764702,none
sys_0169,8152189,3,1,1,1.03125,4472.30600461321,3.852944369059084,514.7613604401853,12.383801551498117,0.8352703284510107,none
sys_0170,1497396,1,1,0,0.92578125,5643.173528592877,4.359477713986164,562.9689562257988,0.0,0.0,none
sys_0171,6837289,1,1,0,1.09453125,6186.10520136178,4.443472438556366,12075.586003019853,0.0,0.0,none
sys_0172,4491373,0,0,0,1.16484375,6164.286718515519,4.383284313994405,0.0,0.0,0.0,none
sys_0173,5629077,1,1,0,0.92109375,5798.284082168755,4.33186837862046,14229.758182740556,0.0,0.0,none
sys_0174,2925497,1,1,0,0.95625,5837.723951809661,4.303556114997221,6435.892916239449,0.0,0.0,none
sys_0175,4145969,2,0,1,1.091015625,4494.71341107566,4.265126885328871,0.0,90.34686200074852,0.8583292487668704,none
sys_0176,1871890,1,1,0,0.903515625,3988.730833527845,4.113453239386225,760.4888722177426,0.0,0.0,none
sys_0177,2478069,3,1,1,1.1906249999999998,6150.157425404426,4.246467550188404,5408.076134226227,8.720345449107912,0.2049181538398938,none
sys_0178,4110647,2,0,1,1.156640625,6015.305926941945,4.102033802417648,0.0,14.606624698865874,3.0742722065957686,none
sys_0179,7889271,2,0,1,0.92109375,5798.113731528177,4.33303950352549,0.0,2.804232537873516,1.4522875153266197,none
sys_0180,2146328,1,1,0,1.03125,6121.682322542429,4.156468801288865,2229.031583003697,0.0,0.0,none
sys_0181,4955761,0,0,0,1.0078125,5811.993313298231,4.5019806999647,0.0,0.0,0.0,none
sys_0182,2881400,0,0,0,1.034765625,5922.890657637278,4.319087881428868,0.0,0.0,0.0,none
sys_0183,9967476,3,1,1,1.171875,6339.924479145191,4.191009829829734,6133.095373150112,3.742062933863153,3.677018179371856,none
sys_0184,4459964,2,0,1,1.03125,6175.972700349963,4.347979982575198,0.0,91.71179799122504,4.871889984127983,none
sys_0185,1269557,0,0,0,1.14375,6284.62072209296,4.415038912465526,0.0,0.0,0.0,none
sys_0186,4285863,3,1,1,0.90703125,4322.698519919605,3.423436100447689,6850.69558977756,40.83251808274633,0.8474487893960524,none
sys_0187,7873635,2,0,1,1.07109375,6065.207980157959,4.386508768451121,0.0,5.975544549715801,2.760595160747643,none
sys_0188,7832604,3,1,1,0.97734375,4126.610439566761,4.205547995172177,829.4947256282767,2.292386734256253,2.26430116073643,none
sys_0189,6439807,2,0,1,1.044140625,5736.955253647032,4.507549920476971,0.0,16.54083652293963,0.4534961926432896,none
sys_0190,6496579,2,0,1,1.00078125,5835.999822813271,4.413657459615573,0.0,15.279651707805074,2.219347606232462,none
sys_0191,8881026,3,1,1,1.15546875,6255.279040639541,4.322515601553344,646.6750740790911,29.870710972217783,0.892691823040953,none
sys_0192,3046479,0,0,0,1.05703125,5942.093366066059,4.237371345240115,0.0,0.0,0.0,none
sys_0193,6461222,2,0,1,1.11328125,6129.198872443076,4.423462447688867,0.0,6.152995432068192,0.4551808815781391,none
sys_0194,4285063,2,0,1,1.1859375,6514.28680381666,4.313924815183204,0.0,4.315439993628065,1.3241082207853592,none
sys_0195,1821451,1,1,0,0.9609375,4233.73121351484,3.882583996926401,3230.838053831308,0.0,0.0,none
sys_0196,6329072,3,1,1,1.109765625,6340.524833971963,4.357302164738428,11773.607205275306,36.88798545082502,8.660895686988635,none
sys_0197,5429895,3,1,1,0.909375,4282.423259330496,3.7078753607448,650.7187731144995,37.05280678644084,1.1434579988375904,none
sys_0198,7106104,0,0,0,1.1484375,4520.323824034742,3.654090038100522,0.0,0.0,0.0,none
sys_0199,7835526,1,1,0,0.96796875,5703.393576137718,4.392884586195831,16812.813721805902,0.0,0.0,none
sys_0200,1603580,2,0,1,0.903515625,5224.551327045692,4.565826617239368,0.0,76.4148093437246,1.9430412108482065,none
sys_0201,1466240,0,0,0,1.0359375,5801.631674339157,4.353288305522484,0.0,0.0,0.0,none
sys_0202,1719566,1,1,0,0.94921875,5855.825986880258,4.1099700379606965,1927.25663058332,0.0,0.0,none
sys_0203,7851141,2,0,1,1.1953125,4997.607955112413,4.237641610847777,0.0,6.024766362552381,6.608011743215252,none
sys_0204,4890468,3,1,1,1.10625,5480.726332660593,4.303058975542972,19186.588198517835,2.3695974774879462,4.114423394648121,none
sys_0205,9957411,3,1,1,0.98671875,5807.625688254323,4.46847315768912,14219.547265984742,14.382254808665634,5.8413497720093925,none
sys_0206,9449696,0,0,0,1.18828125,6159.661868012604,4.254360688444048,0.0,0.0,0.0,none
sys_0207,9490534,0,0,0,0.90703125,5378.2751811462895,4.579309509252637,0.0,0.0,0.0,none
sys_0208,7013247,0,0,0,1.1906249999999998,6184.152387534367,4.28052067493983,0.0,0.0,0.0,none
sys_0209,1262724,2,0,1,1.04765625,6215.134235870881,4.29196383474271,0.0,9.338077076105156,1.5740865966505306,none
sys_0210,7371113,3,1,1,1.1015625,4791.36752788391,4.339075559180592,801.4859556441235,35.83233910783663,0.3318631037123183,none
sys_0211,7041491,0,0,0,1.053515625,6214.42296349327,4.337295673661575,0.0,0.0,0.0,none
sys_0212,5357909,1,1,0,1.15546875,6223.949698055745,4.390512570021849,6371.087208729279,0.0,0.0,none
sys_0213,7937673,1,1,0,1.0453125,5928.168879860415,4.493544997529109,2194.6709189760263,0.0,0.0,none
sys_0214,4000803,0,0,0,1.044140625,5880.9217252483695,4.375046993323826,0.0,0.0,0.0,none
sys_0215,5671529,1,1,0,0.91875,4299.313992136732,3.492120501898276,16157.366665539646,0.0,0.0,none
sys_0216,1247527,2,0,1,0.9421875,5754.741952076457,4.51907121833852,0.0,12.711728210029255,3.6230807399756464,none
sys_0217,6278685,1,1,0,0.9328125,5905.909025168886,4.384448348744923,7508.929905321077,0.0,0.0,none
sys_0218,7038529,3,1,1,1.1906249999999998,6180.740004593148,4.274846137505323,1543.6747600802207,8.307779732913044,6.033614956022629,none
sys_0219,4544506,1,1,0,1.04296875,5846.834622190545,4.2615301858480565,4062.312238063561,0.0,0.0,none
sys_0220,9707455,2,0,1,1.02421875,5839.639746811178,4.509477705725876,0.0,4.143306924486401,1.1557852601894882,none
sys_0221,8217481,0,0,0,0.903515625,5484.261230549196,4.412151382803798,0.0,0.0,0.0,none
sys_0222,2477760,1,1,0,0.95859375,5597.541775393838,4.528361037191989,1164.8060556794774,0.0,0.0,none
sys_0223,8629967,3,1,1,1.166015625,6163.667340566449,4.384303666728608,3948.050344008616,6.584110847478335,0.9889191451383784,none
sys_0224,2657405,3,1,1,0.997265625,5975.753351967686,4.239841768724559,959.2419841352043,34.558156837427376,5.348950784063366,none
sys_0225,8107660,0,0,0,1.00078125,5802.6513743161695,4.449757610836395,0.0,0.0,0.0,none
sys_0226,1902126,2,0,1,1.171875,6378.007091459297,4.3661496935716455,0.0,19.062012889861293,1.0768289158364963,none
sys_0227,6358785,0,0,0,1.003125,5870.7969459651,4.154761986687133,0.0,0.0,0.0,none
sys_0228,9956390,3,1,1,1.08046875,5802.921434755122,4.471378754727786,4612.7123013657065,44.93936724667081,1.3652583157796132,none
sys_0229,9243176,0,0,0,1.11328125,6141.451441760511,4.202073246754421,0.0,0.0,0.0,none
sys_0230,3261797,2,0,1,1.16953125,4819.60132197052,4.241016969502858,0.0,9.523639931919789,0.6447452056430262,none
sys_0231,4673202,0,0,0,0.9515625,4357.889505835902,3.640169952109504,0.0,0.0,0.0,none
sys_0232,5394955,3,1,1,1.05703125,5876.462388995156,4.459133147277902,5153.257567802865,43.07565529351832,1.6022476940999557,none
sys_0233,9708370,1,1,0,1.053515625,6209.200391625255,4.354899565302252,11739.78430344334,0.0,0.0,none
sys_0234,8144796,1,1,0,0.94453125,5816.251519856111,4.329925305031871,1015.7877481024829,0.0,0.0,none
sys_0235,5546919,2,0,1,0.92578125,5438.00440788684,4.533849764308056,0.0,21.277178794866707,3.0514816027027445,none
sys_0236,8367553,3,1,1,1.18359375,6510.447073612441,4.1920536310613885,863.3379431311153,10.63198597826568,1.224712028954899,none
sys_0237,3743424,3,1,1,1.1859375,4725.77394922796,4.187020686690832,8272.951326933618,15.065152595999324,0.9161597651759354,none
sys_0238,1250755,2,0,1,1.0125,5831.395596594798,4.405972436738044,0.0,74.7766182385939,2.500111950017475,none
sys_0239,8280527,2,0,1,1.06171875,4753.431832573299,4.305624840652505,0.0,15.893930794844367,0.5183485999916274,none
sys_0240,5710608,0,0,0,0.903515625,5206.604607793942,4.572625054967767,0.0,0.0,0.0,none
sys_0241,4233379,1,1,0,1.1847656249999998,6355.589965130684,4.3363208339007295,2336.113899003088,0.0,0.0,none
sys_0242,2858175,1,1,0,1.16953125,4569.351304717952,3.770690793247885,7481.046610439383,0.0,0.0,none
sys_0243,9035032,0,0,0,1.081640625,6108.940248868884,4.380380072537306,0.0,0.0,0.0,none
sys_0244,8930013,3,1,1,1.109765625,6348.828451021229,4.331894563120803,12997.74030157503,20.11883121426637,4.573643784404556,none
sys_0245,1891899,0,0,0,1.1203125,6283.9269605164,4.385740750027584,0.0,0.0,0.0,none
sys_0246,4024690,1,1,0,1.1859375,6384.456171834924,4.179778929387117,748.6110319184801,0.0,0.0,none
sys_0247,4990494,1,1,0,1.147265625,6270.017613631042,4.273678734148263,612.9438408303613,0.0,0.0,none
sys_0248,1557196,0,0,0,1.14140625,6076.372832666682,4.436331704622693,0.0,0.0,0.0,none
sys_0249,5692532,3,1,1,1.044140625,4350.491219181185,3.703155083408842,3765.050830897456,21.62976490951407,4.700628585533439,none
sys_0250,9562654,3,1,1,1.0921875,6213.930034145399,4.295672060044814,571.7474257708949,2.437650639496077,6.48721945230314,none
sys_0251,8821649,1,1,0,1.10390625,6230.955230427915,4.383951810299775,1951.6580272034216,0.0,0.0,none
sys_0252,5403528,2,0,1,0.978515625,5818.0156446615965,4.177565057434361,0.0,79.09012350691613,0.2551129114549639,none
sys_0253,5333903,0,0,0,0.92578125,5393.530895729748,4.553459904689191,0.0,0.0,0.0,none
sys_0254,7361561,0,0,0,1.02421875,5826.007160567264,4.518859659704983,0.0,0.0,0.0,none
sys_0255,1128410,2,0,1,1.194140625,6589.212457840687,4.247427667564516,0.0,7.7497704116824595,4.190029377275613,none
sys_0256,2645480,1,1,0,0.9375,5565.505069343529,4.448923370264156,19622.075044013665,0.0,0.0,none
sys_0257,8741985,2,0,1,1.05703125,5942.836625921074,4.391441024986129,0.0,35.15799983578584,3.6236710849067775,none
sys_0258,3146869,1,1,0,1.171875,6367.7304436523655,4.3821530573587415,11433.860791767956,0.0,0.0,none
sys_0259,1510873,1,1,0,1.0921875,6195.865686956127,4.376911585267732,2268.5386261019594,0.0,0.0,none
sys_0260,1217114,1,1,0,1.1578125,5440.088702158594,4.271149197250346,4634.634605130231,0.0,0.0,none
sys_0261,4377619,0,0,0,1.06875,6099.86993031465,4.4625148889396495,0.0,0.0,0.0,none
sys_0262,8485376,0,0,0,1.0125,5773.767098491676,4.464634125826475,0.0,0.0,0.0,none
sys_0263,1427369,0,0,0,1.0125,5795.3497493538725,4.446292432253388,0.0,0.0,0.0,none
sys_0264,2537925,0,0,0,1.00078125,5861.5154894873,4.372432011800961,0.0,0.0,0.0,none
sys_0265,6146830,3,1,1,1.05,5139.000428272589,4.346750220604956,3986.639887691493,15.829245743225762,1.5426156461645038,none
sys_0266,5370630,2,0,1,1.00078125,5832.001576295078,4.418772105323088,0.0,37.142652510459286,0.551202124208136,none
sys_0267,3280182,2,0,1,1.11328125,5996.874588362357,4.038550032924896,0.0,10.227426127004238,5.48553013166673,none
sys_0268,3859504,0,0,0,1.17421875,6233.183512502306,4.244865392118752,0.0,0.0,0.0,none
sys_0269,8993410,2,0,1,1.18359375,6559.716572785872,4.222982918939011,0.0,65.53538827025541,4.034820791577397,none
sys_0270,1669461,3,1,1,1.10859375,6238.367475611837,4.3208588397020256,11121.835379636022,47.96294234910661,8.839837502899274,none
sys_0271,3372244,3,1,1,1.1953125,6514.385119257743,4.243631659543151,9015.40059132648,29.8347875632601,0.4728459034560996,none
sys_0272,4517697,1,1,0,1.0734375,5807.24613270841,4.325104929512313,1758.5507889086457,0.0,0.0,none
sys_0273,2680307,1,1,0,0.9515625,4283.876347595369,3.8922103339619976,5527.402912864381,0.0,0.0,none
sys_0274,9315912,0,0,0,1.15546875,6086.509253476116,4.053628166451536,0.0,0.0,0.0,none
sys_0275,5385094,1,1,0,1.1906249999999998,6171.286648857249,4.263503176179682,4679.934944698221,0.0,0.0,none
sys_0276,5962210,2,0,1,0.92578125,5503.151622499551,4.500569864173884,0.0,27.50311373127841,2.0546637316655136,none
sys_0277,5196381,0,0,0,1.096875,6310.352098867632,4.440878796100867,0.0,0.0,0.0,none
sys_0278,7872399,1,1,0,1.1953125,6507.638943066435,4.236698490073415,990.0908902492604,0.0,0.0,none
sys_0279,9264237,2,0,1,0.90703125,5399.309169150924,4.569077788061016,0.0,53.12636289205053,0.8790342792145415,none
sys_0280,2953530,2,0,1,0.9328125,5916.685548576018,4.2570381866568825,0.0,18.00212570494793,1.318932970884618,none
sys_0281,1674409,3,1,1,1.10625,6091.254707371059,4.392797743572066,4068.7237158512567,3.471904814152377,1.8741782396169888,none
sys_0282,8578365,2,0,1,0.928125,4031.885077950913,4.092190622593612,0.0,5.234974929441625,5.7783753383654695,none
sys_0283,9407462,3,1,1,1.18828125,6169.465182743967,4.26310696574353,671.3192858528458,51.68846392864684,0.3716312857379809,none
sys_0284,4423876,0,0,0,1.1859375,6489.150888719817,4.374959282353818,0.0,0.0,0.0,none
sys_0285,3116028,3,1,1,1.1765625,6196.091159847835,4.2178995418883805,17575.39504203201,44.00894493287544,1.8453304578648,none
sys_0286,5901266,0,0,0,0.928125,5409.712074659989,4.517820931472289,0.0,0.0,0.0,none
sys_0287,7481575,2,0,1,1.1953125,6519.7893079711175,4.250190490788491,0.0,29.317641738122788,0.6201576500152722,none
sys_0288,1033790,2,0,1,1.02421875,5948.979552028118,4.420800624994933,0.0,2.650497301572232,0.8464338290101355,none
sys_0289,6335962,3,1,1,0.984375,5348.61926135306,4.384345673240051,8287.014252151192,3.575223108506824,1.7931479315874983,none
sys_0290,4720658,0,0,0,1.1296875,6154.727607798477,4.016408675632616,0.0,0.0,0.0,none
sys_0291,9955646,1,1,0,1.0734375,6036.227761891978,4.347860474774531,1197.5613601641548,0.0,0.0,none
sys_0292,2039804,3,1,1,0.95859375,5776.919129728058,4.377960075660757,772.4624592947366,2.325856572885314,1.1093137364462315,none
sys_0293,3421692,0,0,0,1.1765625,5666.921655048585,4.252569341823497,0.0,0.0,0.0,none
sys_0294,6247736,0,0,0,1.06640625,4312.073421508801,4.064058427624523,0.0,0.0,0.0,none
sys_0295,8302558,2,0,1,1.16953125,6349.68835777855,4.414675219671058,0.0,14.366373798570352,0.496130038421479,none
sys_0296,9238172,1,1,0,1.0453125,6066.185483923569,4.242705388915737,1710.481662102119,0.0,0.0,none
sys_0297,6214260,2,0,1,1.003125,5915.3496274139725,4.39092013370863,0.0,4.415441564112795,3.228485092625861,none
sys_0298,9115522,1,1,0,1.18359375,6563.029029183672,4.225467020466016,12852.793730289242,0.0,0.0,none
sys_0299,8964628,3,1,1,1.08046875,5900.99792586015,4.282733626181648,1240.2833191974944,58.21765601591998,2.338719361159924,none
sys_0300,9636206,1,1,0,1.17421875,6254.18373519326,4.263784373023161,9916.268301197008,0.0,0.0,none
sys_0301,8348551,0,0,0,1.147265625,6277.575701923873,4.29259983678719,0.0,0.0,0.0,none
sys_0302,3448036,1,1,0,1.11328125,5293.022034740979,4.304030439329131,15244.0329280825,0.0,0.0,none
sys_0303,1761887,3,1,1,1.10625,6117.038257421425,4.291038682021528,1595.4516583531415,31.23541281321606,2.4915433667265745,none
sys_0304,2397332,0,0,0,1.02421875,5937.638197490836,4.433444963403118,0.0,0.0,0.0,none
sys_0305,9649652,0,0,0,1.08046875,5851.853377057223,4.432027973821168,0.0,0.0,0.0,none
sys_0306,8608504,0,0,0,1.18828125,6171.346391882372,4.366573208322223,0.0,0.0,0.0,none
sys_0307,7076480,2,0,1,1.18828125,6164.695844041292,4.258587687168656,0.0,16.364653785534344,0.6522105253429455,none
sys_0308,4731431,2,0,1,1.06640625,5997.245407783734,4.379755491542156,0.0,3.608008653243055,1.0570438697206244,none
sys_0309,6234274,1,1,0,1.096875,6344.113380437712,4.404860669539827,3011.771454989506,0.0,0.0,none
sys_0310,4980088,1,1,0,1.1953125,6259.385342095047,3.972411752244991,3725.7530446994742,0.0,0.0,none
sys_0311,9652876,0,0,0,1.02890625,4616.7996001825095,4.339006316839245,0.0,0.0,0.0,none
sys_0312,3022715,2,0,1,0.9421875,5804.149898848296,4.487043522257808,0.0,2.197057500318858,0.8383205554874601,none
sys_0313,5636442,1,1,0,1.0078125,5813.375214588872,4.501104192380297,664.3764220991646,0.0,0.0,none
sys_0314,5142748,3,1,1,1.034765625,4290.493302246846,3.85330816694141,2634.102624443234,4.556999950319982,2.381945082165196,none
sys_0315,7568956,3,1,1,0.97265625,5992.218158794196,4.31160234121725,705.659960790039,5.601488837027418,1.1675289833094027,none
sys_0316,2832987,3,1,1,1.14375,5620.099208260462,4.259188522344096,1840.4632621994083,21.75721908992178,1.841570507106887,none
sys_0317,3395609,3,1,1,1.1484375,4497.916829612171,4.164332637170558,891.0990049992209,2.6712816129466352,0.9519004741670224,none
sys_0318,2685239,3,1,1,1.03125,4787.485775236852,4.3047834312771736,574.7681401312961,25.710444963687205,0.2856318781109384,none
sys_0319,5570895,0,0,0,1.18828125,6157.070332900593,4.25233217832592,0.0,0.0,0.0,none
sys_0320,3634698,3,1,1,1.1484375,6197.293950284008,4.425548747069513,1541.8711363722011,7.202723795968208,3.8158255739516056,none
sys_0321,1171377,1,1,0,0.984375,4321.448069955409,4.218922511152712,7066.256184557162,0.0,0.0,none
sys_0322,9907694,3,1,1,0.9890625,5741.737742040396,4.295719893169891,2568.245517729508,48.83625060450471,1.3898868697390536,none
sys_0323,5742296,2,0,1,1.171875,6377.830148102707,4.366461882530666,0.0,12.294969164486805,0.3147239164901005,none
sys_0324,2062666,0,0,0,1.10625,4453.108667324801,4.223860404961771,0.0,0.0,0.0,none
sys_0325,5388979,2,0,1,1.171875,6251.964649886315,4.074261760395489,0.0,3.0835791042017,3.0588495831086058,none
sys_0326,6615000,2,0,1,1.18359375,6455.103393885292,4.1497687184523135,0.0,67.86711515104679,1.621956106650626,none
sys_0327,2243736,0,0,0,1.08515625,6288.966292668075,4.3208306928416125,0.0,0.0,0.0,none
sys_0328,3749566,2,0,1,1.0734375,6038.6264832752,4.3390533318932105,0.0,2.840221897424641,3.809158875362116,none
sys_0329,1822794,2,0,1,0.90234375,5535.1006355436775,4.51526967267443,0.0,32.93712881813683,1.2318012860655594,none
sys_0330,7220364,2,0,1,1.00078125,5725.319870328234,4.505544591935274,0.0,58.84703373915422,6.289902270979214,none
sys_0331,7634848,0,0,0,0.90703125,4174.400767051659,3.9328055120111847,0.0,0.0,0.0,none
sys_0332,2620223,2,0,1,1.05703125,5938.293323084349,4.226186917351352,0.0,23.464790073897426,1.99202280734128,none
sys_0333,1107526,3,1,1,1.147265625,6278.9707347350695,4.300848028033704,3822.509082892258,64.07962309799099,0.3624370554644557,none
sys_0334,1997100,0,0,0,1.10390625,6248.340789652247,4.349337277955945,0.0,0.0,0.0,none
sys_0335,6763784,2,0,1,0.9890625,5733.424406771605,4.372843254600416,0.0,3.2475294523477936,3.477690180017094,none
sys_0336,3830159,3,1,1,1.13671875,4622.693097914845,4.20177481686034,3775.3364840436993,32.68948628909558,2.8244380188468967,none
sys_0337,8692074,0,0,0,1.04765625,5304.269387870568,4.322392024304132,0.0,0.0,0.0,none
sys_0338,9478037,2,0,1,1.1859375,6416.691061925674,4.196528474579836,0.0,3.12905284277465,3.153106632254231,none
sys_0339,3711872,3,1,1,0.92578125,5629.453102336195,4.228666590293732,10848.26331702545,2.507292631471482,0.7431138157275406,none
sys_0340,2706884,1,1,0,1.1765625,6200.564253615931,4.220389364005705,4849.250377221425,0.0,0.0,none
sys_0341,7761495,1,1,0,0.97265625,5975.800823822126,4.375697658569036,3895.3673886310753,0.0,0.0,none
sys_0342,4294176,3,1,1,0.95859375,4171.550287981061,3.966960244026468,4617.253105575715,3.286025716815861,1.1158321427338234,none
sys_0343,2289457,2,0,1,1.05703125,5440.899376277902,4.337479039650008,0.0,10.42169591209822,0.757196846091421,none
sys_0344,1561711,0,0,0,0.94921875,5938.688274744593,4.3962152194512445,0.0,0.0,0.0,none
sys_0345,3720038,2,0,1,0.978515625,5701.3227181266775,4.516566996404779,0.0,67.56207955204928,1.4507497210519555,none
sys_0346,3141878,3,1,1,1.1203125,6309.970369345522,4.31854721312217,6961.948642626265,8.635604120521663,0.8787604217852207,none
sys_0347,3632796,1,1,0,1.091015625,6018.04129520824,4.407198041463365,657.2429641841504,0.0,0.0,none
sys_0348,1766375,3,1,1,1.0125,5739.972350329855,4.488662273470236,995.9574587944472,9.351504724863933,5.602965127335646,none
sys_0349,9689645,1,1,0,1.08515625,6287.062959652745,4.331785065370248,16087.050918234714,0.0,0.0,none
sys_0350,9546487,1,1,0,1.06171875,4461.407684535783,3.698282341298409,762.4501862995704,0.0,0.0,none
sys_0351,3743750,1,1,0,1.156640625,4407.831461364294,3.850198044763121,13141.508042316516,0.0,0.0,none
sys_0352,7511349,1,1,0,1.0734375,5998.664671777358,4.4139182199272495,655.0779780588181,0.0,0.0,none
sys_0353,9211264,2,0,1,1.16015625,6296.531826478881,4.27955788460725,0.0,7.899137943396778,3.6273084399909608,none
sys_0354,3777699,0,0,0,0.928125,5444.306132010916,4.499674000278195,0.0,0.0,0.0,none
sys_0355,4158423,0,0,0,0.91875,5654.058229095735,4.463721297004525,0.0,0.0,0.0,none
sys_0356,4636769,2,0,1,1.1906249999999998,6173.541042080557,4.26585022024352,0.0,8.321435101822424,1.981508726103949,none
sys_0357,8794536,3,1,1,0.96796875,5691.869909392987,4.409356455558791,15461.62257126506,10.123904401314242,1.096880374519719,none
sys_0358,1246823,0,0,0,0.91875,4965.032019054571,4.411120087985911,0.0,0.0,0.0,none
sys_0359,6866534,2,0,1,0.92578125,5558.233278022789,4.463780247857921,0.0,3.124199536017201,0.1712921604698683,none
sys_0360,2966666,1,1,0,0.9046875,5402.92322989372,4.505681359338428,510.0861671973087,0.0,0.0,none
sys_0361,9192961,0,0,0,1.166015625,6174.018867520364,4.266871981707689,0.0,0.0,0.0,none
sys_0362,4066352,2,0,1,0.95625,4309.416740546491,4.296317005609609,0.0,3.916439439559432,4.221158746431017,none
sys_0363,3289019,1,1,0,1.1906249999999998,6162.885955767865,4.255910873937603,5666.421735177793,0.0,0.0,none
sys_0364,7801977,0,0,0,1.09453125,6196.438474697659,4.433725853788038,0.0,0.0,0.0,none
sys_0365,7919110,0,0,0,1.1906249999999998,6111.636259163604,4.223961424672762,0.0,0.0,0.0,none
sys_0366,6837638,3,1,1,0.95859375,4788.199384814529,4.38214466766745,778.7224663915197,4.12537250693312,2.4696804568733333,none
sys_0367,4176191,1,1,0,1.091015625,6044.332885533288,4.363951382959106,920.5548531213316,0.0,0.0,none
sys_0368,1170733,2,0,1,1.06171875,6066.501868568225,4.433327829548633,0.0,4.889179128324475,0.6580984466363667,none
sys_0369,7042207,0,0,0,0.903515625,5217.065033637312,4.568674091152937,0.0,0.0,0.0,none
sys_0370,3860703,3,1,1,1.10859375,6184.931574709477,4.421242445747195,1325.2086528945172,2.917620998311213,1.3509185096004008,none
sys_0371,1618352,1,1,0,0.90703125,5379.679319993506,4.578314123718048,7538.764697433645,0.0,0.0,none
sys_0372,1358212,2,0,1,0.97734375,5674.34782944734,4.432485276936922,0.0,57.30661752485304,4.219231638113377,none
sys_0373,6902488,2,0,1,1.147265625,6202.429462749362,4.219805238263132,0.0,44.40180837491175,4.456401349291112,none
sys_0374,3555498,0,0,0,1.171875,4599.340238904832,3.515833030916842,0.0,0.0,0.0,none
sys_0375,3335213,2,0,1,0.95859375,4195.855176192432,4.260062110128436,0.0,6.14482749621201,5.988232330819941,none
sys_0376,5002621,3,1,1,1.003125,5867.109359437228,4.447958929507393,1876.553086408608,11.03420164793401,1.0188956461639191,none
sys_0377,4845916,2,0,1,1.15546875,6255.443885226546,4.295959590389599,0.0,22.067133588411284,0.3285272884375794,none
sys_0378,3071476,0,0,0,1.18359375,6600.461041242558,4.338876431438246,0.0,0.0,0.0,none
sys_0379,9275228,3,1,1,1.01015625,5733.487997271308,4.486977900756739,1260.855010480769,13.05855469837944,3.760901729002605,none
sys_0380,7847240,2,0,1,0.98671875,5814.202594052442,4.463322414569099,0.0,80.27133599950966,1.5416708139004136,none
sys_0381,2395286,3,1,1,1.0546875,5911.813046250298,4.461544531144766,779.9928240716719,68.88387310974642,3.821734358799125,none
sys_0382,2652902,2,0,1,1.01015625,5850.452772801551,4.28056703102495,0.0,12.232706327413712,2.46695000955202,none
sys_0383,5679948,2,0,1,1.0078125,5821.931448711336,4.4955477566207565,0.0,82.91752793566314,0.2376434554708378,none
sys_0384,5697093,1,1,0,1.17421875,6178.167306658181,4.2119798038463445,580.311025573426,0.0,0.0,none
sys_0385,2889959,2,0,1,1.02890625,5842.013720343414,4.440294868434351,0.0,84.95992565070416,2.1027180626251223,none
sys_0386,2236892,0,0,0,1.1765625,6203.283830386044,4.2219400774934055,0.0,0.0,0.0,none
sys_0387,9124085,0,0,0,1.034765625,5921.7875269846445,4.334278982226419,0.0,0.0,0.0,none
sys_0388,2490703,3,1,1,1.147265625,6270.692417202991,4.353524214650441,10736.394158077255,9.099005942385029,0.6775135184127611,none
sys_0389,4979351,3,1,1,1.10859375,6215.302791609439,4.244524934826618,5061.627663692987,26.57296186923211,1.1394259604853934,none
sys_0390,1020658,0,0,0,1.1953125,6518.390962086307,4.248379970378799,0.0,0.0,0.0,none
sys_0391,5473686,0,0,0,1.1765625,6264.996958405461,4.27091927848889,0.0,0.0,0.0,none
sys_0392,3024551,3,1,1,1.1015625,5790.332472177601,4.094625386437644,1638.7466578287313,5.784033487564822,1.2924887656422597,none
sys_0393,3124644,0,0,0,1.091015625,5979.960854327428,4.44643017225325,0.0,0.0,0.0,none
sys_0394,8810454,2,0,1,0.92109375,5678.055867989873,4.489749422347168,0.0,3.878290100499449,1.4365649558583808,none
sys_0395,1949119,1,1,0,1.0640625,6278.750987040583,4.377937737842802,1641.4096187640282,0.0,0.0,none
sys_0396,3844080,1,1,0,1.04296875,5795.546904246511,4.440495188157597,3764.557869614396,0.0,0.0,none
sys_0397,4979056,3,1,1,0.90703125,5533.121672666695,4.505547483600658,2423.0493264268284,2.3551440131738453,1.3086562224564011,none
sys_0398,9428629,0,0,0,1.194140625,6557.923406817632,4.220513171256659,0.0,0.0,0.0,none
sys_0399,7463671,0,0,0,1.01015625,4189.394238763293,4.177133183465731,0.0,0.0,0.0,none
sys_0400,3460857,1,1,0,1.0453125,6055.455317430242,4.402459185359567,17818.458123831653,0.0,0.0,none
sys_0401,2324952,1,1,0,1.147265625,6263.900752646447,4.265005131101102,813.272027012241,0.0,0.0,none
sys_0402,3697987,2,0,1,1.06875,6190.993738676119,4.2836241762038805,0.0,84.92925220019754,12.595241045450198,none
sys_0403,9090125,0,0,0,0.9375,4167.297413378249,3.7962036010929134,0.0,0.0,0.0,none
sys_0404,2704004,0,0,0,1.109765625,6352.306968892438,4.299304340386829,0.0,0.0,0.0,none
sys_0405,3361454,3,1,1,1.11328125,6166.408074595504,4.257655815177489,8073.987846928206,15.045099406126257,1.063160375053076,none
sys_0406,2753531,3,1,1,1.06171875,6093.529610724992,4.401464605266515,6958.268872307021,95.5085093384149,0.2737954479356566,none
sys_0407,4222538,1,1,0,1.10625,6114.95194397691,4.285883047210095,12921.44452858604,0.0,0.0,none
sys_0408,9544338,1,1,0,0.96796875,4537.247265354337,4.379137178495975,739.6628871319298,0.0,0.0,none
sys_0409,1443966,1,1,0,1.06640625,4314.600828285826,4.046698693622066,4563.476818184129,0.0,0.0,none
sys_0410,8961762,3,1,1,1.1859375,6486.827972208264,4.243571493700137,3062.107725041127,25.190493712041896,0.8696131175121162,none
sys_0411,7488403,2,0,1,1.10625,6044.570986168454,4.441374356248335,0.0,2.5363902080777603,1.2829294655554966,none
sys_0412,5720549,2,0,1,1.06171875,6117.96078121718,4.273054069633835,0.0,69.42858123143075,3.256563724556486,none
sys_0413,6868125,3,1,1,1.05,4342.54831125515,4.175378710468647,6549.440409244618,3.940121755711205,2.257711302428252,none
sys_0414,1960313,0,0,0,1.02421875,5975.552940431127,4.381374995554085,0.0,0.0,0.0,none
sys_0415,9941544,1,1,0,1.0546875,5391.35964359699,4.3527396717433415,530.4178108599981,0.0,0.0,none
sys_0416,4721420,2,0,1,1.0078125,5880.035859575789,4.147329078888251,0.0,2.603814167911924,0.3205573282922137,none
sys_0417,8341186,2,0,1,1.1203125,6284.362601184696,4.385095169846956,0.0,45.0661364293126,2.7561906296491965,none
sys_0418,5318203,2,0,1,1.16015625,6229.255413187626,4.43145744737029,0.0,3.692643081670345,0.4092908372209096,none
sys_0419,8451338,3,1,1,1.06640625,6004.394114253924,4.364719182961236,1362.5078976575066,4.356028690736385,1.6288526242475012,none
sys_0420,6509973,0,0,0,1.02890625,5901.634238524085,4.292387233136122,0.0,0.0,0.0,none
sys_0421,9422420,3,1,1,1.081640625,6107.262279974207,4.250304557300237,15154.085637802777,6.227745054862576,0.6165740050993924,none
sys_0422,2118028,2,0,1,1.08046875,5828.763212460794,4.4520972169147175,0.0,11.018657771550393,1.16446581837289,none
sys_0423,1509370,3,1,1,1.10390625,6253.853914823421,4.32852561587369,2771.0458495325192,54.966130986331926,3.747867091861044,none
sys_0424,8013771,2,0,1,1.0359375,5800.3772944096245,4.356863007077605,0.0,11.922611859754848,11.164138593534105,none
sys_0425,7658128,0,0,0,1.1578125,6204.261891892264,4.38693951783903,0.0,0.0,0.0,none
sys_0426,7640083,3,1,1,1.1765625,6218.65559202459,4.230972099747599,1843.001425752043,2.407322721464,7.452044690874636,none
sys_0427,5717821,1,1,0,0.9421875,5352.397463652159,4.402043182110448,1251.7159079124071,0.0,0.0,none
sys_0428,5068460,1,1,0,0.9421875,5920.560834330368,4.321455057771575,17598.162422074794,0.0,0.0,none
sys_0429,5675189,3,1,1,1.1203125,6301.404414989723,4.3525835560030925,1103.9254096219986,3.834155093158681,2.4724348305152817,none
sys_0430,3546430,1,1,0,1.171875,6391.531701506534,4.273195103449927,3513.168906471788,0.0,0.0,none
sys_0431,5936534,2,0,1,1.0921875,5589.947985104564,4.28647585850446,0.0,2.249026257603328,24.5641394979606,none
sys_0432,7635076,1,1,0,1.08515625,6279.133202757432,4.263139759458452,621.7335491933115,0.0,0.0,none
sys_0433,8451160,1,1,0,1.156640625,6002.220527195948,4.089608236726311,18255.87133862072,0.0,0.0,none
sys_0434,9226199,1,1,0,1.17421875,6248.395011016118,4.257637427161514,574.7651711319771,0.0,0.0,none
sys_0435,6112362,0,0,0,0.95625,5808.16129649714,4.401558159463852,0.0,0.0,0.0,none
sys_0436,2396039,0,0,0,1.044140625,5788.021695573332,4.474824365511608,0.0,0.0,0.0,none
sys_0437,9763728,2,0,1,1.0546875,5863.2969615808215,4.506971076877802,0.0,29.0022665783745,3.55043878590346,none
sys_0438,5338910,1,1,0,1.18359375,6570.24060648839,4.231193277814686,3075.207642358372,0.0,0.0,none
sys_0439,1307042,2,0,1,0.90234375,5462.221961269018,4.55070928095309,0.0,13.738069171636685,0.6123199563587676,none
sys_0440,8965728,2,0,1,0.94921875,5825.673567214977,4.504802823353586,0.0,34.45808898794662,3.2815928260119485,none
sys_0441,1437914,2,0,1,0.9328125,5860.033395644038,4.445480037124209,0.0,25.69592816414411,5.443566648873135,none
sys_0442,1846774,2,0,1,1.194140625,6536.186924560976,4.206362582941374,0.0,20.37695368423734,0.8491499610928396,none
sys_0443,9227173,0,0,0,1.0921875,4434.175625294791,3.8837527835432,0.0,0.0,0.0,none
sys_0444,4462799,2,0,1,1.03125,6003.293048462773,4.043526478610754,0.0,15.062822574716748,2.328783228542912,none
sys_0445,1880542,1,1,0,1.09453125,6245.248173427756,4.3683531113576,669.5211178183479,0.0,0.0,none
sys_0446,9825876,0,0,0,0.97734375,5654.45365018356,4.4511977305733,0.0,0.0,0.0,none
sys_0447,6825308,1,1,0,0.91875,5742.540707328124,4.322863926044888,5782.5326472277775,0.0,0.0,none
sys_0448,5387431,2,0,1,1.08515625,5739.670150386088,4.279918949963433,0.0,24.26879788671553,1.1286128714983197,none
sys_0449,1805737,1,1,0,0.95859375,5780.982878150313,4.369679893530247,621.5388093667162,0.0,0.0,none
sys_0450,5633562,1,1,0,1.0078125,4756.645703143949,4.352094492515099,1682.074637206561,0.0,0.0,none
sys_0451,7707510,0,0,0,0.97734375,5691.057677959212,4.198747014903147,0.0,0.0,0.0,none
sys_0452,7922963,2,0,1,1.053515625,6205.141292637228,4.262858775254666,0.0,19.870283317016664,4.749347328963203,none
sys_0453,7582830,2,0,1,1.01015625,5739.255415406669,4.483240413375471,0.0,19.596418816302695,2.593017027176756,none
sys_0454,6094499,1,1,0,0.9328125,5919.946205504594,4.2717011316832885,752.3478821059872,0.0,0.0,none
sys_0455,4804343,0,0,0,1.03125,6093.972276994079,4.461904440041651,0.0,0.0,0.0,none
sys_0456,1759577,3,1,1,1.0453125,6054.246289519744,4.4041487852353125,5929.085313846715,3.8539042802488326,0.5236988247208848,none
sys_0457,6763445,2,0,1,1.0125,5838.281529154949,4.395820448453884,0.0,65.4023917832799,0.2425836162547991,none
sys_0458,1100624,1,1,0,0.9515625,5720.596110682888,4.523337019451176,1060.4187487771808,0.0,0.0,none
sys_0459,5034738,0,0,0,1.01015625,4539.018697216489,4.336364942048324,0.0,0.0,0.0,none
sys_0460,5719081,0,0,0,0.928125,5393.027872650109,4.525915262808518,0.0,0.0,0.0,none
sys_0461,2991122,3,1,1,1.0359375,5807.162861493961,4.328009292114826,17220.832981762313,14.228565876824844,5.016498988650757,none
sys_0462,2994170,1,1,0,1.16484375,4456.446279374492,3.827794641442384,4556.815915028481,0.0,0.0,none
sys_0463,2740784,1,1,0,1.166015625,4404.206937916113,3.8865334633009936,14022.7028616727,0.0,0.0,none
sys_0464,2664721,3,1,1,1.147265625,6067.964332962179,4.019697489166086,3519.748579939898,33.0854755660222,2.5561345216538647,none
sys_0465,7796935,0,0,0,1.096875,6313.308429118155,4.4380390454883525,0.0,0.0,0.0,none
sys_0466,8391532,3,1,1,1.08515625,6285.653047934199,4.276674630685685,14301.273943579248,18.993485386075324,7.676122386345956,none
sys_0467,8182815,0,0,0,0.90703125,5683.381898152605,4.32495346816702,0.0,0.0,0.0,none
sys_0468,5622512,0,0,0,1.04296875,5860.839626428143,4.308637136043816,0.0,0.0,0.0,none
sys_0469,8187045,0,0,0,1.18828125,6186.505038872055,4.327212705291414,0.0,0.0,0.0,none
sys_0470,4278727,1,1,0,1.06171875,5997.380534573537,4.485619913157263,1910.311448754359,0.0,0.0,none
sys_0471,4733446,0,0,0,1.0125,5797.379534029203,4.159631740621713,0.0,0.0,0.0,none
sys_0472,6557295,1,1,0,1.096875,6377.171494592123,4.345474120732869,9170.316310125609,0.0,0.0,none
sys_0473,2372046,0,0,0,0.92109375,5571.986900347476,4.5495126103674055,0.0,0.0,0.0,none
sys_0474,2730414,1,1,0,0.997265625,4425.570078504591,4.275387998641835,6118.779279511977,0.0,0.0,none
sys_0475,3060788,3,1,1,0.903515625,5398.938616348008,4.48416710773148,1099.783362772517,8.100600986653818,4.909939095109514,none
sys_0476,2022811,0,0,0,1.10625,6114.142137969996,4.284157439084546,0.0,0.0,0.0,none
sys_0477,8336234,2,0,1,0.99609375,5094.206402803001,4.370982579269282,0.0,8.496203687038921,4.2800554983979175,none
sys_0478,6496021,0,0,0,1.10859375,6231.032429275474,4.349960236039556,0.0,0.0,0.0,none
sys_0479,5543377,2,0,1,0.94453125,5746.7826454113965,4.447764279307782,0.0,53.44303338559406,4.331597343831703,none
sys_0480,8406646,3,1,1,0.9421875,5714.02370952584,4.541954819246743,2639.888623078115,38.26989331380864,0.6540062603001897,none
sys_0481,7435179,1,1,0,1.194140625,6597.250095186308,4.257604843689095,557.5158756188681,0.0,0.0,none
sys_0482,2526923,1,1,0,1.166015625,6190.728674235747,4.317417180073876,14581.188406959356,0.0,0.0,none
sys_0483,6253232,2,0,1,0.91875,4410.293224760124,4.361014312211627,0.0,39.99597577814022,3.1127819972282724,none
sys_0484,1471196,3,1,1,1.08046875,5789.0130188967005,4.480808590715528,11658.316092080868,15.53055864812283,2.279707076546247,none
sys_0485,9367131,3,1,1,0.93046875,5674.255435579597,4.536483970643228,6440.12919195469,5.457169090064882,5.444362054797793,none
sys_0486,4904604,3,1,1,1.0546875,5886.539642802531,4.490664003119099,15419.435093834834,18.40410914423529,0.6018543106274745,none
sys_0487,3246472,0,0,0,1.17421875,6247.928856300644,4.376763570023957,0.0,0.0,0.0,none
sys_0488,6547702,3,1,1,1.0921875,6068.664739984192,4.304104242313481,4844.677395076215,95.88492002779589,1.5006606361040318,none
sys_0489,9406183,3,1,1,1.14375,6315.0203073161,4.377131149920617,7024.667641319975,2.1740217555489743,0.2173991046080043,none
sys_0490,7979730,1,1,0,1.03125,6153.631547039956,4.214960750487089,4502.585676881899,0.0,0.0,none
sys_0491,6284208,3,1,1,1.044140625,4420.953601235638,4.302157260333037,15295.221062535336,8.189165160622832,1.59735003158953,none
sys_0492,1541005,0,0,0,0.94453125,4171.955325115278,4.094113607837867,0.0,0.0,0.0,none
sys_0493,2968168,3,1,1,1.091015625,5890.197762054242,4.064050263568791,4211.838810746862,56.11975368131147,3.81597475160992,none
sys_0494,2574878,2,0,1,0.95625,5725.806109303463,4.483676876813019,0.0,24.058055822373383,9.314098627791475,none
sys_0495,5212028,3,1,1,0.99609375,5947.162117973324,4.311552047472472,2197.280171283452,47.49628206328294,1.663189313025513,none
sys_0496,4590324,3,1,1,1.156640625,6047.891085068891,4.445533207056773,765.0078500887456,28.31674002586241,3.928713167835424,none
sys_0497,4165503,3,1,1,1.034765625,5077.362900397811,4.358055516121083,4729.010833954432,5.867115531041893,2.329474984758422,none
sys_0498,7158485,3,1,1,1.04296875,5753.575140325408,4.473026137428638,9897.699207794094,3.647485386657634,2.5817891991501147,none
sys_0499,6611741,3,1,1,1.10390625,6207.083479647148,4.414985774290907,1879.8626465373047,20.371156363303204,1.5744450268273362,none
sys_0500,9269854,2,0,1,1.04296875,5862.429511927886,4.3235398719748765,0.0,19.86873733100262,0.9220362127663256,none
sys_0501,4349735,2,0,1,1.0078125,5948.641412916342,4.353736907944407,0.0,37.49207295623332,1.1843062796361894,none
sys_0502,4599274,3,1,1,1.04296875,5740.407287734119,4.481834432750701,1730.8377228595828,27.372335164281072,0.5933005075592672,none
sys_0503,3557674,3,1,1,1.0078125,5933.983929893889,4.386311324870039,15915.012851327254,4.98611721857351,1.3644658132117753,none
sys_0504,8780017,2,0,1,1.194140625,6536.638337962929,4.206628011061828,0.0,55.25776572551419,0.6653802934502455,none
sys_0505,3239345,2,0,1,1.166015625,6129.312257846308,4.234070583544891,0.0,66.42299720918903,6.440063746778256,none
sys_0506,9828434,2,0,1,0.92109375,4360.331779993561,3.602220487261885,0.0,5.267564363132784,0.2391622468650641,none
sys_0507,5734049,3,1,1,0.94453125,4166.492285895392,4.143833139560353,5255.965582309691,9.84338227285785,3.2510422544284108,none
sys_0508,9357643,3,1,1,1.1859375,6439.645468513967,4.20944022368825,8221.03639219683,13.663648139154946,2.589065738865086,none
sys_0509,4561573,3,1,1,1.1765625,6237.80435383892,4.243705481516307,4798.449471671413,12.124184859842828,2.4686073343407164,none
sys_0510,5455126,0,0,0,0.9328125,5903.224742055312,4.218447189641956,0.0,0.0,0.0,none
sys_0511,3091624,2,0,1,1.194140625,6606.739675315711,4.275995317247956,0.0,3.0323704739417314,5.632253993705953,none
sys_0512,1343076,2,0,1,1.1203125,4592.662260590101,4.206059743636043,0.0,4.956551025532239,1.2468126213793878,none
sys_0513,2229325,2,0,1,1.13671875,6339.007312438847,4.348242052475648,0.0,13.338699247936832,2.6233389892520096,none
sys_0514,8040059,2,0,1,1.18359375,6515.737025126759,4.195057068777218,0.0,2.964344821894055,0.654267278187355,none
sys_0515,9103546,3,1,1,1.0125,4329.8957047200365,3.739333385385738,937.8060363239877,5.152309276686247,1.109069767222664,none
sys_0516,6775342,1,1,0,1.147265625,6267.736021768807,4.270117248940237,843.0504907067599,0.0,0.0,none
sys_0517,1246470,3,1,1,1.171875,4547.830538279368,3.898580048407908,504.6085021640326,2.49360115324971,1.2304797546744186,none
sys_0518,5823600,3,1,1,1.034765625,5907.315527957248,4.26181349590384,3847.76399253928,9.68564014895226,0.6085077348504948,none
sys_0519,7380305,3,1,1,1.096875,6300.9017802506205,4.132955082879022,5118.830831866644,2.799629952271656,6.995108797249618,none
sys_0520,4409219,2,0,1,1.166015625,6153.295241541417,4.397393616533147,0.0,19.015553407055062,0.7056202033360457,none
sys_0521,9328656,3,1,1,1.14375,6118.694595507772,4.012074741623901,5706.272832817653,11.226407739443337,13.263915821509803,none
sys_0522,3824674,0,0,0,1.194140625,5897.613753925102,4.174413226272534,0.0,0.0,0.0,none
sys_0523,3179860,0,0,0,1.15546875,4500.2842399456895,3.7053070864248263,0.0,0.0,0.0,none
sys_0524,9821838,0,0,0,1.053515625,6218.1308703263785,4.298129577572968,0.0,0.0,0.0,none
sys_0525,5961856,1,1,0,1.021875,5919.053660256213,4.205374912950656,6372.364706991006,0.0,0.0,none
sys_0526,2073765,0,0,0,0.9890625,5660.886573164477,4.1441394863696175,0.0,0.0,0.0,none
sys_0527,3615657,3,1,1,1.0171875,5959.063519795866,4.479695999211849,1286.1290818863367,21.644366739302413,5.467445625061145,none
sys_0528,8640287,3,1,1,1.044140625,5605.248826778934,4.375330920650724,4129.196446012549,7.609451588827217,1.162759906810845,none
sys_0529,8463392,0,0,0,1.13671875,6338.922724284568,4.26485895525814,0.0,0.0,0.0,none
sys_0530,9824913,2,0,1,1.109765625,6290.760040104294,4.1671481411066535,0.0,16.55594837619263,0.7423971062367577,none
sys_0531,2527545,1,1,0,1.02421875,4377.98457159431,3.87269646890929,1759.1730705120242,0.0,0.0,none
sys_0532,9691042,2,0,1,1.091015625,6008.303782186082,4.188493558799275,0.0,6.509101878263171,0.3549323746263597,none
sys_0533,4332704,1,1,0,1.096875,6372.990406826757,4.356757021862324,8852.912609483697,0.0,0.0,none
sys_0534,6960524,3,1,1,1.147265625,6244.399166033697,4.2467739775621,3255.763896500043,14.701421067389056,1.4620547633959458,none
sys_0535,8828825,1,1,0,1.053515625,5100.429644756481,4.312062913696173,10169.435531898496,0.0,0.0,none
sys_0536,7133302,1,1,0,1.147265625,6251.934911575468,4.386695334134285,1612.0456010092332,0.0,0.0,none
sys_0537,5507968,1,1,0,1.194140625,6502.332450887925,4.18730881052184,12890.800107087218,0.0,0.0,none
sys_0538,1504888,2,0,1,1.07109375,6088.312666226258,4.325199744453753,0.0,2.2962014365892967,0.8278350999590078,none
sys_0539,6236114,3,1,1,1.16484375,6134.45484268281,4.186474233817794,3120.7916806359835,42.755900619017474,0.3369166896324136,none
sys_0540,4477970,1,1,0,1.04296875,5773.883315339186,4.458307284230657,10754.236425365358,0.0,0.0,none
sys_0541,5782395,3,1,1,0.9515625,5891.927584020091,4.351753542088461,9620.647679181704,68.15755192377802,2.676601207160991,none
sys_0542,4774955,1,1,0,1.18828125,6121.650528801202,4.229795539348219,3019.014090968193,0.0,0.0,none
sys_0543,9882766,2,0,1,1.1906249999999998,6163.833526800556,4.256690251190234,0.0,26.056804577941183,3.65310037546786,none
sys_0544,8991955,2,0,1,1.03125,6123.427699405164,4.433712361562217,0.0,23.522890481771004,9.985506083948133,none
sys_0545,1866393,0,0,0,1.00078125,4990.924024816395,4.383236788237072,0.0,0.0,0.0,none
sys_0546,2304977,2,0,1,1.147265625,6221.555506619867,4.231235970265545,0.0,4.490946692966557,0.4669840554256643,none
sys_0547,7647727,2,0,1,1.16015625,5998.633132713493,4.2481995399501775,0.0,3.768421679701018,2.3011644159656037,none
sys_0548,4265439,3,1,1,1.18359375,6513.110160168326,4.193560543233677,11190.67834747614,77.74350614115063,0.542939465383393,none
sys_0549,6602853,1,1,0,1.0546875,6007.827046072323,4.27719404231692,1476.6972620762274,0.0,0.0,none
sys_0550,1766753,1,1,0,1.0734375,6000.903697317986,4.20045883072468,4435.20674772823,0.0,0.0,none
sys_0551,5252169,3,1,1,1.081640625,6128.259250867971,4.328841063186087,1144.270202442581,11.012297027250574,0.912405686397334,none
sys_0552,2543320,0,0,0,1.18828125,6172.387328745712,4.364711308317956,0.0,0.0,0.0,none
sys_0553,9630750,2,0,1,0.94921875,5936.135934729276,4.400224410723188,0.0,3.1617437273708924,0.976534902889308,none
sys_0554,2795870,2,0,1,0.997265625,5966.37967555578,4.3972649279816185,0.0,11.805652006838535,0.3042288380446788,none
sys_0555,4640955,2,0,1,0.9375,5405.493189854894,4.542274707236023,0.0,16.519926870676223,1.9974509057557257,none
sys_0556,9470619,3,1,1,1.1203125,6259.937476836745,4.1913432633107375,910.161959046992,7.838183776444194,19.01538597178495,none
sys_0557,9106651,2,0,1,1.11328125,6145.943310684129,4.405767116161801,0.0,11.252456620251552,2.570725106141242,none
sys_0558,2254434,1,1,0,1.11328125,5996.874588362357,4.038550032924896,8279.863400482789,0.0,0.0,none
sys_0559,5646869,2,0,1,1.06875,6107.278115799008,4.456219956224757,0.0,2.717368549940825,0.9115709880147788,none
sys_0560,3556971,2,0,1,1.05703125,5951.026049625114,4.376985774574313,0.0,6.866750938262851,3.860985949207847,none
sys_0561,8741481,3,1,1,1.194140625,6487.47941681028,4.179536852334909,2602.2299702623604,78.3972621150667,2.660958612591661,none
sys_0562,4180556,3,1,1,1.07109375,6047.223177861901,4.4114480385372925,946.4043320387495,2.9365472955400325,1.7918404648442647,none
sys_0563,3943559,3,1,1,0.95625,5749.883316022619,4.46529885098156,4350.573234091502,17.671278664918795,1.9296863398694384,none
sys_0564,9329146,0,0,0,1.0125,5722.3535523057135,4.49973750645488,0.0,0.0,0.0,none
sys_0565,7389925,1,1,0,1.1765625,6261.857632758926,4.2664265960405015,711.8655356427158,0.0,0.0,none
sys_0566,6307438,0,0,0,0.9515625,5891.234652203915,4.283309377545932,0.0,0.0,0.0,none
sys_0567,1789537,0,0,0,1.10859375,6130.292975686903,4.460938813677673,0.0,0.0,0.0,none
sys_0568,2079521,1,1,0,1.16015625,6173.436488752868,4.091603615118873,9577.291588723974,0.0,0.0,none
sys_0569,2325223,0,0,0,0.9421875,4392.632567655954,4.302342097797349,0.0,0.0,0.0,none
sys_0570,8479693,0,0,0,1.08984375,5943.179594815585,4.225920205962873,0.0,0.0,0.0,none
sys_0571,4725861,1,1,0,1.02890625,5894.322629097818,4.370476190425151,652.6929859992451,0.0,0.0,none
sys_0572,9954910,0,0,0,1.0546875,6009.3295911848645,4.353339316330871,0.0,0.0,0.0,none
sys_0573,4936315,2,0,1,1.0734375,4396.068266112384,3.689605769630756,0.0,30.860317178298708,4.320237342180831,none
sys_0574,7855649,3,1,1,0.90703125,5510.392349191778,4.518211071829044,875.4087422536797,5.51730105321555,5.604187677412481,none
sys_0575,5934338,1,1,0,1.194140625,6526.730550310788,4.200767770309876,7630.829478344718,0.0,0.0,none
sys_0576,3325692,3,1,1,0.903515625,5302.909604745045,4.5339307922679,568.0281677035514,2.923467849370613,2.3192796438511563,none
sys_0577,2538662,1,1,0,1.02421875,5193.978601250616,4.366071092478224,1629.2059881406233,0.0,0.0,none
sys_0578,6561008,0,0,0,1.147265625,6244.742769147486,4.247048655242666,0.0,0.0,0.0,none
sys_0579,8580223,3,1,1,1.10390625,6097.001052217263,4.05867407140681,7564.254583027995,5.816606375323167,0.7811613153336392,none
sys_0580,9545800,0,0,0,1.17421875,6200.155137330517,4.223958556555421,0.0,0.0,0.0,none
sys_0581,7739146,2,0,1,1.08046875,5908.626185583712,4.340036971271042,0.0,3.744463444949673,0.3693968343412561,none
sys_0582,4425763,3,1,1,1.04296875,5844.390435471143,4.252207405991763,3123.480527903334,90.1386157900919,2.412830091377991,none
sys_0583,5467677,2,0,1,1.14375,5553.942415396121,4.264611795457853,0.0,32.502266351349384,0.8558294838503421,none
sys_0584,5321919,0,0,0,1.02890625,5867.065452596199,4.198495959584683,0.0,0.0,0.0,none
sys_0585,9918833,3,1,1,0.96796875,5722.425714933149,4.353577986958864,9576.451853857665,7.929586809780965,2.749457645712054,none
sys_0586,6924568,0,0,0,1.0640625,6295.092177781736,4.335811276913191,0.0,0.0,0.0,none
sys_0587,7808470,2,0,1,0.95859375,5701.375710439866,4.464835800237416,0.0,68.23922160279729,1.748810255411732,none
sys_0588,6818744,1,1,0,0.95625,4541.05379643848,4.36161199606908,1971.741839008168,0.0,0.0,none
sys_0589,1732587,0,0,0,1.13671875,6319.071148779755,4.386241318408,0.0,0.0,0.0,none
sys_0590,6240272,1,1,0,1.0125,4391.476407646482,4.308148187868617,1106.1318721897912,0.0,0.0,none
sys_0591,9272494,1,1,0,1.17421875,6178.167306658181,4.2119798038463445,1043.4331834386742,0.0,0.0,none
sys_0592,2459372,1,1,0,0.99609375,5837.254506607501,4.479562070151332,15436.346251013929,0.0,0.0,none
sys_0593,1462181,2,0,1,1.1859375,6375.543861083632,4.0739021707390215,0.0,2.298679816169696,4.657882930224112,none
sys_0594,9306363,0,0,0,0.92109375,4332.765323322208,3.707385616675437,0.0,0.0,0.0,none
sys_0595,5284872,2,0,1,1.05703125,5933.633749060683,4.214358840569724,0.0,19.03766750534546,2.6181406668951293,none
sys_0596,6201443,2,0,1,0.98203125,6018.876905408313,4.361232676288269,0.0,12.44510544826267,0.3946364818397617,none
sys_0597,7200405,3,1,1,0.98671875,5903.898574251116,4.317978622289785,7659.288925281895,2.976982255232965,12.857270499435652,none
sys_0598,5167316,1,1,0,0.903515625,5403.1061380598685,4.48150589620289,6598.194266013838,0.0,0.0,none
sys_0599,7362012,3,1,1,1.08984375,4289.065614850536,3.958703664130047,730.8334113003469,39.78153015985235,1.1631727042767606,none
sys_0600,2124841,1,1,0,1.003125,5778.963935565862,4.511320685458422,2863.463222822492,0.0,0.0,none
sys_0601,5966570,0,0,0,1.06875,6151.3106918024,4.19355018531076,0.0,0.0,0.0,none
sys_0602,4448614,0,0,0,1.1296875,6363.919956014198,4.3184454894717,0.0,0.0,0.0,none
sys_0603,8223065,3,1,1,1.1906249999999998,6120.452336271846,4.422645897517892,814.9498916922848,11.880922433600915,1.573657006494792,none
sys_0604,1535765,1,1,0,1.1906249999999998,6029.035210356098,4.429576818525276,6711.955436779988,0.0,0.0,none
sys_0605,8779704,0,0,0,1.1906249999999998,6176.366580708109,4.269057963981623,0.0,0.0,0.0,none
sys_0606,3017191,0,0,0,1.166015625,6119.366968813297,4.228346947790104,0.0,0.0,0.0,none
sys_0607,7477497,3,1,1,0.94921875,5894.909551946825,4.450184047674219,1851.254402667336,42.86242687832871,3.205336062009887,none
sys_0608,4322710,1,1,0,1.0453125,6082.370742800369,4.281925394337464,17284.35128187138,0.0,0.0,none
sys_0609,2642605,2,0,1,1.081640625,6025.0916561129,4.4685940211520565,0.0,20.603942018352967,2.78416459677328,none
sys_0610,3877795,0,0,0,1.18828125,6166.591894536276,4.260311260721454,0.0,0.0,0.0,none
sys_0611,7861938,1,1,0,0.9046875,5353.61026352449,4.529722273824662,1067.3176825928954,0.0,0.0,none
sys_0612,7648428,2,0,1,1.16953125,6383.294386752296,4.374088018291092,0.0,2.121672053436416,0.5112103571546683,none
sys_0613,7303253,1,1,0,1.11328125,6151.106726117845,4.224851524619701,6677.886760426996,0.0,0.0,none
sys_0614,2429644,2,0,1,0.94921875,5963.2254629130775,4.285837091144616,0.0,45.09349011891384,0.6861631700832477,none
sys_0615,3203232,2,0,1,0.90703125,5409.315477297889,4.565002831737743,0.0,15.51709432482065,2.785935629887644,none
sys_0616,6419509,0,0,0,1.06171875,6109.894869365293,4.257057134999837,0.0,0.0,0.0,none
sys_0617,6702252,3,1,1,1.15546875,6205.11497573764,4.199684346481304,683.9507864410737,19.03448961733359,0.4446762732100257,none
sys_0618,3471379,0,0,0,1.08046875,5828.239305271235,4.452517717636372,0.0,0.0,0.0,none
sys_0619,2411516,0,0,0,1.0078125,5815.776083627809,4.499559991065926,0.0,0.0,0.0,none
sys_0620,1101599,2,0,1,0.9421875,5867.997939215834,4.173563601503099,0.0,12.64712355569543,2.0460837216423817,none
sys_0621,2342494,1,1,0,1.14140625,6129.932983294408,4.2602363409666655,824.6613568404642,0.0,0.0,none
sys_0622,5554034,0,0,0,0.94453125,5806.861016209232,4.25953857250099,0.0,0.0,0.0,none
sys_0623,3557899,0,0,0,1.11328125,6145.943310684129,4.405767116161801,0.0,0.0,0.0,none
sys_0624,7671359,3,1,1,1.10390625,6219.726316052557,4.2245349748680825,645.0729570875478,6.771811086351904,0.433258573507193,none
sys_0625,5068445,3,1,1,1.1906249999999998,6163.393189581583,4.256336571645834,2374.995140055603,19.883475137908206,3.3831605215180547,none
sys_0626,6059458,2,0,1,1.109765625,4518.076504887413,3.990590200249641,0.0,31.479302203032976,2.065503699304197,none
sys_0627,9970372,2,0,1,1.09453125,6229.442047215188,4.217859233990681,0.0,34.26516690853925,0.56770430046589,none
sys_0628,3412011,2,0,1,1.04296875,5740.701223809474,4.481629475369282,0.0,5.396054570705909,1.3406845660461142,none
sys_0629,2063501,1,1,0,1.08984375,5972.500154855903,4.3292296842803735,6353.815445362714,0.0,0.0,none
sys_0630,9043432,0,0,0,1.1906249999999998,6074.257606131063,4.203853898788879,0.0,0.0,0.0,none
sys_0631,1328081,3,1,1,1.05703125,5933.633749060683,4.214358840569724,703.3325563399007,6.771508015596812,1.964380568589714,none
sys_0632,7985180,0,0,0,1.0078125,5792.914305535463,4.51392667996562,0.0,0.0,0.0,none
sys_0633,3659681,1,1,0,1.044140625,5807.289122790527,4.138456463734848,6550.459922777842,0.0,0.0,none
sys_0634,2146709,3,1,1,1.08515625,6265.533830785336,4.384100314943737,1013.4889007056184,32.069490436768945,0.4926002635255521,none
sys_0635,9872798,2,0,1,1.1859375,6374.182719314613,4.174486630154952,0.0,4.49526461263649,0.7093795335320682,none
sys_0636,2895168,0,0,0,0.928125,4152.33193656277,3.793919071927441,0.0,0.0,0.0,none
sys_0637,4410804,3,1,1,1.06640625,6004.8467926681615,4.2746023261767,3792.494684771411,13.112165586345514,1.4942866865534683,none
sys_0638,5409347,1,1,0,1.06875,6101.123095517264,4.46147528607108,10799.604066543585,0.0,0.0,none
sys_0639,5798804,0,0,0,1.17421875,6114.842565150409,4.0656516250239605,0.0,0.0,0.0,none
sys_0640,5168689,3,1,1,0.94453125,4895.68095033328,4.393618520886745,16566.434411842558,86.38470091099055,1.4462571150371029,none
sys_0641,7173610,0,0,0,1.17421875,6259.243873499966,4.27029192555625,0.0,0.0,0.0,none
sys_0642,9877515,0,0,0,1.1906249999999998,6136.047800128971,4.4127221830700325,0.0,0.0,0.0,none
sys_0643,4628188,1,1,0,1.0125,5837.634486346307,4.396823901995441,954.8212818904794,0.0,0.0,none
sys_0644,7046555,0,0,0,1.01015625,5843.011303198604,4.380426436542538,0.0,0.0,0.0,none
sys_0645,4890675,0,0,0,0.922265625,4563.412185495722,4.382722351215221,0.0,0.0,0.0,none
sys_0646,4972282,0,0,0,1.18359375,6407.752307432581,4.026680858759859,0.0,0.0,0.0,none
sys_0647,8329449,0,0,0,0.928125,5293.633372084656,4.568283819304757,0.0,0.0,0.0,none
sys_0648,6556693,0,0,0,1.0921875,4437.211710952004,3.871774127634896,0.0,0.0,0.0,none
sys_0649,3691531,0,0,0,0.92109375,5581.531581619736,4.5449441246844255,0.0,0.0,0.0,none
sys_0650,8821529,1,1,0,1.14140625,6091.234755923027,4.177947508007023,19285.708954618192,0.0,0.0,none
sys_0651,9298270,1,1,0,1.16015625,5561.002831124708,4.273508948157556,1422.8366719519342,0.0,0.0,none
sys_0652,3014556,3,1,1,0.9046875,5564.528895857222,4.312638448052871,3019.042652011995,12.502889733193928,1.2653827619008369,none
sys_0653,4293244,2,0,1,1.14375,4555.931810577914,3.589156021226198,0.0,22.155337915438317,1.06924279205629,none
sys_0654,8731830,1,1,0,1.0453125,6049.75215408708,4.410125830438616,2405.289714137404,0.0,0.0,none
sys_0655,1698176,2,0,1,1.034765625,5839.247451139616,4.455778309179002,0.0,50.3367967631803,4.234077473507562,none
sys_0656,6917391,3,1,1,1.18359375,6564.241050962778,4.226397881142225,3782.4422815673097,84.38605199092213,0.9811042478611712,none
sys_0657,8628126,2,0,1,1.1847656249999998,6296.820303034756,4.176555510808322,0.0,66.88709334941284,0.6332449313434516,none
sys_0658,2678356,0,0,0,1.0640625,6262.606983100474,4.402839594258393,0.0,0.0,0.0,none
sys_0659,9193406,0,0,0,1.1765625,6253.752532929997,4.257195667585281,0.0,0.0,0.0,none
sys_0660,2174109,1,1,0,1.14375,6269.129181844631,4.166849531235949,757.5633778017889,0.0,0.0,none
sys_0661,9083121,0,0,0,1.16015625,6210.228159079936,4.13406777122625,0.0,0.0,0.0,none
sys_0662,6064252,3,1,1,0.997265625,5895.339888177842,4.472505705688959,2139.046464456233,7.81973445601863,1.760926391233684,none
sys_0663,7794225,0,0,0,0.975,5289.123671375286,4.3663870003781176,0.0,0.0,0.0,none
sys_0664,7308354,3,1,1,1.17421875,6213.374699020176,4.231691593468137,1332.409511134911,42.25113662051536,0.6897213802008754,none
sys_0665,5144747,2,0,1,1.1765625,6198.719531311757,4.219356606985787,0.0,54.64924452341515,4.5267812566598,none
sys_0666,1947730,0,0,0,0.99609375,4326.3732082097295,3.886390191013044,0.0,0.0,0.0,none
sys_0667,7845811,1,1,0,1.1765625,6261.666255229769,4.266170014768018,2562.779223883172,0.0,0.0,none
sys_0668,3540643,1,1,0,0.903515625,5271.3555904062605,4.547355321610841,1591.3731513011523,0.0,0.0,none
sys_0669,2151513,3,1,1,1.16484375,6107.158247031991,4.367844188846702,2009.351342634401,78.67952370129312,2.7645096302541683,none
sys_0670,4621536,2,0,1,1.003125,5817.709210206309,4.486386698982229,0.0,2.6615361666974784,0.6751249178849541,none
sys_0671,1911684,1,1,0,1.08046875,5329.192195656297,4.358002359212743,633.3885446272872,0.0,0.0,none
sys_0672,2061853,0,0,0,0.98671875,5854.363979322533,4.425710111482253,0.0,0.0,0.0,none
sys_0673,6155935,2,0,1,1.003125,4269.127163270145,4.002314073611645,0.0,6.706826205019103,4.755637780478939,none
sys_0674,7512667,3,1,1,1.1906249999999998,6188.886949415263,4.2927032394198585,1686.1097651750254,49.67038398352525,2.4152811181268152,none
sys_0675,8250710,3,1,1,1.06875,6154.907515199423,4.200882290597584,7097.1095872782535,41.13206467340203,1.8271696786980975,none
sys_0676,4225073,2,0,1,1.15546875,6234.176709970716,4.376047706575268,0.0,24.39308490867417,1.6391730881613165,none
sys_0677,2336800,3,1,1,1.0078125,4357.291636643171,3.8324429369719617,3803.10013222593,87.61700763556163,1.1255175419381511,none
sys_0678,2368113,2,0,1,0.978515625,5854.886422601658,4.373247479373052,0.0,13.325254802953054,0.3715138734954651,none
sys_0679,8091397,2,0,1,0.922265625,5768.410595123419,4.32550795568882,0.0,56.61126565105906,1.2737784599946047,none
sys_0680,6102889,2,0,1,0.9421875,5810.365133408042,4.482436202539833,0.0,2.0077114382031462,16.229209808362246,none
sys_0681,9316973,1,1,0,1.194140625,6545.899187613735,4.212432765026796,10887.788599942423,0.0,0.0,none
sys_0682,1883014,3,1,1,1.1859375,6359.185870275642,4.166350639332706,945.5873496095368,2.451542853871392,2.4453746565472745,none
sys_0683,1068447,1,1,0,1.034765625,5758.81954829109,4.506948417290957,8763.371288266826,0.0,0.0,none
sys_0684,4583987,1,1,0,1.171875,6204.0639852481245,4.032434747898372,979.3153521373332,0.0,0.0,none
sys_0685,7258078,1,1,0,0.97734375,5523.151126546266,4.532397794622437,1187.9266499963696,0.0,0.0,none
sys_0686,7349242,3,1,1,1.06875,6110.613665517905,4.453289553973247,846.3415462129959,39.78049567783725,1.0427578854550963,none
sys_0687,5342238,3,1,1,1.147265625,6246.3441917269765,4.24828472677197,4503.722338899318,7.108518701839572,4.34081890539762,none
sys_0688,7365673,1,1,0,0.98671875,5903.2984261453,4.33075028492217,11861.83281872587,0.0,0.0,none
sys_0689,6245843,0,0,0,1.1953125,6487.195220363547,4.220033494955713,0.0,0.0,0.0,none
sys_0690,9629814,0,0,0,0.97734375,5674.064396550669,4.432773500237205,0.0,0.0,0.0,none
sys_0691,3571471,2,0,1,1.053515625,6218.371355536255,4.301330056110211,0.0,3.757912497178733,1.4753658589301843,none
sys_0692,4574683,1,1,0,0.92578125,5412.644228024149,4.5451421771929,7564.835001963399,0.0,0.0,none
sys_0693,5933869,3,1,1,1.14375,6152.955710084034,4.037594906615767,4394.477975628887,85.04125449856681,0.8476378940349064,none
sys_0694,6378687,2,0,1,0.94921875,5942.004388120239,4.390744206233968,0.0,25.829395570121573,0.7574090403990851,none
sys_0695,3752339,2,0,1,1.18359375,6527.574134705739,4.20194906086706,0.0,9.29946148248055,0.1946571452626918,none
sys_0696,9266731,1,1,0,1.1859375,6464.180118272368,4.225210733960236,2652.003895156668,0.0,0.0,none
sys_0697,2240181,1,1,0,1.115625,5955.639292486599,4.46720759951118,17008.99379191646,0.0,0.0,none
sys_0698,9936640,0,0,0,0.94453125,5674.892401745479,4.50146369007805,0.0,0.0,0.0,none
sys_0699,1185360,2,0,1,0.984375,5905.55195504139,4.4333389264935175,0.0,16.7645299474875,5.332857297965164,none
sys_0700,5339001,2,0,1,1.1859375,4613.067470943123,3.53547460620062,0.0,4.801472695470888,2.6741648641993394,none
sys_0701,3651228,0,0,0,0.9890625,5738.31095742022,4.273485848525209,0.0,0.0,0.0,none
sys_0702,4994762,3,1,1,0.97265625,5972.01261371031,4.234904407318803,8417.307384943068,23.18238603232095,0.4745582370288252,none
sys_0703,1961827,1,1,0,1.18828125,6164.057000916862,4.258010121467499,1289.6738592199702,0.0,0.0,none
sys_0704,3968016,3,1,1,1.16484375,6006.024324574566,4.046679763784163,13713.122457829812,2.2385734861471205,3.1295287360667903,none
sys_0705,3713965,0,0,0,1.091015625,5927.382654051052,4.093089459685812,0.0,0.0,0.0,none
sys_0706,6566861,2,0,1,1.166015625,6170.258175776238,4.263017914534144,0.0,5.738232888560082,3.20261547005778,none
sys_0707,5636278,0,0,0,1.18359375,6577.238275752284,4.237323386190084,0.0,0.0,0.0,none
sys_0708,2293097,2,0,1,1.003125,5938.485918950486,4.327227034397992,0.0,7.70495462775968,0.6545062974379147,none
sys_0709,7537181,3,1,1,1.01015625,5858.992284530958,4.310870888802227,17757.810415772685,5.458568968108804,5.912164798698309,none
sys_0710,8985494,0,0,0,1.16015625,6243.175983202328,4.418057825165079,0.0,0.0,0.0,none
sys_0711,8473324,0,0,0,1.156640625,6067.840891355569,4.429331012543775,0.0,0.0,0.0,none
sys_0712,3006970,1,1,0,0.94453125,4213.955679963779,3.9609577381722665,1494.477114930163,0.0,0.0,none
sys_0713,9876719,3,1,1,1.16484375,6109.150422108721,4.441151220514687,5992.117301784629,5.790405093532407,2.480102751519309,none
sys_0714,5345695,3,1,1,0.95625,5838.568235398025,4.308662166828329,1100.1055756044198,2.9666750601070397,1.5311841398138897,none
sys_0715,8798547,1,1,0,1.147265625,6265.704073557443,4.267297267522597,18796.740045058203,0.0,0.0,none
sys_0716,7042230,2,0,1,0.98203125,6025.01208908043,4.286809248673699,0.0,73.50562289417765,9.853073389277403,none
sys_0717,5116149,3,1,1,1.17421875,6265.362644284395,4.281231932082988,8672.391263363377,6.043369704790561,2.110197169946573,none
sys_0718,5515637,3,1,1,1.1203125,6298.856854829976,4.358796956390184,1052.9773813379502,25.61804405544039,3.290432464768212,none
sys_0719,7899428,3,1,1,0.928125,5531.36454274625,4.436569570440303,15618.1377641404,14.508137655125804,8.824651080350131,none
sys_0720,8595023,1,1,0,0.9890625,5641.486921178263,4.473518569859858,2615.8525525337536,0.0,0.0,none
sys_0721,4155849,0,0,0,0.978515625,5869.269480204639,4.328621854551083,0.0,0.0,0.0,none
sys_0722,2279446,1,1,0,1.1578125,4596.2382811069965,4.233039557984206,666.6043453170221,0.0,0.0,none
sys_0723,6499254,3,1,1,0.922265625,5674.411999189905,4.468805151373019,15852.08391344788,84.00843687078341,2.3909463033044163,none
sys_0724,8599090,2,0,1,1.034765625,5772.894193939457,4.501350510103289,0.0,4.49285954237245,0.2104744268903259,none
sys_0725,4263880,3,1,1,1.0359375,5646.742716235408,4.506217823740427,6736.110173787944,86.68563023905031,0.2045315513150008,none
sys_0726,7706594,0,0,0,1.08515625,6288.491208234306,4.324074636275276,0.0,0.0,0.0,none
sys_0727,7075113,1,1,0,1.10859375,4464.6088978559765,4.134518730383957,16980.422653436795,0.0,0.0,none
sys_0728,4295232,2,0,1,0.97734375,5540.933224542541,4.523632559766994,0.0,4.224033441928532,3.44348453669286,none
sys_0729,7499728,3,1,1,0.90234375,5519.960910447441,4.523305207077575,6478.561101569014,2.3974940579484847,6.8763483595194215,none
sys_0730,1085279,0,0,0,1.1859375,6480.104702432882,4.237496357698709,0.0,0.0,0.0,none
sys_0731,9068472,3,1,1,1.0640625,6296.157432548808,4.281315411671715,579.4916696678105,37.23133132850061,4.651863308883319,none
sys_0732,9771290,3,1,1,1.1859375,6464.888771416855,4.225703568765128,1231.3481468764066,52.1629395092228,3.6764970890896183,none
sys_0733,8931836,1,1,0,1.194140625,6594.35350706262,4.253613285992993,13500.7749138557,0.0,0.0,none
sys_0734,5983056,2,0,1,1.04765625,6212.014968142595,4.332523519788666,0.0,8.615755372076668,0.7547182721010613,none
sys_0735,6193662,2,0,1,0.9609375,5575.921379411127,4.539348309019238,0.0,12.354788614143226,0.7802993346754127,none
sys_0736,1359537,0,0,0,0.9609375,5783.812606587397,4.282010766744479,0.0,0.0,0.0,none
sys_0737,1707275,0,0,0,1.04765625,6188.43978464964,4.390222893593094,0.0,0.0,0.0,none
sys_0738,2776454,2,0,1,1.1953125,6444.696823578383,4.160752926418432,0.0,26.246734357837205,0.4023799317134033,none
sys_0739,2673586,0,0,0,0.978515625,5819.60494719481,4.179742816125812,0.0,0.0,0.0,none
sys_0740,8470938,1,1,0,0.95625,5648.424900743973,4.530701797406369,2945.308559747978,0.0,0.0,none
sys_0741,4691501,1,1,0,1.0640625,6136.042385607134,4.0499926025373725,3766.3424013738554,0.0,0.0,none
sys_0742,8598498,2,0,1,1.1015625,5911.4809428785575,4.374251927278954,0.0,40.8607858670858,0.5420893399826071,none
sys_0743,5019307,2,0,1,1.0078125,5941.189162468544,4.372256739537631,0.0,85.0226944053923,0.3923586073217973,none
sys_0744,2241488,2,0,1,1.11328125,6177.4533086148895,4.355207316171736,0.0,6.7181681359177565,0.6642821335380331,none
sys_0745,6887196,1,1,0,0.9421875,5867.374877943466,4.4290330281562245,4074.463582310714,0.0,0.0,none
sys_0746,9632003,1,1,0,0.95625,5615.9630738266405,4.547589393423772,5710.806759821009,0.0,0.0,none
sys_0747,4363705,1,1,0,1.14375,6336.333780954922,4.290366754078796,3581.4857095981906,0.0,0.0,none
sys_0748,9658573,0,0,0,1.1906249999999998,6180.9941304669455,4.353111926455564,0.0,0.0,0.0,none
sys_0749,2931400,3,1,1,1.0125,4365.026634880914,3.5858396235081647,7547.06849803002,54.83726890579421,2.924060599918849,none
sys_0750,4083399,3,1,1,1.17421875,6224.865368577799,4.239009683666473,10915.759560071076,3.607313107693724,1.6233623741506944,none
sys_0751,1503393,2,0,1,1.13671875,5554.013464797957,4.274384539426141,0.0,2.399489526427512,7.055965489536285,none
sys_0752,7299339,1,1,0,0.98203125,5965.841223861248,4.441653409223683,4629.761739493023,0.0,0.0,none
sys_0753,8765543,2,0,1,1.10859375,6160.423995789059,4.444381770285159,0.0,20.834951212136456,3.1049314974078794,none
sys_0754,1809395,1,1,0,1.1484375,4481.996418916999,3.8572441342309913,787.8011932252758,0.0,0.0,none
sys_0755,5136722,3,1,1,1.18828125,6137.15637173702,4.238867955405243,19910.580169743705,4.882609136152796,0.7264266070288048,none
sys_0756,3798151,1,1,0,1.147265625,6268.523555323425,4.271296310414376,965.3749619624087,0.0,0.0,none
sys_0757,6417320,2,0,1,1.1847656249999998,6335.279123576515,4.377425952103161,0.0,40.7914651232415,0.883290761849129,none
sys_0758,8069237,1,1,0,1.147265625,6256.765532156215,4.257323417395136,1418.5561133355118,0.0,0.0,none
sys_0759,9964881,2,0,1,1.00078125,5771.646618609319,4.475133670726557,0.0,41.25845101918118,2.3149403526054164,none
sys_0760,2279225,0,0,0,1.1906249999999998,5213.006535716952,4.287948679287664,0.0,0.0,0.0,none
sys_0761,5354361,0,0,0,1.147265625,6229.209789259585,4.236090588233047,0.0,0.0,0.0,none
sys_0762,5882031,3,1,1,1.18359375,6595.7084193518485,4.258746061331247,2462.103295239981,25.25036669490391,0.8141057925260294,none
sys_0763,4948315,1,1,0,1.17421875,6188.496128399593,4.217510352184966,6189.189665841556,0.0,0.0,none
sys_0764,2067560,3,1,1,0.922265625,5732.246311508072,4.410077087799208,1313.803791846635,61.10548240204663,3.71950136778246,none
sys_0765,3899552,2,0,1,0.9609375,5586.552142480806,4.533906407472927,0.0,3.3425727460667303,1.0119465792186648,none
sys_0766,6343961,1,1,0,1.021875,5932.888622964855,4.240843781450864,16438.69792724373,0.0,0.0,none
sys_0767,8671825,2,0,1,1.1203125,6310.73987493048,4.301513283475388,0.0,68.83725192900265,0.4765874171886147,none
sys_0768,3067407,3,1,1,1.0546875,5935.5028493566215,4.454286360118901,3645.522979510216,19.67375295395848,1.4416473496988569,none
sys_0769,4973697,2,0,1,1.109765625,6334.366134717315,4.249815807339697,0.0,5.462049723749909,5.100358425266629,none
sys_0770,6657765,3,1,1,1.0734375,5950.085325205996,4.127164685058415,3491.269936343509,16.034131309733276,0.9661283695369478,none
sys_0771,8255011,1,1,0,1.1203125,4483.9133796186015,4.035368330847718,2075.492818244209,0.0,0.0,none
sys_0772,5534864,1,1,0,0.9890625,5743.935550961625,4.343941900138248,5394.487136355947,0.0,0.0,none
sys_0773,8466620,2,0,1,1.1847656249999998,6355.235280033678,4.271268177151003,0.0,27.6349152703368,1.9076786503134733,none
sys_0774,1614636,0,0,0,1.18828125,6042.732270317314,4.078534666852082,0.0,0.0,0.0,none
sys_0775,7641013,0,0,0,1.003125,4355.908697929129,3.729119766060085,0.0,0.0,0.0,none
sys_0776,4280601,2,0,1,0.9515625,5726.743291746151,4.51980573788657,0.0,15.033909032473344,2.149022784585604,none
sys_0777,1867165,1,1,0,0.9375,5629.266566254516,4.368945722812525,1806.0874666078412,0.0,0.0,none
sys_0778,8272261,3,1,1,0.96796875,5660.402528047604,4.443759954305805,949.7179386278492,4.883468490942828,0.6848861068794951,none
sys_0779,1309656,1,1,0,1.0171875,6042.44704445135,4.394823596891192,10995.860564810935,0.0,0.0,none
sys_0780,5563261,0,0,0,0.90703125,5521.163069540851,4.512347152968546,0.0,0.0,0.0,none
sys_0781,7342951,1,1,0,1.1906249999999998,6168.565868923191,4.260876237000684,11421.346914742944,0.0,0.0,none
sys_0782,6389404,3,1,1,1.18359375,6570.939336410952,4.388786776399738,8294.932334058663,7.548793854470688,1.596184973177775,none
sys_0783,4014949,3,1,1,1.0359375,5726.924480097768,4.453461125634138,3827.900052796231,14.468616470553748,2.008006344101578,none
sys_0784,8663955,1,1,0,1.08046875,5909.511927007196,4.305921145461927,7090.337348346169,0.0,0.0,none
sys_0785,8070986,2,0,1,1.06171875,4556.5890339556045,4.2662653849659415,0.0,41.24689555740272,0.5753310287958577,none
sys_0786,5428631,1,1,0,1.171875,6348.353754036874,4.207383398935305,3608.681428590971,0.0,0.0,none
sys_0787,1275141,3,1,1,0.903515625,4032.6135649088887,4.311500697233523,1133.2793445720515,5.6811486161651095,1.312756055607003,none
sys_0788,9463105,0,0,0,1.09453125,6240.428813754065,4.24242171232947,0.0,0.0,0.0,none
sys_0789,6141425,1,1,0,0.9890625,5728.286334701226,4.237132833558102,779.8002233503722,0.0,0.0,none
sys_0790,8077027,0,0,0,1.166015625,6126.644057556417,4.232522345228787,0.0,0.0,0.0,none
sys_0791,3402455,0,0,0,1.1906249999999998,6147.804991051046,4.244877047932284,0.0,0.0,0.0,none
sys_0792,5665263,1,1,0,1.10625,6002.652647963925,4.100070891767635,1518.127180065703,0.0,0.0,none
sys_0793,5684188,0,0,0,1.0921875,6214.016593748436,4.296145250262861,0.0,0.0,0.0,none
sys_0794,4908133,2,0,1,1.0546875,5928.556075356431,4.132781218173551,0.0,3.021006503624363,0.57653199731628,none
sys_0795,2052912,0,0,0,0.92109375,5594.797185979539,4.538407081854769,0.0,0.0,0.0,none
sys_0796,1803251,3,1,1,1.02890625,4511.786811090382,4.322135374127899,6510.95581204564,9.335768890365836,0.719311142683842,none
sys_0797,4808390,1,1,0,1.18828125,6176.402375641446,4.356846085814566,523.0324670887394,0.0,0.0,none
sys_0798,5623959,1,1,0,1.02890625,5774.341698777324,4.491751804355346,1112.2129047568772,0.0,0.0,none
sys_0799,2484442,2,0,1,1.06171875,5965.003205855692,4.060702949338511,0.0,44.89882329249974,0.6960083805358498,none
sys_0800,6992031,0,0,0,1.1953125,6482.923655791453,4.217005085425736,0.0,0.0,0.0,none
sys_0801,8537941,0,0,0,1.08515625,6245.969837959042,4.411263343768255,0.0,0.0,0.0,none
sys_0802,6513111,3,1,1,1.034765625,5827.179551351185,4.465104705759687,719.7815148107861,2.891710942067011,0.3203325266746987,none
sys_0803,5586684,2,0,1,1.194140625,6508.808957955574,4.190774746178439,0.0,24.531364788912523,2.951068751860298,none
sys_0804,3902746,2,0,1,1.04765625,6161.668882548862,4.425526975101428,0.0,72.1287872141268,1.078304029970539,none
sys_0805,9840477,1,1,0,0.94921875,5965.611630660535,4.295298851520255,16230.673286196276,0.0,0.0,none
sys_0806,5601739,1,1,0,1.081640625,5990.304275716286,4.471378187596806,10706.85950955092,0.0,0.0,none
sys_0807,4989902,1,1,0,1.02890625,5795.0972336048335,4.477894561154796,18476.303747333,0.0,0.0,none
sys_0808,7599294,1,1,0,1.1203125,6145.641287472053,4.052544108645029,13482.758767593084,0.0,0.0,none
sys_0809,5763922,3,1,1,0.93046875,5853.193969046311,4.38321530021498,7965.574743499274,11.342259724331958,3.4319743161674063,none
sys_0810,6468047,1,1,0,1.194140625,6521.192410928825,4.197611120940267,3965.203074398983,0.0,0.0,none
sys_0811,8669552,0,0,0,1.10390625,6243.288580642562,4.361663452935683,0.0,0.0,0.0,none
sys_0812,8003539,2,0,1,1.0640625,6297.941373430144,4.289215580903312,0.0,8.353793759301348,0.4751020625082991,none
sys_0813,1119436,3,1,1,1.04296875,5858.627166597458,4.348178421854607,8274.441986058198,14.318515857768222,2.4621599978058177,none
sys_0814,6475234,1,1,0,1.1765625,6264.478888521534,4.2701333393222365,2520.422510378116,0.0,0.0,none
sys_0815,4603480,0,0,0,1.044140625,4339.900004635039,3.748203924766006,0.0,0.0,0.0,none
sys_0816,5350015,0,0,0,1.166015625,6163.826562093754,4.257269284567523,0.0,0.0,0.0,none
sys_0817,4740215,1,1,0,1.17421875,6259.919759657564,4.271287400982165,8119.30539211849,0.0,0.0,none
sys_0818,7978905,1,1,0,1.05703125,5932.701685912664,4.2121974513046325,4915.30168662037,0.0,0.0,none
sys_0819,7193565,3,1,1,1.109765625,6139.227918206711,4.013615486709394,1557.0419753687336,28.916681892592624,5.160178483587194,none
sys_0820,1305103,2,0,1,1.021875,5922.567918257665,4.4037649521877125,0.0,17.52956383901364,1.0501537963255625,none
sys_0821,9020585,1,1,0,1.06875,6148.371994547284,4.414908278012118,1076.6890355846754,0.0,0.0,none
sys_0822,6606375,0,0,0,1.13671875,6345.77826712069,4.32343394736355,0.0,0.0,0.0,none
sys_0823,2377642,0,0,0,1.17421875,6231.145012122459,4.397630520338359,0.0,0.0,0.0,none
sys_0824,5520190,1,1,0,1.10625,6047.474770574182,4.4388788782801365,587.836903183475,0.0,0.0,none
sys_0825,1868936,1,1,0,0.97265625,4371.997145702933,3.828498853543838,1008.252365679066,0.0,0.0,none
sys_0826,4117536,2,0,1,1.00078125,5823.915352296202,4.428336185340243,0.0,23.27114027460087,6.950288018621035,none
sys_0827,5938082,0,0,0,0.922265625,5768.410595123419,4.32550795568882,0.0,0.0,0.0,none
sys_0828,2660629,2,0,1,1.10859375,6210.228531825595,4.234065643807596,0.0,2.514240887112338,1.7846088834931908,none
sys_0829,5322215,0,0,0,0.997265625,5812.297612032688,4.529983838961878,0.0,0.0,0.0,none
sys_0830,5089165,2,0,1,0.9515625,5883.210957705659,4.372872561048826,0.0,39.3172870984605,2.7029799812779984,none
sys_0831,4984366,3,1,1,1.1015625,5925.48755264694,4.326609802308054,5698.858638068089,2.291048105224851,4.934532782166123,none
sys_0832,4320461,2,0,1,1.18828125,6184.6042349675445,4.2867009257097575,0.0,75.49546188636155,2.390970257991813,none
sys_0833,5035912,3,1,1,1.08984375,5868.140353447596,4.117099890073527,2982.484093069235,2.3509585109555347,2.1908038538053662,none
sys_0834,7932676,3,1,1,0.928125,5568.767831598655,4.39249054136845,3495.5180200774635,5.908877301103434,1.025140707208298,none
sys_0835,3095270,2,0,1,0.95859375,5699.762382690147,4.130483120515111,0.0,3.328994454979272,1.3874314003194677,none
sys_0836,6363864,3,1,1,1.18359375,6558.79691780087,4.222301368880204,1091.028987904598,60.85374649513162,1.8709006260824,none
sys_0837,7129457,1,1,0,1.1847656249999998,6360.904315295758,4.296786088386912,7793.492925117285,0.0,0.0,none
sys_0838,9410475,0,0,0,0.922265625,5612.1919832204685,4.510712719316397,0.0,0.0,0.0,none
sys_0839,1490582,2,0,1,1.1765625,6252.8253687097495,4.256273324332332,0.0,37.53920923180438,0.9125727430122992,none
sys_0840,7403299,0,0,0,1.156640625,6127.375158715998,4.352221510368559,0.0,0.0,0.0,none
sys_0841,6672364,3,1,1,0.997265625,5952.99468944528,4.190322247500906,3180.016693146339,12.533264805637687,1.270453550752132,none
sys_0842,2947114,0,0,0,1.08984375,5959.698395141214,4.274426512435055,0.0,0.0,0.0,none
sys_0843,4377375,1,1,0,1.16484375,6181.8017929782445,4.349843962340651,7926.447004917984,0.0,0.0,none
sys_0844,8892191,2,0,1,1.156640625,4458.394427215098,3.574891403012473,0.0,12.430114894193965,1.1226226295542368,none
sys_0845,1576717,2,0,1,1.1859375,6508.023243441843,4.340208700965669,0.0,53.87172315427719,1.380119639148112,none
sys_0846,8185368,0,0,0,1.081640625,6033.142561129508,4.462218051901568,0.0,0.0,0.0,none
sys_0847,6104603,0,0,0,1.08515625,6287.631359933052,4.283029268630547,0.0,0.0,0.0,none
sys_0848,5466251,0,0,0,0.922265625,5601.053089569579,4.517045961558755,0.0,0.0,0.0,none
sys_0849,1802635,2,0,1,1.194140625,6452.717819526925,4.161482949425485,0.0,86.86376576982963,0.8629976723248857,none
sys_0850,5017632,1,1,0,1.11328125,6185.217846488157,4.295318214459857,2258.688109184742,0.0,0.0,none
sys_0851,9569977,3,1,1,1.0453125,5969.759893684688,4.482887189554554,13809.206255659188,21.115639343855804,1.1772806025763725,none
sys_0852,6369815,1,1,0,1.01015625,5856.698124439673,4.346644657879367,12493.182251650092,0.0,0.0,none
sys_0853,2806933,3,1,1,1.034765625,5902.444964364828,4.38668963983926,11966.748985425696,27.49536386305001,1.7282490144481826,none
sys_0854,4912851,3,1,1,1.0359375,5787.695243895784,4.240619069737738,6018.999575577583,8.241758256834379,8.627886743892729,none
sys_0855,5180162,1,1,0,1.18828125,6173.173280481336,4.267141237591048,503.2808165892164,0.0,0.0,none
sys_0856,4683725,2,0,1,1.05703125,5958.888146184221,4.359067755873746,0.0,5.710072525106982,0.3229817529647066,none
sys_0857,1834952,3,1,1,0.9890625,5725.848962607875,4.387091214349858,520.4192571942453,53.24770621929893,0.8871384632561187,none
sys_0858,5580577,2,0,1,0.984375,5850.860377924356,4.11291835576324,0.0,10.880535860266768,0.5070042785203543,none
sys_0859,2454738,3,1,1,1.1847656249999998,6360.069636545717,4.2886253514804,10793.251763161335,31.77195519917859,0.5020028972204791,none
sys_0860,4391199,3,1,1,0.96796875,5585.259082062004,4.498644740669767,10354.279157363966,82.84275242657417,1.8757957980533189,none
sys_0861,5317432,2,0,1,0.98671875,4353.707283787165,3.605705867441229,0.0,27.431694048279315,2.0176554643836173,none
sys_0862,7532998,3,1,1,0.90703125,5461.627438434667,4.542201808718165,11567.31254436908,18.29375844037349,2.934154563782915,none
sys_0863,4443301,1,1,0,0.96796875,5610.182489512162,4.482988213709847,2108.271500682923,0.0,0.0,none
sys_0864,7533287,0,0,0,1.16015625,5393.264670544367,4.283352081969516,0.0,0.0,0.0,none
sys_0865,4238447,3,1,1,1.14375,6306.28516052497,4.389947439300783,4422.145559280003,23.928436625095795,7.101760001149723,none
sys_0866,8791971,2,0,1,1.147265625,4760.10175278739,4.258146644824542,0.0,2.0481175053640457,0.8792595944008872,none
sys_0867,6801089,3,1,1,0.984375,4455.132617580161,3.5069658320307866,1169.1235718809376,84.92374413274634,1.4078864883281577,none
sys_0868,6874450,0,0,0,0.94453125,5787.643883686962,4.3991691841685086,0.0,0.0,0.0,none
sys_0869,5402871,3,1,1,1.06640625,6015.239878227508,4.3050827032436025,787.565392721332,32.97033001335544,0.8660600220497291,none
sys_0870,7530184,3,1,1,0.93046875,5790.300651059311,4.4604429505537775,13893.059833552516,19.59938607760133,1.0650350284442092,none
sys_0871,6459729,1,1,0,1.1765625,6261.483763472986,4.265932872078922,2631.8266335900066,0.0,0.0,none
sys_0872,8520746,0,0,0,1.08515625,6276.43676604317,4.363927241117372,0.0,0.0,0.0,none
sys_0873,1338177,0,0,0,0.978515625,5775.277957438566,4.130684270838531,0.0,0.0,0.0,none
sys_0874,2792641,0,0,0,0.98671875,5799.903199834664,4.47427647510721,0.0,0.0,0.0,none
sys_0875,1703621,1,1,0,1.003125,5917.760878351452,4.386762015904562,914.8861100693116,0.0,0.0,none
sys_0876,2586921,3,1,1,1.171875,6372.047380994936,4.243609810304326,6138.782495348479,2.334950034356027,8.068091334449658,none
sys_0877,2316881,0,0,0,1.021875,4286.253932045731,3.9108222474004872,0.0,0.0,0.0,none
sys_0878,7132869,2,0,1,0.92109375,5784.955963402349,4.242149691577874,0.0,36.84117402264999,0.8043291869535559,none
sys_0879,9015708,1,1,0,1.1203125,6307.879523568274,4.3309435202281295,19280.98193892508,0.0,0.0,none
sys_0880,8091316,0,0,0,0.9375,5593.703627192268,4.421054279852134,0.0,0.0,0.0,none
sys_0881,6745401,0,0,0,1.109765625,6336.590667535344,4.365965479794414,0.0,0.0,0.0,none
sys_0882,2043874,0,0,0,1.02890625,5907.154648011852,4.319997043055375,0.0,0.0,0.0,none
sys_0883,5602564,1,1,0,1.18359375,5705.491097163748,4.204405958271908,10047.820904072025,0.0,0.0,none
sys_0884,6290634,3,1,1,1.04765625,6214.303253072895,4.286951638170391,5738.533290128274,3.511813445312224,1.5052791456023276,none
sys_0885,5325891,1,1,0,1.147265625,6246.781697990772,4.248644096830895,2461.293235583156,0.0,0.0,none
sys_0886,7364148,0,0,0,1.1847656249999998,6347.459539601624,4.356648936792447,0.0,0.0,0.0,none
sys_0887,9601110,0,0,0,0.97265625,5918.401020001909,4.451360473326469,0.0,0.0,0.0,none
sys_0888,3336867,2,0,1,0.92578125,5421.365813574854,4.541337894486321,0.0,4.798861864539198,0.4391328074735455,none
sys_0889,7130571,2,0,1,1.0546875,5989.638326926072,4.226172272684695,0.0,46.53342333337431,3.1529386170368854,none
sys_0890,4667040,1,1,0,0.9515625,5793.609364344661,4.476583962501072,860.845908589051,0.0,0.0,none
sys_0891,4446147,0,0,0,1.171875,6384.794083818283,4.352900228002508,0.0,0.0,0.0,none
sys_0892,9503577,3,1,1,1.08046875,5888.213740157441,4.242768479861685,6049.621903369657,6.062940365193448,3.897188301341184,none
sys_0893,6942195,3,1,1,1.1296875,4552.920751693658,3.807926289243337,11061.727145848528,61.90147853874152,2.278167670451773,none
sys_0894,4668312,1,1,0,1.07109375,5989.472439955835,4.117736999622549,2020.555188700928,0.0,0.0,none
sys_0895,4606145,3,1,1,1.1578125,4423.715990497848,4.134751130076974,2493.036158940868,2.332195399904066,2.414645183181387,none
sys_0896,6478618,0,0,0,1.1906249999999998,6179.434305421605,4.272981756051449,0.0,0.0,0.0,none
sys_0897,5611465,0,0,0,1.14140625,4429.087320930911,4.187916282367128,0.0,0.0,0.0,none
sys_0898,6618553,3,1,1,1.147265625,6244.349199163829,4.246733567058707,14644.335089569044,14.46343026518184,0.977269002894742,none
sys_0899,2687332,0,0,0,1.1859375,6236.794702201333,4.188383596530748,0.0,0.0,0.0,none
sys_0900,7306005,3,1,1,1.07109375,6082.697583577409,4.349590669826212,2899.8150140922776,84.46228245898537,3.1675196316318908,none
sys_0901,8396488,0,0,0,1.16484375,6066.718116655577,4.097715560216688,0.0,0.0,0.0,none
sys_0902,3930661,0,0,0,1.02421875,5992.783293182228,4.33364794221473,0.0,0.0,0.0,none
sys_0903,9337070,0,0,0,1.1847656249999998,6358.201434561843,4.3265475941587,0.0,0.0,0.0,none
sys_0904,5064480,1,1,0,1.04765625,6132.877191179446,4.454259877431039,1651.1287634984485,0.0,0.0,none
sys_0905,1018287,1,1,0,0.984375,5939.710760376856,4.386412496694981,9875.278405126784,0.0,0.0,none
sys_0906,6246243,1,1,0,1.147265625,6265.454827855593,4.266963964957807,4419.758895986135,0.0,0.0,none
sys_0907,6875357,1,1,0,1.17421875,6180.432039822031,4.121538074673635,12381.01144500226,0.0,0.0,none
sys_0908,7407580,2,0,1,1.01015625,5846.122667347088,4.261205369778053,0.0,20.10262701631702,8.758055983464887,none
sys_0909,3278290,1,1,0,0.90234375,5695.566071134989,4.264335579054122,1867.5607033575063,0.0,0.0,none
sys_0910,4254656,0,0,0,1.07109375,4389.429888746567,3.8109285613930775,0.0,0.0,0.0,none
sys_0911,4953852,0,0,0,1.147265625,6240.808319916469,4.24409990241969,0.0,0.0,0.0,none
sys_0912,6151340,1,1,0,1.10859375,4536.593911601543,3.5784334025535136,920.8388612098518,0.0,0.0,none
sys_0913,3678826,3,1,1,0.99609375,5945.811197893192,4.3335383081763785,667.5887822038657,96.71078170817732,2.3180689251058872,none
sys_0914,3193385,0,0,0,1.13671875,6274.630231685277,4.43587947961514,0.0,0.0,0.0,none
sys_0915,1389864,3,1,1,1.02421875,4317.278521465206,4.070653147676184,13386.87028334636,14.445127579698228,0.4711916650557278,none
sys_0916,2318440,0,0,0,0.9609375,5063.431076621745,4.40283656563867,0.0,0.0,0.0,none
sys_0917,5440677,0,0,0,0.9609375,4280.75116013934,3.7441801544586872,0.0,0.0,0.0,none
sys_0918,4940326,2,0,1,0.9328125,5792.908980683181,4.499961726045723,0.0,87.45565634387283,1.350902200983935,none
sys_0919,3400480,2,0,1,1.0546875,5865.91101834718,4.505305812391898,0.0,58.12639917474438,0.3635482240247582,none
sys_0920,9742376,0,0,0,0.92109375,4220.645180615764,4.008818574291679,0.0,0.0,0.0,none
sys_0921,8740849,1,1,0,1.053515625,6217.514398882461,4.320892600255308,868.0168440453991,0.0,0.0,none
sys_0922,7829041,2,0,1,1.1859375,6274.313228572677,3.997092040399233,0.0,71.33233415137907,2.45006219120234,none
sys_0923,4746772,2,0,1,0.90703125,5565.395916830434,4.485158873713964,0.0,12.87915233266208,2.0030454644375943,none
sys_0924,5767824,0,0,0,1.044140625,5724.402904402943,4.51535083181964,0.0,0.0,0.0,none
sys_0925,6237708,3,1,1,1.06875,6087.352793193427,4.472759472804205,1126.2281552109102,9.265650926882,1.3018726367962847,none
sys_0926,5048567,3,1,1,1.0359375,5793.343181626969,4.373287677032941,19501.323103005718,80.83646082745547,4.743251603584579,none
sys_0927,5994573,2,0,1,1.09453125,6177.310260540731,4.451376458788503,0.0,18.79077642899734,5.132036269258869,none
sys_0928,9940693,1,1,0,1.06875,4519.208292209231,3.6541552244983673,1237.934869048698,0.0,0.0,none
sys_0929,6880337,0,0,0,1.0734375,5935.161623191605,4.470575270681475,0.0,0.0,0.0,none
sys_0930,8523914,0,0,0,0.928125,5453.315941217575,4.49451765934811,0.0,0.0,0.0,none
sys_0931,9452197,1,1,0,1.194140625,6533.721775124956,4.204879784582634,9903.327532011932,0.0,0.0,none
sys_0932,7876200,1,1,0,1.03125,6182.288630107957,4.290581690885244,1348.461432766519,0.0,0.0,none
sys_0933,8527695,1,1,0,1.1296875,6356.997338659732,4.346848856397403,2710.6392492489504,0.0,0.0,none
sys_0934,4412512,2,0,1,0.96796875,5689.266640277889,4.412685175715717,0.0,5.01760555760134,0.5701167656565809,none
sys_0935,7718889,3,1,1,0.95625,5818.586131459246,4.384305321009385,725.5414249887447,2.013982200888357,1.3478764858669914,none
sys_0936,7410427,3,1,1,1.16953125,5597.749499997715,4.24992117573327,12105.73214815042,85.09987623019875,2.592438173798214,none
sys_0937,2775098,1,1,0,1.0078125,5835.825397688708,4.486140688000575,1857.20680052658,0.0,0.0,none
sys_0938,2346602,0,0,0,1.1906249999999998,6135.029719806975,4.413619508899944,0.0,0.0,0.0,none
sys_0939,8354869,2,0,1,1.1906249999999998,6097.881378653931,4.216798771228901,0.0,67.62960014133499,5.200855884988307,none
sys_0940,7854467,3,1,1,0.9609375,5773.4790340003765,4.239839179737084,13543.460114247237,31.82348669648822,1.8116996786118575,none
sys_0941,4271076,3,1,1,1.00078125,5865.685321016297,4.269038647095779,15072.434765088792,2.118259397998492,1.4057745341910168,none
sys_0942,8551541,1,1,0,1.0921875,6180.099098698879,4.400532131369314,2638.869309860952,0.0,0.0,none
sys_0943,9386404,1,1,0,1.003125,5892.834115386613,4.42185074421728,1228.4202406596005,0.0,0.0,none
sys_0944,3395726,2,0,1,1.1203125,6235.588880558909,4.439678318299226,0.0,20.05441398298906,0.3973927578417968,none
sys_0945,3721291,0,0,0,1.13671875,6280.674472535585,4.430037148897363,0.0,0.0,0.0,none
sys_0946,5310509,2,0,1,1.1906249999999998,5213.006535716952,4.287948679287664,0.0,10.478725410396567,3.9085267830266703,none
sys_0947,6299107,3,1,1,1.1296875,6241.325030339469,4.090527627077503,9607.915587261246,63.03361113752301,1.0401603705828275,none
sys_0948,5843670,0,0,0,1.1765625,6161.486313037842,4.104195060242888,0.0,0.0,0.0,none
sys_0949,4379244,1,1,0,1.04296875,4319.223218444796,3.57819318261056,1562.117724675536,0.0,0.0,none
sys_0950,1116533,3,1,1,1.0546875,5869.583497857518,4.502534858412142,5865.20777236625,19.377097601397857,4.417910180121893,none
sys_0951,3405472,3,1,1,1.10859375,4508.76215758535,3.753312849687745,3921.778884631728,5.35459717757297,6.418913754062061,none
sys_0952,8697260,1,1,0,1.06171875,6116.845345549977,4.270953401174935,9465.590646380242,0.0,0.0,none
sys_0953,7990794,0,0,0,0.9609375,5657.193623263161,4.494546592679954,0.0,0.0,0.0,none
sys_0954,3858544,1,1,0,1.053515625,5157.550371765671,4.312963266223049,1611.3938298410935,0.0,0.0,none
sys_0955,8402698,0,0,0,1.18359375,6488.785162522228,4.179990487789651,0.0,0.0,0.0,none
sys_0956,9900141,0,0,0,1.021875,5946.463931188668,4.286503854567129,0.0,0.0,0.0,none
sys_0957,7906573,3,1,1,1.10625,4354.896889498684,4.126922756075063,714.9290833438317,4.745914631285494,8.080499297191954,none
sys_0958,7389790,2,0,1,1.0359375,4208.455979636575,3.958103364758341,0.0,9.22420208361986,1.849645954757088,none
sys_0959,8879621,0,0,0,1.0359375,5787.695243895784,4.240619069737738,0.0,0.0,0.0,none
sys_0960,9539581,3,1,1,1.08046875,5778.238978871495,4.487822296654768,4802.698235832555,2.101248333995964,0.3796294130942715,none
sys_0961,7878319,3,1,1,1.091015625,6039.744579027603,4.373774812710009,3572.06760767688,96.4404555509828,1.12823965388186,none
sys_0962,2414543,0,0,0,1.0546875,5966.462734532036,4.4248533670499794,0.0,0.0,0.0,none
sys_0963,2310383,3,1,1,1.166015625,6026.783277310421,4.060736030690596,12013.38258394316,5.711199653896846,2.860841500539421,none
sys_0964,3458064,1,1,0,1.10625,6104.162611732138,4.267752757798269,7852.246011961783,0.0,0.0,none
sys_0965,3474989,2,0,1,1.147265625,6271.899143353063,4.277053366451207,0.0,28.184368886043984,5.37083016259293,none
sys_0966,3445778,0,0,0,0.99609375,5941.537203264441,4.350782414439452,0.0,0.0,0.0,none
sys_0967,2760036,2,0,1,1.156640625,6078.409827510209,4.419565577717696,0.0,2.422401206617496,0.5609431718056602,none
sys_0968,6804269,0,0,0,1.09453125,6242.53131551509,4.373746428412385,0.0,0.0,0.0,none
sys_0969,3107029,1,1,0,1.0125,5708.552887326247,4.507988011537419,1944.346398584928,0.0,0.0,none
sys_0970,1341027,0,0,0,0.903515625,5336.107142500757,4.51864885820259,0.0,0.0,0.0,none
sys_0971,6997067,3,1,1,1.0078125,5877.805377513957,4.453423168977737,867.0858135914004,45.27803876900981,8.091511706272266,none
sys_0972,7207908,2,0,1,1.147265625,6279.489406023703,4.309285769592668,0.0,2.934436797695822,0.6460597455212692,none
sys_0973,2539097,2,0,1,1.04765625,6167.084249071822,4.419270737562734,0.0,33.46159472053019,1.1232534944345896,none
sys_0974,5414937,0,0,0,0.96796875,5493.55537619751,4.545841191530268,0.0,0.0,0.0,none
sys_0975,1766823,0,0,0,1.021875,5506.231203941422,4.351600899898594,0.0,0.0,0.0,none
sys_0976,5193857,0,0,0,1.081640625,6050.726390929985,4.447557289940109,0.0,0.0,0.0,none
sys_0977,5868880,0,0,0,1.06875,4467.577343354975,4.182157370618647,0.0,0.0,0.0,none
sys_0978,2055461,1,1,0,0.93046875,5689.279110762248,4.528364164959796,1386.1347705032438,0.0,0.0,none
sys_0979,2670886,1,1,0,1.096875,6315.5537120213385,4.435868262030692,2018.39494266499,0.0,0.0,none
sys_0980,4585238,0,0,0,1.14140625,6111.290377316899,4.219913240694918,0.0,0.0,0.0,none
sys_0981,9590619,3,1,1,1.081640625,6078.075381368569,4.182682891855735,19987.05022938421,12.96993941339905,0.4378365521884088,none
sys_0982,5573788,3,1,1,1.156640625,6102.144262919667,4.236692684666784,9694.709953419226,94.9784860978993,5.981138672829337,none
sys_0983,9732552,3,1,1,1.147265625,6276.721554920213,4.289247032896376,3711.3880186428937,3.7007007765238407,2.122358582069472,none
sys_0984,1159511,3,1,1,1.1015625,5920.513950941366,4.351726916383024,1952.380630815639,12.880469389016218,13.367210786670304,none
sys_0985,8649460,2,0,1,1.0921875,6214.6363170599625,4.300374681175434,0.0,61.77547429448994,4.335203912387158,none
sys_0986,9533882,3,1,1,0.922265625,5720.180671590026,4.425097321876139,12116.914068475857,4.751568334342223,1.5808795723201956,none
sys_0987,5882549,3,1,1,0.95859375,4271.449971231533,3.662197620264748,2581.7532378685964,2.7267027449132386,1.5101623612588515,none
sys_0988,8387361,1,1,0,1.18828125,6120.469063393432,4.150650953408884,1187.555439655894,0.0,0.0,none
sys_0989,9345615,2,0,1,1.1859375,6445.059790337833,4.212694377918983,0.0,14.57436686692406,4.252117193839246,none
sys_0990,9381553,2,0,1,1.10390625,6151.874946499065,4.415795215287544,0.0,7.191550235735389,3.883007069918909,none
sys_0991,6740111,3,1,1,1.044140625,5843.005324085306,4.4279056831827,3174.863367923781,15.741297458248624,1.028560997420248,none
sys_0992,5607785,3,1,1,0.997265625,5879.521715816233,4.484424204961741,1325.44382312352,42.19795857030572,3.046307450158455,none
sys_0993,8468429,3,1,1,1.03125,6182.690788011025,4.3183692077096,3006.5902840360745,6.104426020644194,0.2800228180495978,none
sys_0994,7078164,3,1,1,1.1906249999999998,6151.504268395374,4.397231910702613,4559.373412601878,2.6305104641472385,0.9592744117819578,none
sys_0995,6360015,2,0,1,1.0734375,6001.9771393496685,4.202681702611059,0.0,99.64837657429882,3.2675952426622383,none
sys_0996,4611807,1,1,0,0.9421875,5850.3928457875845,4.447666237569573,2915.320649030886,0.0,0.0,none
sys_0997,3270642,1,1,0,1.18828125,6185.924917723217,4.329963768928423,17491.96409975645,0.0,0.0,none
sys_0998,8621093,1,1,0,1.096875,6295.055976643278,4.125236268283247,16274.147349254965,0.0,0.0,none
sys_0999,5987479,3,1,1,0.9328125,5754.057027863559,4.538519528599361,15730.156536587958,80.24328693118082,1.7789477145540706,none
sys_1000,3003143,1,1,0,0.9046875,4068.778314029775,3.9003780073724297,13328.959945799284,0.0,0.0,max
sys_1001,8327555,0,0,0,1.1765625,5831.551123582306,4.2384297608653805,0.0,0.0,0.0,high
sys_1002,3998883,1,1,0,1.0640625,6283.9842478773,4.255999457412077,14582.203510231664,0.0,0.0,high
sys_1003,4065351,3,1,1,1.10625,6062.403848438219,4.425149073996249,2874.90890052655,9.6209516586511,1.8634364944482444,high
sys_1004,9718498,1,1,0,0.94921875,5750.244611114628,4.553445538088529,13462.754757833389,0.0,0.0,max
sys_1005,7359024,0,0,0,1.10390625,6208.690590264817,4.413214656428997,0.0,0.0,0.0,low
sys_1006,3935606,2,0,1,0.99609375,5796.619586009568,4.506698682153525,0.0,4.959442201100147,0.6397272931929556,low
sys_1007,1284633,2,0,1,1.14140625,6065.082684251316,4.443434982391373,0.0,9.736221504488588,0.8849056717187543,medium
sys_1008,7146490,0,0,0,1.1847656249999998,6361.02788696532,4.303978355145556,0.0,0.0,0.0,medium
sys_1009,1670794,2,0,1,1.06640625,5998.974109720171,4.376421865171161,0.0,22.43871883301943,1.112152031225162,max
sys_1010,9480480,0,0,0,0.92109375,5730.653250913146,4.446490757323024,0.0,0.0,0.0,medium
sys_1011,3801350,0,0,0,0.90234375,5441.960069176339,4.5595621674560975,0.0,0.0,0.0,medium
sys_1012,9002006,3,1,1,0.9375,5363.500679393498,4.560911954272891,16285.073711559407,39.36779055758643,1.8923870635278968,low
sys_1013,2023326,3,1,1,0.92578125,5541.911795708594,4.475913790443966,2424.070039391903,3.666858676798277,3.320188920554016,max
sys_1014,1222883,0,0,0,1.0453125,5994.934192031269,4.463849410733259,0.0,0.0,0.0,medium
sys_1015,7446560,1,1,0,1.1859375,6460.480723121853,4.222621453102184,2189.354869185569,0.0,0.0,low
sys_1016,5792751,2,0,1,1.1015625,5911.290279871377,4.273620369369964,0.0,18.43329138622088,0.4827486414879427,high
sys_1017,9985795,3,1,1,0.92109375,4618.30157568745,4.388462962870023,678.9330703291207,17.16506528177425,1.0789542192968822,medium
sys_1018,2032786,3,1,1,0.9375,5393.787302263813,4.547438005152912,804.8435984646534,72.47953381580284,0.4129928889705195,high
sys_1019,4709069,2,0,1,1.0171875,5978.155380703925,4.4650714530028806,0.0,30.96120875817788,0.7960543064468285,high
sys_1020,6841643,1,1,0,1.194140625,6580.046433935303,4.238170495887791,4206.153850854845,0.0,0.0,low
sys_1021,7553672,0,0,0,1.034765625,5820.224156432533,4.470185912933331,0.0,0.0,0.0,medium
sys_1022,1830027,2,0,1,0.90703125,5546.998374022547,4.497192490466718,0.0,6.085813150162488,1.87592890563822,low
sys_1023,9470219,1,1,0,0.95859375,5563.190814429876,4.546850539988123,2404.205692435921,0.0,0.0,low
sys_1024,2008907,1,1,0,1.0734375,6004.846534717646,4.406390429961572,560.9579845737127,0.0,0.0,low
sys_1025,9784159,3,1,1,1.147265625,6198.156641734019,4.217303192004104,794.6734748811922,79.27458647188305,2.0465609142474963,max
sys_1026,2248736,3,1,1,1.07109375,4742.441706440784,4.306542931206872,17246.405011839324,2.1220727007533378,8.385933394795135,medium
sys_1027,4459068,1,1,0,0.9609375,4563.98468240662,4.369623686001631,6021.427455336796,0.0,0.0,high
sys_1028,6811374,1,1,0,1.1015625,5779.110290501443,4.490771023755894,587.6029179485869,0.0,0.0,low
sys_1029,7869575,3,1,1,0.9609375,5712.672251758609,4.45374371523658,7833.461814638898,62.42431051541781,2.9928486077201613,max
sys_1030,7495116,3,1,1,1.1296875,6305.011502854231,4.17561052506459,8002.145546128578,14.955972285288276,2.411594090979176,medium
sys_1031,4551143,0,0,0,0.90703125,5497.903749795522,4.5247157411555765,0.0,0.0,0.0,high
sys_1032,4194046,2,0,1,1.081640625,6009.786549323694,4.4742879050299855,0.0,77.24208225649377,0.4002881737360458,high
sys_1033,1246972,3,1,1,1.10625,6087.829773118605,4.231730996329084,4707.784091984943,7.740770219119968,0.7121010640590334,low
sys_1034,7837939,1,1,0,1.1203125,6274.66468956437,4.222995308298409,1467.534132030612,0.0,0.0,medium
sys_1035,7299503,1,1,0,0.95625,4262.03547470106,3.955998274481038,9442.189915277677,0.0,0.0,high
sys_1036,6882926,2,0,1,1.091015625,4996.897042639828,4.331764582074372,0.0,65.60143754554468,17.314701158216938,max
sys_1037,6915533,0,0,0,0.92578125,5611.117030052984,4.412255614156132,0.0,0.0,0.0,low
sys_1038,8240206,1,1,0,0.9046875,5544.292229529016,4.386723854785243,13639.026967382795,0.0,0.0,medium
sys_1039,1737069,1,1,0,1.1859375,6456.551327371787,4.219977666218879,931.3649687856378,0.0,0.0,low
sys_1040,7489846,3,1,1,1.1765625,6190.526505944695,4.214812469106697,13600.764955930645,21.81329926845323,1.250646118615753,low
sys_1041,8032328,1,1,0,1.03125,6166.599963217129,4.371736611478081,1688.9469801219263,0.0,0.0,high
sys_1042,8326273,0,0,0,1.1953125,6525.812359796098,4.2593908774943365,0.0,0.0,0.0,max
sys_1043,1449025,1,1,0,1.18828125,6153.802522254254,4.249898921506608,9729.438992416044,0.0,0.0,high
sys_1044,1854350,2,0,1,0.94921875,5860.278923828221,4.113761075663564,0.0,5.354793164244397,0.8051510716598536,medium
sys_1045,9410093,3,1,1,1.0546875,5912.8674639683,4.471983551242468,7316.487645407844,2.3437786680123547,1.616336881159403,low
sys_1046,9873704,0,0,0,1.1859375,6412.138827909369,4.194093224172281,0.0,0.0,0.0,max
sys_1047,7254897,3,1,1,1.081640625,6126.507654150834,4.289223553534588,995.3557487261902,2.216384414115934,2.639720289494383,low
sys_1048,1907717,0,0,0,1.003125,5936.338984997678,4.340187686791007,0.0,0.0,0.0,max
sys_1049,2083815,0,0,0,0.9375,5621.4004632652495,4.383576738102812,0.0,0.0,0.0,max
sys_1050,1849607,0,0,0,1.0359375,5713.150603861204,4.464138962117456,0.0,0.0,0.0,low
sys_1051,9725347,0,0,0,1.00078125,5875.614991705008,4.32806619623612,0.0,0.0,0.0,max
sys_1052,1363712,3,1,1,0.922265625,5554.772359699997,4.540901410829285,9029.572393322132,13.67660741357744,0.8554925947619976,medium
sys_1053,2851557,1,1,0,1.171875,6353.961748854029,4.217966329229946,11649.877788158476,0.0,0.0,low
sys_1054,3337155,1,1,0,0.95859375,5792.208071130354,4.315369862983164,7269.629149923111,0.0,0.0,medium
sys_1055,5809857,2,0,1,1.11328125,6143.90034820332,4.207500960202644,0.0,17.528979134727077,0.4082370775523795,low
sys_1056,3256576,0,0,0,0.903515625,5227.137053666309,4.564823273839472,0.0,0.0,0.0,max
sys_1057,2005574,2,0,1,1.1906249999999998,6174.959367833715,4.267417128894585,0.0,9.016115664011972,4.946646943127474,medium
sys_1058,4841021,3,1,1,1.14375,6273.959886852076,4.17526689952034,634.0319574566411,9.67111552733786,1.1570112211599866,medium
sys_1059,4059577,3,1,1,1.1953125,6519.705886678462,4.250078742002892,1104.5768689362803,83.59459120144659,1.3064208119394929,max
sys_1060,2603056,2,0,1,1.1906249999999998,6064.061173302932,4.19322939955936,0.0,31.861467517254404,3.4052676232753267,low
sys_1061,2051338,1,1,0,1.06875,6144.663894854604,4.419244599067142,3367.9172883630736,0.0,0.0,low
sys_1062,3425478,3,1,1,0.92109375,5798.778952715568,4.315114404963797,4354.841728288926,6.099163760615461,3.118924235681976,medium
sys_1063,2886887,2,0,1,1.0359375,5803.707225467172,4.301117561245426,0.0,29.64020559807976,3.8589906642385,max
sys_1064,8272554,3,1,1,1.10625,6120.6877473819895,4.314733959703709,11785.035971430923,87.30758489320475,0.5668485026664045,max
sys_1065,6212251,0,0,0,1.1859375,6435.290268495213,4.206871736201888,0.0,0.0,0.0,low
sys_1066,3972672,2,0,1,0.984375,5847.6034328463975,4.484589360638026,0.0,18.46508284788689,20.67722716291769,max
sys_1067,7555600,0,0,0,1.1906249999999998,6136.550605636271,4.237805488782612,0.0,0.0,0.0,max
sys_1068,5635896,2,0,1,0.90703125,4097.635823079836,4.137252076908385,0.0,6.813965033963099,3.473076170223137,low
sys_1069,8758431,1,1,0,1.194140625,6586.764286339138,4.244772969700934,906.2177906845452,0.0,0.0,max
sys_1070,5087587,0,0,0,1.05703125,5358.323311158762,4.339684784354859,0.0,0.0,0.0,max
sys_1071,7617416,1,1,0,1.1953125,6315.970267815609,4.011104516128497,8371.051090900753,0.0,0.0,high
sys_1072,4126262,1,1,0,1.096875,6370.523045015732,4.362405936650309,2940.4448601461645,0.0,0.0,medium
sys_1073,3942913,0,0,0,0.95859375,5766.418397252472,4.39598997590621,0.0,0.0,0.0,max
sys_1074,6964938,0,0,0,1.08046875,5877.754849009127,4.403905410810926,0.0,0.0,0.0,medium
sys_1075,6727757,1,1,0,1.166015625,6150.486990766189,4.400554483322557,1239.28275058421,0.0,0.0,max
sys_1076,5056392,1,1,0,1.1953125,6497.503428271898,4.2278601523467145,502.7082431881539,0.0,0.0,max
sys_1077,8653359,2,0,1,0.9421875,5914.568775502633,4.2780549212869765,0.0,50.43774490076756,1.6084667153211183,max
sys_1078,3496796,3,1,1,1.0078125,5877.805377513957,4.453423168977737,1836.075069700448,4.143288648354261,0.5897287197930077,high
sys_1079,8849415,1,1,0,0.94453125,4784.405112827752,4.387067936652175,9633.036942997807,0.0,0.0,low
sys_1080,6398834,3,1,1,1.1859375,6464.76822863455,4.391834337903945,5665.94069718534,4.848140988276133,0.8603692237096283,medium
sys_1081,8324414,1,1,0,0.903515625,5205.515365068722,4.573045682776441,11772.506682923478,0.0,0.0,medium
sys_1082,7467555,1,1,0,1.194140625,6493.55766251479,4.182692615116443,5171.98212315879,0.0,0.0,medium
sys_1083,2194427,1,1,0,0.9515625,5768.513474514385,4.494264148525829,2909.59538482312,0.0,0.0,max
sys_1084,2112314,1,1,0,0.92578125,5488.276858191413,4.5088726635305125,5035.201438352611,0.0,0.0,max
sys_1085,4611163,2,0,1,1.1953125,6489.576670310502,4.399206214432223,0.0,7.5427364135931585,8.58834083789016,high
sys_1086,6627635,3,1,1,1.156640625,6111.472013695515,4.381651726415,599.089679616913,41.9697768427606,3.574769249534844,medium
sys_1087,4352450,3,1,1,0.92109375,5603.897292966804,4.533770500952228,9339.967361965191,47.53115474626141,1.0300532658816508,medium
sys_1088,5956681,0,0,0,1.091015625,6036.097811398642,4.254203669278466,0.0,0.0,0.0,high
sys_1089,2179532,0,0,0,1.166015625,6180.830359652883,4.275573070037761,0.0,0.0,0.0,max
sys_1090,9823088,0,0,0,0.92578125,5625.229019169217,4.220821776851625,0.0,0.0,0.0,high
sys_1091,4585591,0,0,0,0.98203125,5988.238405827637,4.415934105211028,0.0,0.0,0.0,high
sys_1092,9607369,2,0,1,1.10625,6048.461025913542,4.438016885731647,0.0,38.06913178409915,0.4895812486797607,low
sys_1093,7353833,0,0,0,1.0171875,6060.72042768551,4.355857208453167,0.0,0.0,0.0,max
sys_1094,4986016,2,0,1,0.95625,5731.55760005643,4.479510107824346,0.0,85.26745407466521,0.9458211401115632,high
sys_1095,7278334,2,0,1,1.10390625,4545.035435607029,4.210253674363586,0.0,6.577637933892545,3.1103699135210623,medium
sys_1096,5745768,2,0,1,1.1906249999999998,6071.0579430877415,4.201668531835053,0.0,9.448539369238096,1.9687829713026856,medium
sys_1097,7469274,0,0,0,1.08046875,5872.059231677225,4.204812003909787,0.0,0.0,0.0,medium
sys_1098,6645887,0,0,0,1.1203125,6255.415282171736,4.420241978949853,0.0,0.0,0.0,low
sys_1099,6315114,1,1,0,1.08515625,6190.808216897448,4.113332082991396,735.5833882597865,0.0,0.0,high
sys_1100,1100200,2,0,1,0.928125,5477.286720606682,4.479659205733865,0.0,12.481619696802188,1.902641165069977,low
sys_1101,3950349,1,1,0,1.1015625,5829.615364127878,4.460792483661573,2639.893079815519,0.0,0.0,high
sys_1102,7731775,3,1,1,1.15546875,6226.248319327428,4.387458307379484,4117.083048580619,3.8844732632989674,0.884493877103342,low
sys_1103,9395191,2,0,1,1.1015625,5879.877775159556,4.417954229089527,0.0,38.45785291028197,1.4829848306568445,max
sys_1104,9476943,0,0,0,0.92578125,5364.14923082144,4.566529908421519,0.0,0.0,0.0,max
sys_1105,9897768,3,1,1,1.16015625,6268.555322339443,4.389199971183649,698.9106872117707,3.646220818196204,0.6331034980431718,medium
sys_1106,2181618,1,1,0,0.90703125,5512.049257338891,4.5173220893303805,5374.07685558199,0.0,0.0,medium
sys_1107,2958290,1,1,0,1.08046875,5901.361795024115,4.283582327193686,665.3362520477745,0.0,0.0,max
sys_1108,1305730,3,1,1,1.15546875,6210.077081455511,4.407215822533418,1139.0240155373683,12.971494937854915,2.0695526888379066,low
sys_1109,8202138,1,1,0,1.1765625,6273.752429402096,4.292649071570112,3068.016958059677,0.0,0.0,low
sys_1110,9333178,2,0,1,1.147265625,6251.659802901781,4.252656510240485,0.0,3.4569056645922083,9.5483364410983,low
sys_1111,2173376,0,0,0,1.0171875,6012.357111877766,4.16509694781784,0.0,0.0,0.0,low
sys_1112,9211992,3,1,1,1.1953125,4611.893558502544,4.018836849043028,10082.881569065046,53.114277422644506,5.002027605916589,high
sys_1113,5074005,0,0,0,1.06640625,6007.422301166483,4.3568027734426815,0.0,0.0,0.0,medium
sys_1114,7351968,2,0,1,0.9890625,5735.8479224037255,4.261478536236336,0.0,6.132340899259213,3.977454663397156,max
sys_1115,8291694,2,0,1,1.0078125,5948.933890561454,4.352856331434794,0.0,20.972636561483316,0.995273350175154,medium
sys_1116,3842387,1,1,0,1.00078125,4375.988562815241,3.6055879937097126,15943.706761384025,0.0,0.0,max
sys_1117,6636753,1,1,0,0.9421875,4318.576952789286,3.9352279209052714,15719.221066722224,0.0,0.0,medium
sys_1118,3582928,1,1,0,1.166015625,6190.850437608232,4.31535342728777,2200.12028979692,0.0,0.0,medium
sys_1119,5007260,3,1,1,1.1765625,6259.36825247888,4.263302154238728,1116.6106687574838,20.68659863148804,6.694967955725615,high
sys_1120,2040908,0,0,0,0.9328125,5865.713106584378,4.439477617363034,0.0,0.0,0.0,low
sys_1121,7448851,0,0,0,1.1765625,6251.216394388068,4.254729080135326,0.0,0.0,0.0,low
sys_1122,6159242,2,0,1,1.1765625,6235.885013686899,4.242325441562887,0.0,11.63906565193638,2.688499799334224,max
sys_1123,3968206,3,1,1,0.928125,5588.219391182605,4.354001339797564,1466.3200796064118,71.7570120921763,8.044007725452472,high
sys_1124,8735645,0,0,0,0.95625,5605.79196645115,4.553243661956861,0.0,0.0,0.0,low
sys_1125,1269984,3,1,1,1.194140625,6597.0238458036165,4.2572834910848565,930.6353849162672,45.97419225390641,3.3967451060393303,max
sys_1126,2902256,2,0,1,1.1906249999999998,6183.126994613051,4.278660573420871,0.0,3.3880561858489595,0.6941569038077583,max
sys_1127,8578483,3,1,1,1.003125,5924.688021713366,4.373384808745673,2253.320704109334,23.117110361335374,1.0242661556677402,medium
sys_1128,8166821,0,0,0,1.166015625,6190.806902159266,4.316040778241756,0.0,0.0,0.0,low
sys_1129,5491955,2,0,1,1.0125,5707.555344299495,4.508565168530691,0.0,2.7993369172770106,1.886586935708332,low
sys_1130,2928740,1,1,0,1.0546875,5954.0777038187125,4.437602086688896,1945.061547860448,0.0,0.0,low
sys_1131,6967127,3,1,1,1.08046875,5835.527252633866,4.152118357677252,8632.7416484356,21.031547457201068,8.577953260720253,max
sys_1132,4543974,3,1,1,1.0921875,4664.281806687111,4.263498103780511,2932.050648194913,65.95062678508562,0.5727743133198809,high
sys_1133,3795360,3,1,1,1.147265625,6263.39287328502,4.26439457122448,13663.131559195965,43.482305887707525,4.36003401182909,medium
sys_1134,4260517,1,1,0,0.97265625,5841.774324635196,4.508819477610774,858.2504091715141,0.0,0.0,low
sys_1135,1476245,3,1,1,1.15546875,6233.696698853949,4.253386262061674,5725.928064541985,10.04917070725974,0.7828833109943708,low
sys_1136,8573917,3,1,1,1.147265625,6224.41401716747,4.233013583692464,1034.5552135679488,5.990599625298552,2.332658527924284,max
sys_1137,5597420,1,1,0,1.1765625,6275.182095729191,4.303848482758261,898.3692544879992,0.0,0.0,low
sys_1138,9936646,1,1,0,1.18828125,6186.325326585885,4.328134467928103,16330.08825330662,0.0,0.0,medium
sys_1139,4668775,0,0,0,1.171875,6347.103048239575,4.407419256746235,0.0,0.0,0.0,low
sys_1140,9727941,0,0,0,0.9609375,5765.713207460009,4.221581422472642,0.0,0.0,0.0,high
sys_1141,8580790,3,1,1,1.06171875,6075.889354234299,4.423394136655437,5084.206789150816,31.36975915558404,1.0275072415135,medium
sys_1142,8733156,3,1,1,1.134375,6179.198483279291,4.429449396385241,12448.906664908733,37.474819448809306,2.5987938990854893,medium
sys_1143,2673565,2,0,1,1.18828125,6111.493127809128,4.224130630903426,0.0,20.830640437994653,0.5101350104484449,low
sys_1144,1490452,1,1,0,1.10625,4433.127172574186,4.2128807598447855,1496.346038974904,0.0,0.0,medium
sys_1145,4071507,1,1,0,1.02421875,5851.894670200332,4.50153762573724,531.8800208230987,0.0,0.0,max
sys_1146,8359358,0,0,0,1.1203125,6308.536907506222,4.284869804937694,0.0,0.0,0.0,high
sys_1147,7953707,2,0,1,1.16484375,6102.392846810271,4.343854943348888,0.0,10.676668119869378,0.1927723930536899,max
sys_1148,7528101,3,1,1,1.13671875,6346.299802681791,4.286488808825621,2758.3902247548112,94.28764262331028,6.340473635466608,low
sys_1149,4790941,1,1,0,0.97734375,4196.7490580295325,4.285554367827216,988.5441662165612,0.0,0.0,high
sys_1150,8683593,0,0,0,1.081640625,4449.867571128141,3.7032845206629807,0.0,0.0,0.0,high
sys_1151,7323188,0,0,0,1.171875,6387.364699204783,4.346913992987176,0.0,0.0,0.0,max
sys_1152,2365887,0,0,0,1.08984375,5916.831913698807,4.428763257128788,0.0,0.0,0.0,max
sys_1153,6421358,0,0,0,1.0734375,6034.820535325279,4.2846390014574105,0.0,0.0,0.0,high
sys_1154,8802552,3,1,1,0.928125,5528.025507341155,4.439571500035838,7155.825887971413,60.88247352269455,4.0163434098181945,low
sys_1155,6801702,3,1,1,1.134375,4594.96346134578,4.231353410971645,3052.1342600285416,11.266250261272212,2.068666936666379,high
sys_1156,1563016,2,0,1,1.03125,6154.26081345788,4.393999851122567,0.0,18.09482068812621,1.476649485347491,high
sys_1157,5058650,1,1,0,1.0125,5717.093589336091,4.502911086540276,1222.832602426657,0.0,0.0,low
sys_1158,6344069,1,1,0,0.9515625,5780.614333335862,4.106767571474678,593.4194696952277,0.0,0.0,max
sys_1159,9428383,2,0,1,1.04765625,6176.8190010411645,4.196664125245663,0.0,45.77796145051883,0.7191140234593653,medium
sys_1160,6683943,2,0,1,1.1847656249999998,6325.161390437626,4.3912244527930895,0.0,36.21290572075855,1.1038753868024471,low
sys_1161,6673806,3,1,1,0.984375,4424.413116801507,3.670761922561408,2037.4412582093576,41.85376400960604,3.676708874349255,medium
sys_1162,6727290,0,0,0,0.9890625,5654.529418749247,4.463989658342387,0.0,0.0,0.0,high
sys_1163,2395489,3,1,1,1.10859375,6193.006644455671,4.195368969943065,6780.8722720179785,74.98665889787098,1.9343572464549608,high
sys_1164,9995654,2,0,1,1.18359375,6577.362860385455,4.23743449336307,0.0,18.99697322994314,0.6416629913160343,high
sys_1165,8077725,2,0,1,1.096875,6305.20058680819,4.445688243804146,0.0,6.011890150544749,2.5598580299678093,high
sys_1166,4204929,3,1,1,1.0078125,5897.0679889755575,4.435032802769634,3199.541339335086,43.20444881018146,3.887597000097134,low
sys_1167,6265986,3,1,1,0.96796875,5722.155682427953,4.285499280736076,5089.686505114053,35.34699757472179,0.4491034595304328,max
sys_1168,8464932,1,1,0,1.18828125,6155.041284541323,4.250803489451669,10092.109390539988,0.0,0.0,medium
sys_1169,6092468,1,1,0,0.9046875,5253.496632515102,4.571736538430988,1593.820830856232,0.0,0.0,max
sys_1170,6855265,0,0,0,1.1906249999999998,6186.268558572299,4.339735477557996,0.0,0.0,0.0,high
sys_1171,4726506,3,1,1,1.1906249999999998,6183.0242815462125,4.278479424220613,756.8809572831491,67.42818226028761,1.3778894656367948,low
sys_1172,5135742,3,1,1,1.0734375,6005.547258621248,4.4055079453750245,1167.0802054014057,4.083174428683582,2.322437961921756,medium
sys_1173,1848609,0,0,0,1.034765625,5921.247420391377,4.305152122207546,0.0,0.0,0.0,low
sys_1174,8441578,1,1,0,1.02890625,5775.145660710426,4.486561681098727,630.8416036442924,0.0,0.0,low
sys_1175,8589032,1,1,0,0.9421875,5694.622459623315,4.55322360722708,740.0086956815416,0.0,0.0,low
sys_1176,4169111,3,1,1,1.091015625,5950.352546534889,4.47054385084158,590.3965693895117,99.09177841803094,1.957624785404459,high
sys_1177,1213932,3,1,1,0.90234375,5614.3934859811625,4.144810829131775,564.4598990947467,15.309527265944013,0.6680042343688336,low
sys_1178,8256084,1,1,0,0.97734375,5726.740783037627,4.347349302698606,15064.914852280966,0.0,0.0,max
sys_1179,8810808,0,0,0,0.92578125,4604.270268825815,4.408259472257969,0.0,0.0,0.0,max
sys_1180,5656660,2,0,1,1.10625,6069.7045246290845,4.417845829515809,0.0,73.19966662217664,0.4801945365511117,max
sys_1181,8157736,1,1,0,0.94921875,5794.187241879486,4.52409902137792,1579.1572582594156,0.0,0.0,medium
sys_1182,6658376,3,1,1,0.9421875,5908.4763558426375,4.251780132385887,893.0089192166945,10.055989828212866,0.5767843296133763,low
sys_1183,4275760,2,0,1,1.021875,5816.499792777175,4.49490218318466,0.0,2.3969173822130814,0.5548368054697241,high
sys_1184,5621106,0,0,0,1.08046875,5846.631750362042,4.16561561706391,0.0,0.0,0.0,medium
sys_1185,7172843,0,0,0,1.02890625,5901.33754341968,4.352542014531757,0.0,0.0,0.0,low
sys_1186,1091497,3,1,1,0.9890625,5535.633248276118,4.533795573872113,1346.056723127293,25.72275717872074,3.0202511586981404,medium
sys_1187,2724372,3,1,1,1.096875,5060.588868449026,4.278805541903454,595.9638990517631,30.6415908696364,1.3471744994575972,max
sys_1188,3188074,0,0,0,1.1859375,6371.884329726448,4.071257651001838,0.0,0.0,0.0,max
sys_1189,1093196,1,1,0,0.98203125,5909.003928858892,4.488939204859035,1107.3510286246294,0.0,0.0,medium
sys_1190,8956002,3,1,1,0.984375,4321.448069955409,4.218922511152712,1006.324864684432,9.319329695521128,4.91409031989933,high
sys_1191,5901094,0,0,0,1.1859375,6425.998522428024,4.387128753931867,0.0,0.0,0.0,max
sys_1192,2788266,3,1,1,0.9890625,5745.373382027931,4.336204248933913,3813.308246948727,15.2552572064543,0.9259975771308911,max
sys_1193,8539585,3,1,1,1.0734375,6008.067007210071,4.402239594146438,2186.6305821085293,35.05157078768411,2.577228404453828,high
sys_1194,7464420,1,1,0,0.9375,5621.641742705158,4.3831723299033065,2737.1865066762875,0.0,0.0,medium
sys_1195,7681675,1,1,0,1.109765625,5809.457604423709,4.260364938201386,19993.153718498743,0.0,0.0,high
sys_1196,7671507,1,1,0,0.9421875,5913.632717672364,4.273440467982762,1036.543944714483,0.0,0.0,low
sys_1197,1045495,1,1,0,0.94453125,4180.170245405147,4.059865557119779,3554.436497500549,0.0,0.0,low
sys_1198,2133779,1,1,0,1.08984375,5863.46106525795,4.471368083052844,2185.9624223334968,0.0,0.0,max
sys_1199,6928691,0,0,0,0.922265625,5641.907119148363,4.492329396325795,0.0,0.0,0.0,max
sys_1200,7753769,2,0,1,0.9328125,5814.072091486875,4.485189168720665,0.0,3.9307453302377473,1.8972954026828457,low
sys_1201,8135296,3,1,1,1.04296875,5825.923234132297,4.205347716487866,12090.120871420037,17.814830963580352,0.537756657705525,max
sys_1202,2692242,1,1,0,0.92578125,5466.963532187519,4.51997588406435,1435.25828466514,0.0,0.0,max
sys_1203,5969190,1,1,0,1.06171875,6121.954923437499,4.345551524611807,3880.822733368582,0.0,0.0,max
sys_1204,3253826,1,1,0,0.928125,5592.319111877562,4.326825737497573,4120.261646602671,0.0,0.0,low
sys_1205,3902519,0,0,0,1.04765625,6134.145248670924,4.453100286809886,0.0,0.0,0.0,low
sys_1206,2090290,1,1,0,1.0640625,6182.397373681656,4.092059141754026,6649.024217229407,0.0,0.0,low
sys_1207,8567951,0,0,0,1.1859375,6480.017670360011,4.386622060699546,0.0,0.0,0.0,max
sys_1208,6292825,2,0,1,1.1906249999999998,6170.324098207084,4.262551117836578,0.0,6.6057988017135365,1.7231798742260152,high
sys_1209,1554446,3,1,1,0.92578125,5649.411436828042,4.328677390120267,9959.553893265262,7.305127565067157,0.3157497736662376,high
sys_1210,5255495,2,0,1,1.003125,5838.987719687707,4.47116632858912,0.0,9.10246987073548,0.5507719012496167,max
sys_1211,7944218,2,0,1,0.94453125,5757.4721982192605,4.437116338932696,0.0,11.780742385324654,2.842471123021725,high
sys_1212,1879850,1,1,0,1.00078125,5739.866577785497,4.496627136760106,989.6624897852028,0.0,0.0,medium
sys_1213,4956902,2,0,1,0.9375,5505.842363883037,4.491903542957139,0.0,14.177362448449044,13.10179855247777,medium
sys_1214,1911303,0,0,0,1.034765625,5912.669834390479,4.280799460249775,0.0,0.0,0.0,high
sys_1215,4716876,1,1,0,1.04296875,5861.287430262442,4.310735770462556,8701.698592802237,0.0,0.0,high
sys_1216,1219986,2,0,1,1.1765625,6172.5490122784695,4.113878114976446,0.0,2.9689082531666497,0.4950348754349597,max
sys_1217,7728400,3,1,1,1.003125,5881.262953784296,4.168082545007454,1284.8050381532255,3.7303729941429657,3.816524456640153,max
sys_1218,7499642,3,1,1,1.09453125,6229.143283703088,4.217163445063938,552.2001206926961,70.8106899681861,3.508371060643257,low
sys_1219,6227994,1,1,0,0.975,4438.73628034255,3.608192961209477,609.9754827381275,0.0,0.0,low
sys_1220,7365924,1,1,0,1.08046875,5779.69043670497,4.486900418691673,712.9758282008623,0.0,0.0,max
sys_1221,1814666,3,1,1,0.928125,5566.925511230004,4.395186256209882,1474.8830417784527,6.923283056486374,1.092129033641567,max
sys_1222,4597380,1,1,0,1.11328125,6158.898523349592,4.389413064292553,781.6364015875189,0.0,0.0,high
sys_1223,2660429,1,1,0,1.03125,6183.211113070954,4.297441020987127,3348.0747563276204,0.0,0.0,medium
sys_1224,8962810,3,1,1,1.1484375,4451.871651695571,4.028192585962905,10946.91865496804,31.591199947262577,0.8517423051333266,medium
sys_1225,7888785,0,0,0,1.04765625,6187.01434714623,4.392474461868846,0.0,0.0,0.0,max
sys_1226,9686546,0,0,0,0.928125,5513.396209939275,4.452667557166028,0.0,0.0,0.0,medium
sys_1227,5317464,2,0,1,1.0359375,5805.992641560907,4.309896177222221,0.0,2.5905300197686447,0.3388714545688739,high
sys_1228,1807460,3,1,1,0.94921875,5818.797325485855,4.50922376791287,13147.80580500216,20.34998077347268,1.274322735726638,medium
sys_1229,7253924,1,1,0,1.02421875,5988.668870046105,4.2831838765635135,3059.0546142883427,0.0,0.0,high
sys_1230,9336576,2,0,1,1.0921875,6194.287190231253,4.3796969708187365,0.0,2.047040854450567,3.1309554640756923,low
sys_1231,1254402,2,0,1,1.02890625,5899.582178113093,4.357646348128995,0.0,4.119245094723731,1.4860332187681604,high
sys_1232,2834951,3,1,1,0.94453125,5798.335570021734,4.232687873886166,1246.43964213388,65.76112791609486,0.7719218122658394,low
sys_1233,7173320,0,0,0,1.0359375,5630.895989612157,4.515031453332081,0.0,0.0,0.0,medium
sys_1234,8927243,3,1,1,1.0734375,5984.774031640373,4.429098577404937,519.5069100917189,5.835098139483297,2.492520563737744,low
sys_1235,3243943,1,1,0,1.18828125,6188.207813657381,4.313671108950965,1369.3892010109007,0.0,0.0,medium
sys_1236,7346759,3,1,1,0.9046875,5347.356123046922,4.532492670807374,6069.787087177183,22.604778872073137,0.9827384031290808,medium
sys_1237,8802601,3,1,1,0.9515625,5821.793370400021,4.453219752316392,9071.27882825978,37.39858661089084,1.3290864380353942,high
sys_1238,8844473,2,0,1,0.922265625,5250.245421320215,4.424450957884598,0.0,20.382932140267872,7.38073184659014,high
sys_1239,4361336,0,0,0,1.053515625,6164.0110694972855,4.172963516241795,0.0,0.0,0.0,low
sys_1240,2620932,3,1,1,1.0734375,6040.015512627178,4.298955761740653,1035.706244309075,3.417089627428649,5.560272567787833,medium
sys_1241,9579591,1,1,0,1.1203125,6297.514074458185,4.26053359227539,1075.9675789524638,0.0,0.0,max
sys_1242,1939979,0,0,0,0.99609375,5936.976164467141,4.363370685990193,0.0,0.0,0.0,max
sys_1243,5889275,0,0,0,1.1906249999999998,6183.700187091632,4.279674708087974,0.0,0.0,0.0,high
sys_1244,5121523,0,0,0,0.90703125,5674.836472038883,4.3637306329957495,0.0,0.0,0.0,low
sys_1245,7013305,0,0,0,1.053515625,6198.937410564918,4.251032515786696,0.0,0.0,0.0,max
sys_1246,8978716,1,1,0,1.147265625,6240.921791460675,4.400121198183789,2424.5070257728053,0.0,0.0,medium
sys_1247,9186973,2,0,1,1.05703125,5963.84946974799,4.34286540657978,0.0,7.063913907828212,1.2229392723409078,high
sys_1248,8952770,2,0,1,1.08046875,5813.5955700008535,4.463762500493109,0.0,53.47392404466274,2.2772276375142813,medium
sys_1249,7961030,3,1,1,1.156640625,6099.5638238689,4.23020627015273,1784.361640154708,26.46314097822384,0.8205270454960919,low
sys_1250,6343280,3,1,1,0.94921875,5967.48095142944,4.322556982683438,12303.070627236662,17.40875397251817,2.4527278106206363,low
sys_1251,9130492,1,1,0,1.0734375,6036.2913683405,4.287811239440265,5058.1726241751785,0.0,0.0,low
sys_1252,3114834,1,1,0,1.17421875,6265.6797089450165,4.28197123719594,663.9518560179819,0.0,0.0,medium
sys_1253,1629433,0,0,0,1.0640625,6226.970386258247,4.145586446817843,0.0,0.0,0.0,medium
sys_1254,8599102,3,1,1,0.90234375,5614.421127294498,4.462494979601874,12140.089679303408,3.40082000883441,1.978046058302009,high
sys_1255,8612540,1,1,0,1.18828125,6185.721396501711,4.330875969593495,1595.9529424564876,0.0,0.0,high
sys_1256,8264226,3,1,1,0.922265625,5721.165480189336,4.423954663768171,1717.4208466519603,4.617498272118559,8.926642121257624,low
sys_1257,2185009,3,1,1,1.04296875,5790.564349429204,4.444862631828111,1106.8143732340911,10.262111120281284,0.9452911025495868,medium
sys_1258,9914793,0,0,0,1.09453125,6208.480040053499,4.175639058210577,0.0,0.0,0.0,high
sys_1259,1392446,1,1,0,1.1765625,6264.23325930692,4.269765012838743,14127.939751090527,0.0,0.0,medium
sys_1260,5771475,2,0,1,1.1765625,6259.088031808473,4.262970264626263,0.0,5.791472252339683,0.8853381069032904,medium
sys_1261,8172981,0,0,0,1.1953125,6482.630921253946,4.216797402626885,0.0,0.0,0.0,low
sys_1262,2539414,2,0,1,1.0171875,5915.203627490653,4.369209568479114,0.0,4.473555369802992,0.3886595916805456,high
sys_1263,6492771,0,0,0,1.02421875,5888.9341552096685,4.475856553211392,0.0,0.0,0.0,medium
sys_1264,1939638,2,0,1,0.922265625,5694.353115119254,4.451693966161944,0.0,41.89729779222087,4.146410815187775,max
sys_1265,6270818,0,0,0,1.14140625,6113.068594190743,4.401251382297184,0.0,0.0,0.0,medium
sys_1266,1987266,0,0,0,0.9375,5402.183791213703,4.543807258416477,0.0,0.0,0.0,max
sys_1267,2687081,1,1,0,1.14375,6337.682866060157,4.305815295427183,1159.6716018986394,0.0,0.0,max
sys_1268,8688371,2,0,1,1.1953125,6527.421485208244,4.340092869034889,0.0,4.884578038949001,0.3430940103798544,medium
sys_1269,6300145,0,0,0,0.903515625,5423.938607345607,4.467241649413413,0.0,0.0,0.0,max
sys_1270,4945786,2,0,1,1.1484375,5699.654103493186,4.267666979210775,0.0,8.234678718143368,2.229995914394359,max
sys_1271,8964593,0,0,0,1.15546875,6192.43701888621,4.425010125172528,0.0,0.0,0.0,high
sys_1272,8680847,1,1,0,1.05703125,5934.52098174393,4.21649400229412,5736.712631808804,0.0,0.0,medium
sys_1273,5368701,0,0,0,1.15546875,6253.92761486593,4.28834208551266,0.0,0.0,0.0,medium
sys_1274,4863764,2,0,1,1.194140625,6563.662968797596,4.224666040768689,0.0,48.34128844922664,1.113470757357178,max
sys_1275,8819448,3,1,1,1.1859375,6428.173759689333,4.202831429113319,6156.908561343181,7.674091888438081,10.830536778259066,high
sys_1276,8921161,1,1,0,0.922265625,5742.036985110203,4.396001680955826,1064.127921998086,0.0,0.0,max
sys_1277,4280922,0,0,0,1.00078125,5874.871627934359,4.333187302223192,0.0,0.0,0.0,high
sys_1278,5633155,1,1,0,1.0359375,5729.458085676961,4.151049264645011,7407.799281894634,0.0,0.0,max
sys_1279,4814174,1,1,0,0.9890625,5586.826304290168,4.507237993131128,2812.065913973505,0.0,0.0,low
sys_1280,5503778,1,1,0,1.13671875,6345.669636762773,4.283271970325407,3270.612403083203,0.0,0.0,medium
sys_1281,4097499,2,0,1,1.0640625,6286.390550959184,4.3623287022800925,0.0,4.600741077037527,5.321278106687942,low
sys_1282,9497949,1,1,0,0.93046875,5668.697999374953,4.5394941441619805,2253.0008049920298,0.0,0.0,low
sys_1283,3188255,1,1,0,1.01015625,5838.687379857957,4.387930240089869,4152.06990495951,0.0,0.0,max
sys_1284,7220893,2,0,1,1.16953125,6373.565143028041,4.387849717561069,0.0,91.14557562414956,4.203900048467305,high
sys_1285,9840927,0,0,0,0.97265625,5980.227584106291,4.365706355751642,0.0,0.0,0.0,high
sys_1286,9981652,2,0,1,1.053515625,6185.747532403533,4.217785879541381,0.0,4.670247418286549,2.829196413771442,max
sys_1287,3739882,3,1,1,0.90234375,5543.725418304804,4.510494280216625,6266.787455405903,4.374816642561595,14.05170044880231,max
sys_1288,3693888,3,1,1,1.01015625,5777.519902879915,4.455439900331891,620.636423903323,12.39546487954933,0.2935381836702115,high
sys_1289,2181693,0,0,0,0.9515625,4218.448992312881,4.152143306022391,0.0,0.0,0.0,max
sys_1290,3937925,2,0,1,1.18828125,6076.229358438798,4.109633887168379,0.0,3.639824995856198,1.4534062727376116,max
sys_1291,2851005,3,1,1,1.166015625,6113.175299966012,4.22485429358702,2686.1186422792903,12.432001455138234,0.8680339525998119,high
sys_1292,8230460,0,0,0,1.194140625,6450.833080160043,4.1604455348442855,0.0,0.0,0.0,low
sys_1293,2152781,0,0,0,1.1484375,4479.918538673829,3.8661437789036777,0.0,0.0,0.0,medium
sys_1294,2623290,1,1,0,1.15546875,6250.750803539317,4.342015375314556,1115.644583889252,0.0,0.0,max
sys_1295,9352652,0,0,0,1.044140625,5855.973987446007,4.200555472954173,0.0,0.0,0.0,low
sys_1296,5727089,2,0,1,0.9515625,5834.344804230798,4.441132480250854,0.0,74.062538132252,29.146027813839385,low
sys_1297,9254295,1,1,0,1.1847656249999998,6349.363152763493,4.35265347729556,636.2103842526484,0.0,0.0,max
sys_1298,7078513,3,1,1,0.9328125,5727.172012295976,4.539044360074652,819.3958073730699,2.6909267353488704,0.8798051006710172,low
sys_1299,2309113,2,0,1,1.0359375,5803.035863850328,4.348932582039009,0.0,55.01186000746478,5.486191897501537,low
sys_1300,4011392,1,1,0,1.1847656249999998,6360.987506881592,4.305469223660718,11565.985831161155,0.0,0.0,medium
sys_1301,2902334,3,1,1,1.044140625,4839.033941929496,4.362627593253966,898.181460924804,2.327638603950374,0.4218522877939675,medium
sys_1302,6088405,0,0,0,1.14375,6302.173136597078,4.395329624536135,0.0,0.0,0.0,medium
sys_1303,7011365,1,1,0,0.90234375,5464.387873777067,4.54975314145216,13080.208525488048,0.0,0.0,medium
sys_1304,1369683,0,0,0,1.0640625,6297.40657737655,4.324139456601964,0.0,0.0,0.0,low
sys_1305,9209790,1,1,0,1.02890625,5844.529441833681,4.437897708305123,851.7893226704306,0.0,0.0,max
sys_1306,6750819,3,1,1,0.90234375,5622.463568181664,4.455627628966022,774.6017734926611,99.34684281370262,5.494252538180874,medium
sys_1307,5332237,2,0,1,1.109765625,6333.424133909583,4.372183573681403,0.0,72.94280700761821,0.1531501112814442,high
sys_1308,2068287,3,1,1,0.92109375,5689.01418972346,4.481863964536864,7007.043955054008,9.818969360128714,0.8374638227092428,medium
sys_1309,1329564,1,1,0,1.166015625,6189.720045565234,4.325848085690342,7004.385062093725,0.0,0.0,low
sys_1310,5132419,0,0,0,0.91875,5535.589952617231,4.535682038795855,0.0,0.0,0.0,max
sys_1311,8950053,0,0,0,1.18359375,6546.97367332781,4.214084891183275,0.0,0.0,0.0,max
sys_1312,6175244,2,0,1,1.115625,4369.26955814547,3.908871871741833,0.0,8.746072334911407,0.3284314232932739,max
sys_1313,4838369,2,0,1,0.94921875,5932.835929917382,4.198855785353381,0.0,6.996855566198022,1.3108030810326985,medium
sys_1314,9124212,3,1,1,1.0359375,5716.576530649358,4.461581651275196,887.5516053269452,7.260984561451799,0.8786074823930993,max
sys_1315,9421879,2,0,1,0.903515625,5429.403113241939,4.463204286591798,0.0,9.444458706925325,3.5225917952277266,medium
sys_1316,4360877,3,1,1,1.06171875,5982.812736901804,4.074514085273806,15395.007887441376,68.29874852535931,1.1212299309412472,high
sys_1317,8965603,2,0,1,1.1765625,6217.183877595592,4.415891779376962,0.0,68.51779017937672,1.4108307444896788,low
sys_1318,6481092,1,1,0,0.95625,5746.413051847103,4.468115621065652,9424.303100549392,0.0,0.0,high
sys_1319,4116896,2,0,1,0.94921875,5772.056185445032,4.536931297492862,0.0,26.27604776274041,0.2348502235683333,medium
sys_1320,6363756,0,0,0,1.0359375,5798.341572774243,4.362123454931906,0.0,0.0,0.0,low
sys_1321,1775887,3,1,1,1.0171875,5948.002676139704,4.4875875407564285,793.5813453997127,14.41020459285198,1.9096581616946875,max
sys_1322,1261767,3,1,1,1.0078125,4278.973945875838,4.146374242560976,2282.5743668366704,44.17617661183539,3.485153557983083,high
sys_1323,6260332,1,1,0,1.0546875,5996.967144927101,4.247087510222443,17252.708614584095,0.0,0.0,high
sys_1324,4443460,1,1,0,1.00078125,5670.571417266273,4.538644201339698,1830.3569129621424,0.0,0.0,max
sys_1325,5204363,0,0,0,1.14140625,6142.772370692396,4.35524925770555,0.0,0.0,0.0,medium
sys_1326,1936622,3,1,1,0.928125,5310.364996785799,4.561047882159361,826.4847989816011,2.408805032814564,1.741485430652959,medium
sys_1327,3988493,3,1,1,0.90703125,5640.080605524127,4.418105685041206,2845.460208668858,27.27130998906468,0.6434490566973772,medium
sys_1328,4312244,3,1,1,0.90703125,4316.82814718055,3.4684042015761243,3357.991929488374,2.064619775042332,1.0452989726343669,max
sys_1329,9088137,3,1,1,1.1296875,6328.947441775616,4.223634157673869,7759.102086058227,4.487182875886133,2.108136671282362,max
sys_1330,3829312,0,0,0,0.9515625,5820.00821863786,4.454845419568915,0.0,0.0,0.0,max
sys_1331,2243686,2,0,1,0.97734375,5557.268179603141,4.51521454504867,0.0,83.84529228046951,5.147305886523265,low
sys_1332,6970616,3,1,1,0.91875,5638.992473720353,4.1250879964054805,1839.12017555208,6.562348579861459,12.686868536468298,high
sys_1333,4992280,3,1,1,0.9609375,5786.956408989794,4.343387820946185,671.6678767109548,7.78717742357912,0.449901164225276,low
sys_1334,9699658,1,1,0,1.1765625,6261.911468500582,4.266497580768301,7939.484626586833,0.0,0.0,high
sys_1335,8070747,2,0,1,1.1906249999999998,6174.238065572297,4.366118325172178,0.0,62.36516046246978,2.8239253623565403,high
sys_1336,4880921,1,1,0,1.0359375,5778.103118984296,4.399406046655984,2591.037504189288,0.0,0.0,low
sys_1337,6388435,3,1,1,1.10390625,6235.711111733015,4.376164162370098,601.3613600528178,48.72577549014809,2.090957263036329,max
sys_1338,6449140,0,0,0,0.98671875,5849.355766711966,4.1717655950304895,0.0,0.0,0.0,max
sys_1339,3690773,3,1,1,1.081640625,6117.062725908222,4.364773033702512,3045.491760723376,54.04216995169399,2.3687499703892603,low
sys_1340,5390199,3,1,1,1.1859375,4612.09515623798,3.4660555071458017,739.7300182032823,82.5531926040557,1.2842369890075855,high
sys_1341,3834033,0,0,0,1.0546875,6016.102360688083,4.322022992241026,0.0,0.0,0.0,high
sys_1342,3602578,1,1,0,0.97265625,5943.30109841849,4.177000771173274,615.117021130432,0.0,0.0,max
sys_1343,5334686,3,1,1,0.90703125,5402.346982304306,4.567920411947004,1820.4883613859772,7.692544956203224,0.4810783946472046,low
sys_1344,2540322,3,1,1,1.06640625,6012.980278739355,4.336951342532869,18635.9508974268,10.344067493572576,1.3794596087278896,high
sys_1345,8338928,2,0,1,1.0921875,6178.853984066785,4.40210600501128,0.0,38.99296593195242,1.16371712166282,medium
sys_1346,3646742,2,0,1,1.021875,4786.098186375059,4.342910640933448,0.0,10.9095661505728,3.9610910570224607,low
sys_1347,3466193,2,0,1,0.98671875,5903.6697548121965,4.327218081479823,0.0,2.735365193808032,0.4362198750028466,high
sys_1348,1732491,3,1,1,1.156640625,6082.47660436974,4.191739245736399,672.0932090820105,11.124025609601144,3.847677892336665,max
sys_1349,4942876,0,0,0,1.021875,5937.573637189017,4.379312345661905,0.0,0.0,0.0,low
sys_1350,3633107,3,1,1,1.11328125,6096.605607196164,4.1302380042752445,16423.124160660565,2.3446428189556308,0.6584931638241651,max
sys_1351,7374517,3,1,1,1.194140625,6551.885699251694,4.216361040113283,872.2521521201938,8.55567470778169,0.8267069478413562,medium
sys_1352,8527802,0,0,0,1.17421875,6236.315134557907,4.24722349893145,0.0,0.0,0.0,medium
sys_1353,5940813,3,1,1,1.17421875,6268.7347929375055,4.291212692991169,11348.991371712036,53.69797897417867,0.5414106027212096,max
sys_1354,9450174,0,0,0,1.166015625,6086.823706966384,4.207270135052159,0.0,0.0,0.0,max
sys_1355,2960892,1,1,0,0.978515625,5801.777093002423,4.445073615676338,527.7474580279302,0.0,0.0,low
sys_1356,2450993,3,1,1,1.10859375,6138.778490564981,4.1156156790285765,1048.1541809238438,2.060425335403625,2.7530785077958653,max
sys_1357,7505886,1,1,0,1.16953125,6361.489138608866,4.402385761880238,791.5759139519859,0.0,0.0,medium
sys_1358,4598054,1,1,0,0.997265625,5845.979930117964,4.507110624104857,1622.141288094624,0.0,0.0,low
sys_1359,4707112,2,0,1,1.194140625,6468.903252692484,4.170003835974782,0.0,2.264392420000559,0.3856795925251536,high
sys_1360,8006579,3,1,1,1.01015625,5846.423445633288,4.262483459116208,954.6948946373476,27.43888420042277,2.639747118275595,max
sys_1361,4067944,1,1,0,0.95625,5827.493588022604,4.253669713638693,587.2565874121185,0.0,0.0,high
sys_1362,9967061,1,1,0,0.9515625,5896.854096378886,4.33208725538576,1589.055837353798,0.0,0.0,medium
sys_1363,2196017,0,0,0,0.922265625,5706.783382005375,4.166092294591631,0.0,0.0,0.0,high
sys_1364,4685525,0,0,0,0.96796875,5724.230120083834,4.347380987185519,0.0,0.0,0.0,high
sys_1365,8939578,0,0,0,1.1859375,6436.065722731616,4.207337741470773,0.0,0.0,0.0,medium
sys_1366,6910275,3,1,1,1.11328125,6142.2827255020375,4.409980438088874,774.8856398852095,33.70112944595823,10.290000263265132,medium
sys_1367,5612764,2,0,1,0.9890625,5560.548937293081,4.521192009265125,0.0,6.9167017856248565,0.7127241222384898,low
sys_1368,7002542,1,1,0,1.044140625,5777.656052052719,4.482014475303791,6345.80292334437,0.0,0.0,low
sys_1369,5614744,2,0,1,1.1765625,6252.407016482909,4.255858512402607,0.0,27.3336662661719,1.5337606671101442,low
sys_1370,4653354,1,1,0,1.04296875,4214.578101207762,3.96072821225048,10544.570201215438,0.0,0.0,medium
sys_1371,1701141,2,0,1,1.147265625,6242.6412889543135,4.245448724037036,0.0,16.186386147284274,0.7108394058221434,high
sys_1372,5834046,3,1,1,1.02421875,5951.352590488855,4.190131447508028,6279.647605958339,55.41459751949633,7.813070985341266,medium
sys_1373,9677374,3,1,1,0.978515625,4216.514228420806,4.174085103497648,2416.977676368849,23.967403785033568,2.4021038460308364,low
sys_1374,3919341,0,0,0,1.11328125,6186.457831694563,4.308083091491266,0.0,0.0,0.0,high
sys_1375,7962068,1,1,0,1.1203125,5785.0038282507,4.261797278696676,11588.268876810062,0.0,0.0,high
sys_1376,9124417,3,1,1,0.97734375,5703.884425668389,4.396088321864588,4082.980409511421,20.83737069243477,2.9908812896612416,medium
sys_1377,5523029,3,1,1,1.07109375,6056.713053603472,4.39913789543172,18480.49216891945,24.95198524352234,0.7062965673006748,medium
sys_1378,4275420,0,0,0,0.98203125,6029.116227947753,4.305584159680132,0.0,0.0,0.0,medium
sys_1379,1251678,1,1,0,1.02890625,4273.245113572466,4.223136324589915,1402.6401279917156,0.0,0.0,high
sys_1380,9019384,2,0,1,0.91875,5535.1417194551095,4.53588547382022,0.0,2.531817094772656,1.0244193688695231,medium
sys_1381,1235013,3,1,1,1.03125,6133.72567755885,4.422000761096814,3964.360675043404,2.668574577300337,3.856919418330381,low
sys_1382,7355308,2,0,1,1.06171875,6110.199431506596,4.374420925535505,0.0,35.17196966458621,1.1390613779549357,max
sys_1383,1160111,3,1,1,1.02421875,5858.475303777052,4.497214229662887,1339.49577051065,61.72225958234757,0.4930880627399953,high
sys_1384,1525918,1,1,0,1.081640625,4819.464149263541,4.308035326140358,15337.194265337195,0.0,0.0,high
sys_1385,2578713,2,0,1,1.14140625,6151.337837091084,4.316670299845371,0.0,5.3333031080421485,3.071508535061883,high
sys_1386,5399412,1,1,0,1.147265625,6259.07511879438,4.3762758289116,1147.2368693378,0.0,0.0,max
sys_1387,2940059,2,0,1,0.922265625,4927.005357122576,4.412042154678755,0.0,17.622106600245022,1.1584079665344862,low
sys_1388,1292511,1,1,0,1.04765625,6072.705467406865,4.4944178861458965,14621.018846743886,0.0,0.0,low
sys_1389,1030064,2,0,1,0.9890625,5638.615137820642,4.125204654214163,0.0,57.29867046106339,1.6337963804362112,low
sys_1390,5623661,2,0,1,0.9609375,5710.884432863097,4.148059626869635,0.0,27.377729401079662,7.106469311231364,high
sys_1391,9658676,0,0,0,0.99609375,5840.014961805682,4.477542463118056,0.0,0.0,0.0,high
sys_1392,7920277,1,1,0,1.194140625,6443.5744894162135,4.052737889801912,4298.936023661979,0.0,0.0,medium
sys_1393,4289551,2,0,1,0.97734375,5561.76198577728,4.512815823354121,0.0,6.533944402900588,0.6699868842999495,low
sys_1394,1079529,1,1,0,1.1906249999999998,6190.715642756496,4.3025259861586616,5041.321669898898,0.0,0.0,medium
sys_1395,3138942,3,1,1,0.9421875,5850.043700630984,4.448013626155007,5815.884161223425,17.335222999412178,0.8490442551955771,high
sys_1396,2841117,2,0,1,1.06640625,5988.123999635649,4.227533911016519,0.0,81.3893483761055,1.9236140221402311,medium
sys_1397,8377608,1,1,0,0.96796875,5714.166625580734,4.373716449509261,1441.797404371226,0.0,0.0,high
sys_1398,5211912,1,1,0,1.0359375,5774.315117105342,4.2107065869732745,4426.476917299987,0.0,0.0,low
sys_1399,5256494,3,1,1,0.975,4936.453085464993,4.357295862411436,1630.8736052154695,2.433913779854671,1.5611870769294074,low
sys_1400,5593423,2,0,1,0.9890625,5662.619749249322,4.457685579681778,0.0,18.09972612408274,0.1852831736261714,low
sys_1401,6752038,0,0,0,0.93046875,5820.3730646709055,4.430198070200376,0.0,0.0,0.0,medium
sys_1402,3737092,0,0,0,0.96796875,5495.344078449027,4.544951382184587,0.0,0.0,0.0,low
sys_1403,1916962,2,0,1,1.1859375,6512.228450398558,4.28390528525779,0.0,35.62620269630867,0.6144168194250071,low
sys_1404,1132874,3,1,1,0.903515625,5490.90578964722,4.403906113458556,543.4253500697981,73.88807658693645,1.1899023347445548,medium
sys_1405,1831255,3,1,1,0.997265625,5954.694578843936,4.414140093197572,6168.121208246496,22.582070919724934,4.930431226486637,medium
sys_1406,5237279,1,1,0,1.091015625,6055.6511321692,4.323380271011919,1144.7751968875896,0.0,0.0,medium
sys_1407,1462126,0,0,0,1.16484375,6167.666449712097,4.253385652124349,0.0,0.0,0.0,low
sys_1408,5300495,3,1,1,0.94453125,5757.144126711206,4.437457557705681,1791.4419991629584,56.80904035406066,0.3697476299507833,low
sys_1409,2577301,2,0,1,1.194140625,6610.163179753091,4.289946840427746,0.0,52.570750365949095,1.2714115184207324,medium
sys_1410,8787752,2,0,1,1.194140625,5195.219569401846,4.230475543949866,0.0,48.61296298224913,7.147231169689486,max
sys_1411,3515376,1,1,0,1.08046875,5887.06660305643,4.239389889189527,1392.2580306079917,0.0,0.0,max
sys_1412,3844608,0,0,0,1.16015625,6268.343972924152,4.389478263517604,0.0,0.0,0.0,max
sys_1413,2212880,2,0,1,1.17421875,6195.059399615991,4.221111692692943,0.0,3.0255984273489784,5.925291365791387,low
sys_1414,5595826,0,0,0,1.1765625,6254.204647118874,4.257651165912179,0.0,0.0,0.0,low
sys_1415,4692748,1,1,0,0.978515625,5783.92968072755,4.138874489245836,1467.2812325406703,0.0,0.0,low
sys_1416,9631805,2,0,1,0.96796875,5550.994170432158,4.517723479814764,0.0,90.22794206933024,0.3734062250677393,high
sys_1417,2417422,0,0,0,1.04765625,5048.152894839841,4.318147193089413,0.0,0.0,0.0,max
sys_1418,6361928,3,1,1,0.9046875,5559.732272740484,4.263603276113678,1105.5247324612558,3.179121847306865,10.554495680984273,max
sys_1419,1756176,2,0,1,1.053515625,6174.033784658911,4.414521311708018,0.0,3.9310233687913394,1.3778952208433646,low
sys_1420,8680180,0,0,0,1.06171875,6043.955360015394,4.454067422499729,0.0,0.0,0.0,low
sys_1421,5146283,0,0,0,0.98671875,5883.9201164575015,4.384751957879947,0.0,0.0,0.0,max
sys_1422,2382883,2,0,1,1.194140625,6584.512480523697,4.242476561972921,0.0,25.27863264125917,1.683559004925821,max
sys_1423,9785262,2,0,1,1.003125,4718.095122531258,4.347736242546838,0.0,2.5646274360587644,1.8006403436703744,high
sys_1424,1231561,2,0,1,1.10859375,6167.8632636098255,4.437735119156994,0.0,12.388326677787015,1.389749099750409,high
sys_1425,4518933,3,1,1,0.99609375,5797.705123348951,4.506027377003639,1741.6637411129732,2.850348703216916,2.231679561826437,max
sys_1426,4676730,0,0,0,0.978515625,5695.042069508849,4.5201158973926905,0.0,0.0,0.0,low
sys_1427,5390750,1,1,0,1.0921875,6212.9987526509385,4.2913905212103405,13901.555354370345,0.0,0.0,max
sys_1428,7417682,1,1,0,1.16015625,4490.805296457585,3.952018479203768,970.4959958868664,0.0,0.0,low
sys_1429,3166464,1,1,0,1.18828125,6159.695740294367,4.254390216644718,9402.19894847487,0.0,0.0,low
sys_1430,2069475,2,0,1,1.003125,5925.252125349829,4.37216245052999,0.0,4.3567723856112535,0.2228494511694064,medium
sys_1431,8589315,1,1,0,0.9046875,5044.343683285929,4.448564458814816,923.2790099701508,0.0,0.0,high
sys_1432,1066422,3,1,1,1.09453125,6192.447802601542,4.437555116140175,958.9874167508224,13.000131583965407,3.817083195145795,medium
sys_1433,5672761,3,1,1,1.1847656249999998,6263.683845549661,4.127242941698851,1690.7746922004924,90.37175471829858,2.2909680668561645,max
sys_1434,5893318,1,1,0,0.98671875,5886.340768701702,4.245332406498183,3686.8879033927537,0.0,0.0,low
sys_1435,3357068,0,0,0,0.928125,5373.768154915578,4.534558236167303,0.0,0.0,0.0,medium
sys_1436,2254077,2,0,1,0.97265625,5981.803011616118,4.361777719410018,0.0,16.456463554033473,1.6248543466761318,high
sys_1437,5725226,2,0,1,0.9515625,5776.890201379312,4.103789960877288,0.0,5.812700166212862,0.4661100360369575,max
sys_1438,9005904,3,1,1,1.06171875,6005.6541482364255,4.094147799904085,7258.619022352882,48.259537133914144,0.5342679060026639,medium
sys_1439,4076971,3,1,1,1.1296875,6363.008713715593,4.324302631570583,1448.8292786264176,41.7211114925972,0.780004641037863,low
sys_1440,3139834,2,0,1,1.05703125,5906.346147912889,4.165290110551429,0.0,22.24796160771896,0.464231135571667,high
sys_1441,7209107,3,1,1,1.1203125,4484.018836170346,4.05036986711272,1061.8031493140743,34.176449515676566,6.407688673132462,high
sys_1442,2893929,0,0,0,1.11328125,6166.716742726153,4.258145837176017,0.0,0.0,0.0,high
sys_1443,9306326,0,0,0,1.07109375,5081.2140502675575,4.324923403512543,0.0,0.0,0.0,medium
sys_1444,4465977,0,0,0,1.1203125,6289.903402803623,4.249743789848959,0.0,0.0,0.0,low
sys_1445,5913301,0,0,0,1.04296875,5722.187757933456,4.493262873480201,0.0,0.0,0.0,medium
sys_1446,9978220,3,1,1,1.0453125,5077.395856855247,4.332218586883393,1596.7651172670712,2.75342684226228,0.3195651185564554,high
sys_1447,6971187,3,1,1,0.98671875,5870.802674081401,4.405312040086401,4480.7216920285255,8.553194897591345,2.410847642775784,high
sys_1448,9163483,3,1,1,1.1765625,6237.108128319024,4.2431937613857045,3133.5253687366,56.30147792353375,0.5678382173527857,medium
sys_1449,4581330,2,0,1,1.14140625,6084.490631439553,4.166590254869078,0.0,21.62679629040819,2.5285450464140418,max
sys_1450,9260291,0,0,0,1.109765625,4533.2967766840575,3.905893348108574,0.0,0.0,0.0,medium
sys_1451,4227453,2,0,1,1.10625,6061.031662257901,4.173892624083893,0.0,3.9327242834635543,1.09559945597131,high
sys_1452,5328765,2,0,1,1.1847656249999998,6314.778209142915,4.403509050261252,0.0,4.897083051856995,0.96906402912465,max
sys_1453,4961319,0,0,0,1.166015625,6178.430353881955,4.272170446528148,0.0,0.0,0.0,high
sys_1454,2105491,2,0,1,1.0359375,5675.617556498796,4.489256007976888,0.0,2.110457383734897,2.388800785030856,medium
sys_1455,8911894,3,1,1,0.91875,5702.53220557029,4.415428670647682,5440.526846980496,45.87431753290102,2.3101775464916883,low
sys_1456,6393207,3,1,1,0.92109375,5570.749614442661,4.550103812289447,14158.726470010515,4.841301360037367,0.8048689529192955,medium
sys_1457,6169021,2,0,1,1.1906249999999998,6124.011682062686,4.146595197147425,0.0,25.25659490578412,0.55768101419467,high
sys_1458,6673532,0,0,0,1.156640625,6135.161943378361,4.317364758341367,0.0,0.0,0.0,high
sys_1459,6657930,3,1,1,1.021875,4266.239914751866,3.9716765065193553,5702.629419698901,25.429395280389997,2.048696136737136,max
sys_1460,5411867,0,0,0,0.92109375,5582.774649584527,4.544340496562037,0.0,0.0,0.0,medium
sys_1461,8542170,0,0,0,0.90703125,5445.818156072308,4.54928394786476,0.0,0.0,0.0,max
sys_1462,4399109,0,0,0,1.08515625,6283.92502679958,4.272390374118868,0.0,0.0,0.0,medium
sys_1463,6681949,2,0,1,1.0453125,6015.279481985697,4.446636022804739,0.0,5.740031924141872,3.2849865676300785,medium
sys_1464,5599209,1,1,0,1.166015625,6111.601481956172,4.223959602338051,560.0117441614157,0.0,0.0,high
sys_1465,2363791,3,1,1,1.1203125,6310.203419618476,4.316421828244728,6785.771273984492,22.357346201375616,0.2533998398734798,high
sys_1466,2646480,1,1,0,1.06875,6137.271061254973,4.427383086026299,1181.9564510931173,0.0,0.0,high
sys_1467,4796452,3,1,1,1.044140625,5838.979879817557,4.432081631709306,695.2281281233971,12.815431207102334,0.9095147289832994,max
sys_1468,6396439,3,1,1,1.10625,6099.830323299762,4.260612793562388,742.6187602459639,5.569070512854351,0.8309237965255062,medium
sys_1469,6088548,1,1,0,1.02421875,5909.76640002109,4.136525387458619,3377.008604604854,0.0,0.0,medium
sys_1470,1805885,1,1,0,1.021875,5919.125830477507,4.408409929244842,1442.2430710990072,0.0,0.0,max
sys_1471,9258206,0,0,0,1.06875,6191.282801310224,4.284658848457297,0.0,0.0,0.0,max
sys_1472,4544630,2,0,1,1.15546875,6226.455605213158,4.3871790882187085,0.0,2.5662042847082183,0.9886024718904276,max
sys_1473,5174682,1,1,0,1.1859375,6417.700290277004,4.197062236106845,12991.382885649293,0.0,0.0,high
sys_1474,6306798,0,0,0,0.9609375,4344.962978108649,3.418533476591561,0.0,0.0,0.0,low
sys_1475,7999550,0,0,0,0.903515625,5353.908764234487,4.509777093627007,0.0,0.0,0.0,low
sys_1476,8284078,3,1,1,1.194140625,6554.420121259698,4.218068291414493,18059.15535453688,22.972380671457422,11.259163205668177,low
sys_1477,8018072,3,1,1,1.14140625,6151.421507296468,4.313016141889153,4455.7909080109575,2.026677707411622,2.1254234203451183,low
sys_1478,7966512,0,0,0,1.1203125,6310.547911750074,4.297889968644352,0.0,0.0,0.0,max
sys_1479,4586571,3,1,1,0.91875,5728.286197189229,4.376112135787405,18742.7081283808,26.44786261587207,1.871034758753444,high
sys_1480,6098393,2,0,1,0.99609375,5915.912187820536,4.402438799160708,0.0,3.309257791832298,0.7470576790017134,max
sys_1481,5339976,3,1,1,1.18828125,6153.420504842184,4.249627566187905,2544.4777186760984,42.29262793747758,0.403510506287298,medium
sys_1482,1793537,1,1,0,1.0359375,5697.394335331579,4.475220161393064,1953.4190864319287,0.0,0.0,low
sys_1483,9373312,2,0,1,1.11328125,6173.172372324478,4.267658750282855,0.0,45.32639707839653,7.875015747134815,low
sys_1484,4743073,0,0,0,1.18828125,4421.998627619432,3.858408873422484,0.0,0.0,0.0,max
sys_1485,9883097,3,1,1,1.1953125,6522.397907072251,4.2538518507789655,5090.384156881838,34.92407919541242,3.050340143071447,medium
sys_1486,1790212,2,0,1,1.1765625,6266.557813928578,4.273492292081929,0.0,49.56651186399275,1.1986386464786922,high
sys_1487,1011205,1,1,0,1.14140625,6119.553098363272,4.24089595664103,1111.8398923194277,0.0,0.0,max
sys_1488,9264196,1,1,0,1.147265625,6255.60979731738,4.256213571965323,2721.044425997237,0.0,0.0,max
sys_1489,2760566,3,1,1,0.96796875,4311.982275956501,3.445454312329499,1855.2992178213256,3.0272659978193563,0.6825286485893102,medium
sys_1490,4279225,3,1,1,1.044140625,5777.656052052719,4.482014475303791,1674.36701604799,13.23253947064006,0.8542963973112857,max
sys_1491,1416577,0,0,0,0.9046875,5356.916181604371,4.528215325327123,0.0,0.0,0.0,high
sys_1492,2550047,2,0,1,0.9609375,5741.928658999059,4.424540386234999,0.0,5.720687268266536,0.7193291856325149,high
sys_1493,1131238,3,1,1,1.10859375,4524.788707850491,3.661901009330108,9296.20909399534,3.8441796618649535,1.8532291539562415,medium
sys_1494,4182218,2,0,1,0.9515625,5842.368712762993,4.432635177095961,0.0,6.144655828522617,1.5008791428813353,max
sys_1495,7851274,1,1,0,1.1906249999999998,6181.707933574944,4.276318368167852,948.6523430270632,0.0,0.0,medium
sys_1496,8139373,2,0,1,1.0453125,6056.409550524038,4.40109805408939,0.0,21.299871931258487,1.0565191230372473,medium
sys_1497,4092782,2,0,1,1.0734375,6041.562582218377,4.319217521596904,0.0,37.577647283631805,0.4955947596295559,medium
sys_1498,8804545,1,1,0,1.17421875,6264.786726216791,4.279949840894387,1254.1663548982683,0.0,0.0,high
sys_1499,3388258,2,0,1,1.0546875,5912.262695848595,4.47243158698224,0.0,14.375145793451916,5.716711392137116,high
sys_1500,3515853,1,1,0,1.06875,6193.437753380386,4.313097337058652,611.423276437302,0.0,0.0,low
sys_1501,6354250,1,1,0,1.09453125,5442.283872356363,4.306077395537845,1658.8767797721848,0.0,0.0,medium
sys_1502,9749385,3,1,1,1.18359375,6570.6611097006735,4.231551025596839,9681.570578175992,11.417982240865127,2.4841775561346418,medium
sys_1503,9118587,1,1,0,1.096875,6328.214861675536,4.423178005835282,7698.385258791224,0.0,0.0,max
sys_1504,6821119,3,1,1,1.091015625,5981.947763496111,4.149330679604812,6451.620485345896,13.284063567090552,12.241977703004755,max
sys_1505,4050056,3,1,1,1.05703125,5871.142808909387,4.463043346878688,4376.236911381636,5.010228079604279,1.6051214960098628,high
sys_1506,4369402,2,0,1,1.16953125,6286.5700427931,4.420765065469789,0.0,3.18636356264255,4.158668930244663,medium
sys_1507,2638665,2,0,1,0.97734375,5621.172371257025,4.476877490111279,0.0,34.364480678285666,2.62634994551782,max
sys_1508,3589139,0,0,0,1.07109375,5918.83865710683,4.056071971831577,0.0,0.0,0.0,max
sys_1509,8425384,2,0,1,1.044140625,5738.206688425665,4.5067896488890735,0.0,76.51147143450402,0.4746959442689331,low
sys_1510,3441364,3,1,1,1.06875,4496.021897017469,3.7722914410510056,500.4244056962953,10.967261165247123,1.6074461487185048,low
sys_1511,1751388,2,0,1,1.1765625,6261.238806359963,4.26561668085729,0.0,18.24774137978677,1.8019218835060888,high
sys_1512,5965057,1,1,0,0.9328125,5802.360130772634,4.100020499100125,2739.025626062567,0.0,0.0,high
sys_1513,6892117,1,1,0,1.096875,6362.714587046708,4.377488995990123,4540.453146089245,0.0,0.0,high
sys_1514,7443699,3,1,1,1.08984375,5914.089644013219,4.431386260531902,7493.863538660818,59.12006994631105,1.7174201728020724,high
sys_1515,1117480,1,1,0,1.147265625,6244.87023723582,4.247140860286804,660.9151366225882,0.0,0.0,high
sys_1516,1336275,1,1,0,0.9375,5492.740917019036,4.499583627270383,3789.2763958204087,0.0,0.0,high
sys_1517,5707179,2,0,1,1.044140625,5864.220302226509,4.216183755048801,0.0,33.70595795560991,0.3116486566772263,max
sys_1518,7983780,1,1,0,1.147265625,6226.997341669368,4.414684844988462,1404.4184581745635,0.0,0.0,medium
sys_1519,2380783,1,1,0,1.17421875,6231.784609333331,4.243843360632586,1937.3974078441213,0.0,0.0,medium
sys_1520,4770719,2,0,1,1.16484375,6089.901163534729,4.122473569179341,0.0,89.14187781021026,1.0928298788977004,low
sys_1521,4547174,0,0,0,1.1906249999999998,6180.439109730116,4.274404569536867,0.0,0.0,0.0,max
sys_1522,2586194,2,0,1,1.171875,6392.674412430255,4.3309369715634105,0.0,27.585856615585637,0.6559477807121339,high
sys_1523,2370388,2,0,1,0.90703125,5681.86168393349,4.295298283878235,0.0,70.17152100880993,0.7370338885964223,high
sys_1524,8335281,1,1,0,1.0921875,6215.0099043496575,4.304552438773773,505.4852205152848,0.0,0.0,max
sys_1525,8148201,3,1,1,1.1765625,6249.628680635246,4.253265865751781,3730.527812329703,27.65806960570906,5.235141031294544,medium
sys_1526,7834770,2,0,1,1.07109375,5462.827456109956,4.318456184107316,0.0,8.339186736031047,0.6490570359121275,medium
sys_1527,6639984,1,1,0,1.034765625,5894.0290365713045,4.399838289519161,1891.429855426658,0.0,0.0,low
sys_1528,6642112,2,0,1,1.11328125,6180.732318828198,4.280800010679416,0.0,4.922047416441729,3.428938978662564,low
sys_1529,8783272,0,0,0,1.1906249999999998,6150.240551743296,4.398631826437004,0.0,0.0,0.0,high
sys_1530,3464209,3,1,1,1.02421875,5950.797862385946,4.418619201845836,506.8915280583425,69.23437922820723,1.0100089772003806,medium
sys_1531,2147976,1,1,0,0.95859375,4159.335104070574,4.224323518402492,2308.6021404745748,0.0,0.0,max
sys_1532,1735730,0,0,0,0.96796875,5679.249446699174,4.424529257505189,0.0,0.0,0.0,max
sys_1533,2693924,2,0,1,0.95859375,5792.662216442867,4.320099513443603,0.0,15.170702091629789,1.7291156637289058,medium
sys_1534,9986544,0,0,0,1.03125,6182.590210094575,4.292307891896574,0.0,0.0,0.0,high
sys_1535,7012918,0,0,0,1.0453125,6020.734703336451,4.441551233898999,0.0,0.0,0.0,medium
sys_1536,1467807,1,1,0,0.96796875,5602.978665367747,4.487701248064067,4531.094150970033,0.0,0.0,low
sys_1537,9725631,3,1,1,0.93046875,5752.470028591308,4.489717989016706,10459.1676312029,52.44522283143202,2.078324468450908,high
sys_1538,6793098,0,0,0,1.18359375,6567.371879919012,4.2288626582679205,0.0,0.0,0.0,medium
sys_1539,6349468,0,0,0,1.04296875,4383.032994756714,4.298938784212695,0.0,0.0,0.0,high
sys_1540,1643608,0,0,0,0.91875,5573.681497761203,4.516210582149509,0.0,0.0,0.0,max
sys_1541,8400167,1,1,0,1.044140625,5894.836682455467,4.334582095519485,794.1448773455814,0.0,0.0,low
sys_1542,6189152,1,1,0,0.928125,5579.234314029159,4.375103160063599,9612.635762290323,0.0,0.0,low
sys_1543,4873119,2,0,1,1.1578125,5316.533175545636,4.278158407983748,0.0,8.87822021198839,0.5625086018868801,max
sys_1544,3810930,2,0,1,1.1765625,6254.02105379404,4.257465990002459,0.0,35.60200028686704,0.9678870282860804,high
sys_1545,3842150,2,0,1,1.18828125,6093.141486824296,4.363094861163222,0.0,25.546149992587843,1.95544565865512,high
sys_1546,4600469,2,0,1,1.10390625,6215.652642366553,4.405072721304025,0.0,8.586905364551717,2.744500834523321,low
sys_1547,6644072,0,0,0,1.166015625,6091.143831311489,4.211276441270872,0.0,0.0,0.0,max
sys_1548,7280571,0,0,0,1.1859375,6471.765138369637,4.2307742124936425,0.0,0.0,0.0,medium
sys_1549,7858234,0,0,0,0.97734375,5727.073767557523,4.346047881138575,0.0,0.0,0.0,low
sys_1550,9115575,1,1,0,1.0640625,6116.391940904261,4.034712330297407,3018.5308007006747,0.0,0.0,medium
sys_1551,3608302,2,0,1,1.034765625,5859.174668144327,4.438725582392746,0.0,2.161863160727361,1.1547192338714618,low
sys_1552,4861111,0,0,0,1.1296875,6267.23423571453,4.120001561583434,0.0,0.0,0.0,max
sys_1553,9775507,3,1,1,0.9890625,5691.702006254426,4.431591753933621,717.8593475075054,75.00974950919148,0.7043565106618496,low
sys_1554,7190858,1,1,0,1.1015625,4350.645796649806,3.627924599805491,903.753607479688,0.0,0.0,medium
sys_1555,2649804,3,1,1,1.17421875,6178.167306658181,4.2119798038463445,1560.670949170103,44.07110400136558,4.480666285648517,medium
sys_1556,4145293,0,0,0,1.08984375,5947.551850165462,4.238227733626771,0.0,0.0,0.0,low
sys_1557,8610796,3,1,1,0.9421875,5697.8113913483885,4.551141488716539,4019.666518185619,27.443660788027785,2.989333030445521,medium
sys_1558,1723511,0,0,0,1.10625,4405.688836487621,3.772791161148589,0.0,0.0,0.0,max
sys_1559,3255017,1,1,0,1.0546875,5948.58371685373,4.44280193507329,11835.422127346636,0.0,0.0,medium
sys_1560,8684621,2,0,1,1.0078125,5955.592966346359,4.312916076483851,0.0,81.17009386317548,4.632444719705216,low
sys_1561,2763443,0,0,0,1.166015625,6175.151329224426,4.268139715696546,0.0,0.0,0.0,low
sys_1562,8751438,0,0,0,1.14375,5663.340274897514,4.255428347572335,0.0,0.0,0.0,medium
sys_1563,8422922,2,0,1,1.1859375,5186.656557343454,4.2439660624687,0.0,4.848358168712987,0.3855592912934024,high
sys_1564,9316823,0,0,0,1.096875,6309.877691456937,4.145593448993937,0.0,0.0,0.0,high
sys_1565,3176157,1,1,0,0.95859375,5614.2187574593845,4.519558586737241,1970.3344794728848,0.0,0.0,high
sys_1566,9979175,1,1,0,1.11328125,6152.468511086648,4.398044685406475,11028.23363874329,0.0,0.0,medium
sys_1567,2148048,2,0,1,0.95625,4342.6093228001055,3.728538310015225,0.0,2.9200647866655265,0.6282786062900556,low
sys_1568,6824164,3,1,1,0.94921875,5750.244611114628,4.553445538088529,1945.6071032744012,32.12030852476551,2.4317895083917422,low
sys_1569,8372819,0,0,0,1.16484375,6158.088241910516,4.237113119043301,0.0,0.0,0.0,medium
sys_1570,9821949,2,0,1,1.1015625,5837.489102059256,4.4549663117474,0.0,4.928507452888859,9.276399972157757,max
sys_1571,3890078,1,1,0,1.10859375,5394.916747271438,4.301879497897268,2921.818648074218,0.0,0.0,high
sys_1572,4321994,2,0,1,0.95625,5293.267142058286,4.411449371531009,0.0,38.90249191241486,1.119294269670358,medium
sys_1573,6920697,2,0,1,1.05703125,4938.756903298605,4.339909970146096,0.0,41.52528969954204,5.019038530682227,low
sys_1574,2980224,1,1,0,1.06640625,5986.566489027488,4.397602695179317,1308.6200355697656,0.0,0.0,high
sys_1575,4314643,0,0,0,1.10390625,4696.7373177128175,4.259446495461762,0.0,0.0,0.0,low
sys_1576,6379486,1,1,0,0.978515625,5860.112549297841,4.269846390360451,3010.5568899929563,0.0,0.0,low
sys_1577,3571047,3,1,1,1.1953125,6518.551066507923,4.248580541070409,6456.101657987527,2.6455571402687657,0.7898824596080317,high
sys_1578,2450325,1,1,0,1.04765625,4698.067563602414,4.280077242811556,11512.514181782915,0.0,0.0,low
sys_1579,5757722,1,1,0,1.1906249999999998,6124.738110412031,4.2310154832595925,6642.654618463263,0.0,0.0,medium
sys_1580,9155854,1,1,0,1.1953125,6511.453586492967,4.240488840826175,1916.0439324536983,0.0,0.0,max
sys_1581,9726009,3,1,1,0.93046875,5718.619484892413,4.511527267385558,13546.396061043648,39.46723266727119,3.604555538937536,low
sys_1582,4199869,0,0,0,1.0546875,5940.011025925084,4.14540665686395,0.0,0.0,0.0,low
sys_1583,8118678,0,0,0,1.02421875,5770.712580391138,4.375486875262678,0.0,0.0,0.0,high
sys_1584,4541530,2,0,1,1.091015625,6051.77506853231,4.343050647368483,0.0,6.607982867225481,2.6420456783299824,high
sys_1585,6457045,0,0,0,1.194140625,6588.710355882656,4.367649471990204,0.0,0.0,0.0,max
sys_1586,8535111,0,0,0,1.00078125,5628.310182741268,4.400313583398164,0.0,0.0,0.0,medium
sys_1587,5480228,2,0,1,1.003125,4272.483352540696,3.9911812182424327,0.0,4.870658947387047,0.6243725978376263,low
sys_1588,6440342,0,0,0,0.94921875,5964.990052333658,4.3370006093574975,0.0,0.0,0.0,high
sys_1589,9646469,0,0,0,1.0546875,5998.702572550822,4.252572500135193,0.0,0.0,0.0,medium
sys_1590,5377913,2,0,1,0.98203125,6011.42170018588,4.378181921936212,0.0,18.16096892940532,0.7511949653031418,max
sys_1591,4621809,0,0,0,1.096875,6359.116949323047,4.237310453633561,0.0,0.0,0.0,low
sys_1592,3565482,0,0,0,0.9890625,4155.042654115254,3.9968927966770624,0.0,0.0,0.0,max
sys_1593,5095503,3,1,1,0.928125,4105.82578020367,4.315104830622016,8211.784716926142,33.14770836500221,2.351897952015036,high
sys_1594,7452152,1,1,0,0.903515625,5520.831121409798,4.3454114698472175,7168.100318001571,0.0,0.0,low
sys_1595,9185909,1,1,0,1.156640625,5948.572313700919,4.046845665157502,2671.278270430892,0.0,0.0,max
sys_1596,2362991,1,1,0,0.93046875,5699.50902004373,4.522654869568063,16204.804199634877,0.0,0.0,max
sys_1597,4160032,1,1,0,1.06640625,5980.2739658161445,4.208943510698008,1996.3694496983255,0.0,0.0,max
sys_1598,5189781,2,0,1,1.0921875,4498.927486085494,3.4823646126824936,0.0,2.703213508460843,2.5565678560429594,high
sys_1599,5409657,0,0,0,1.003125,5811.787046329071,4.490385992986947,0.0,0.0,0.0,medium
sys_1600,8433905,0,0,0,1.1906249999999998,6174.037059160422,4.266393496919464,0.0,0.0,0.0,medium
sys_1601,6747373,2,0,1,1.003125,5909.548736331148,4.400077290781315,0.0,2.7743065616285865,4.12277665900676,low
sys_1602,1594707,0,0,0,0.9046875,5408.668922728271,4.502587242561464,0.0,0.0,0.0,medium
sys_1603,5547801,1,1,0,1.1015625,5925.201688120349,4.309967876943897,2419.3620279543743,0.0,0.0,low
sys_1604,4226933,2,0,1,0.95625,5817.396779374379,4.386436392197323,0.0,4.728619132393001,7.772477681258518,medium
sys_1605,9370293,3,1,1,0.97734375,5539.916399142343,4.52415663750521,6794.94313489748,2.2855971498181598,3.0282088697837537,max
sys_1606,9273910,3,1,1,1.171875,6388.424851599679,4.344207621348093,3344.585450235027,7.9919218870531,0.575333721739822,medium
sys_1607,4451919,2,0,1,0.9046875,5302.710496397686,4.551178749836838,0.0,20.06199701234186,2.504012385709157,max
sys_1608,1367132,3,1,1,1.1847656249999998,6320.176149159111,4.22100235963394,3968.7953901073447,62.30379889739648,0.3967964828792369,medium
sys_1609,2479529,1,1,0,0.997265625,5961.701636585748,4.404396345884681,536.8966668706545,0.0,0.0,medium
sys_1610,3833069,3,1,1,0.95625,5838.10777466875,4.333118628538662,16568.24574913974,87.44227405453314,1.2561375331739983,max
sys_1611,7194612,2,0,1,0.9046875,4385.590641506183,4.3996014153208,0.0,40.23998867831091,0.7076474400840013,max
sys_1612,1268885,0,0,0,1.17421875,6234.733638081795,4.2460187004166325,0.0,0.0,0.0,medium
sys_1613,8659152,2,0,1,0.903515625,5480.530841169093,4.416495420051327,0.0,8.498039229323384,11.44672692474578,high
sys_1614,1681163,3,1,1,1.08046875,5891.556286218365,4.383419566054619,15498.685409980668,7.864515131217208,13.473678653770593,high
sys_1615,9061670,3,1,1,1.0734375,5878.637681806623,4.064343088238147,3241.1419560663057,14.977129598344751,0.9039903691608084,high
sys_1616,5013159,2,0,1,1.06640625,5920.643338343692,4.464058474784261,0.0,23.365556437874965,2.965273036089308,max
sys_1617,3557360,0,0,0,1.08984375,5938.039021159478,4.213465612283014,0.0,0.0,0.0,medium
sys_1618,8184668,2,0,1,0.92578125,5362.946040755101,4.567217101466444,0.0,38.3713679859301,1.4384659533348405,max
sys_1619,4938082,1,1,0,1.00078125,5747.653148705394,4.485811252795247,950.2656308878244,0.0,0.0,low
sys_1620,1223757,0,0,0,1.11328125,6100.344361732184,4.134965998366636,0.0,0.0,0.0,high
sys_1621,1279045,3,1,1,0.96796875,5543.833417788612,4.521408523906263,826.9667181733696,33.87400383979629,3.768872839737581,medium
sys_1622,4424890,3,1,1,1.04765625,6069.290720826309,4.495681354798606,682.6643774274012,30.198512353975023,1.1708469003163593,max
sys_1623,5669224,2,0,1,1.0171875,6029.765780196938,4.19346617554383,0.0,36.95164797079915,0.365896528321815,high
sys_1624,1748331,3,1,1,1.16484375,6101.050044691175,4.393373027502255,749.1578024433421,77.88554239489832,1.2869923291302832,high
sys_1625,4772935,3,1,1,1.1859375,6423.395361947867,4.113688908166487,3450.4604186356114,2.952715472617213,1.728397976026837,max
sys_1626,6501791,3,1,1,1.08046875,5888.982642684916,4.38773063420116,4902.001292549496,22.513423763841136,2.1665831666141675,medium
sys_1627,2424832,1,1,0,0.99609375,5946.857282570876,4.308392268456363,3132.220832494353,0.0,0.0,max
sys_1628,5211140,0,0,0,1.17421875,6254.982875483694,4.264724575549413,0.0,0.0,0.0,low
sys_1629,2253756,3,1,1,1.18828125,6118.621598689193,4.178353709890342,599.6010091894033,4.125293588301626,1.7562684292999236,high
sys_1630,2664373,1,1,0,1.17421875,6146.612968767968,4.395634222838447,4106.786512123688,0.0,0.0,high
sys_1631,9742947,1,1,0,1.044140625,5895.602533871064,4.311716287800271,1808.8535632025375,0.0,0.0,medium
sys_1632,4015419,1,1,0,1.0453125,6074.45667871316,4.369787542759205,1475.3794784004906,0.0,0.0,max
sys_1633,8868318,2,0,1,1.11328125,6175.92522241706,4.359033188393668,0.0,2.0709534430222054,17.41461635465748,medium
sys_1634,8604737,1,1,0,1.109765625,5498.225638075813,4.280884336505378,4969.944316272105,0.0,0.0,max
sys_1635,5874371,0,0,0,1.1203125,4539.4789548316585,3.7352853780941455,0.0,0.0,0.0,medium
sys_1636,3000971,1,1,0,1.0546875,6001.976497818147,4.371866791981455,5082.771763405232,0.0,0.0,max
sys_1637,8818892,2,0,1,0.9890625,5736.7277901382695,4.26535659742954,0.0,4.361176710334533,4.675184209001797,high
sys_1638,4310888,0,0,0,1.17421875,6261.49721109599,4.2737591797444,0.0,0.0,0.0,high
sys_1639,8973299,1,1,0,1.08046875,5841.341357616694,4.158982266874224,5320.091929858946,0.0,0.0,high
sys_1640,5184125,1,1,0,1.081640625,6054.241522639432,4.444492376592351,1497.0655062682383,0.0,0.0,low
sys_1641,1430577,1,1,0,1.1859375,6449.716238618331,4.215585762061238,1952.7709533000989,0.0,0.0,high
sys_1642,7819847,3,1,1,1.08984375,5963.973081023924,4.361328029363213,1329.7819922778222,3.080324368066227,1.7428480287792214,low
sys_1643,2599552,2,0,1,0.94921875,4344.915302560845,3.924498502796771,0.0,45.95774397266291,0.9574236275878812,max
sys_1644,5404621,1,1,0,1.08984375,5955.971195191303,4.265115712194208,11940.44633431056,0.0,0.0,high
sys_1645,4550409,2,0,1,1.15546875,6217.895918543246,4.398136782561367,0.0,17.351522194001316,3.944890191179771,high
sys_1646,1663504,2,0,1,0.92578125,5441.942475766883,4.532018636340947,0.0,30.835039684765743,4.185965871583656,max
sys_1647,7690760,1,1,0,1.0734375,6024.623596403573,4.263786603665593,9149.757019006278,0.0,0.0,high
sys_1648,6635947,1,1,0,1.194140625,6574.920101188028,4.233625353711661,10047.211628841622,0.0,0.0,max
sys_1649,4972107,1,1,0,1.14140625,6150.092760324059,4.329121168949745,831.4251382091453,0.0,0.0,max
sys_1650,3458820,0,0,0,1.0734375,5998.238026289092,4.19517470588744,0.0,0.0,0.0,max
sys_1651,7380738,2,0,1,1.091015625,4391.21212513015,3.823860393269418,0.0,24.427823202616928,1.5228082529061833,max
sys_1652,1970045,1,1,0,1.1015625,5824.31719913994,4.464604840898764,1437.072513819836,0.0,0.0,max
sys_1653,8534132,0,0,0,1.166015625,6160.894031065485,4.2548994714256185,0.0,0.0,0.0,high
sys_1654,6003033,1,1,0,1.03125,6038.939209402596,4.500448233868746,646.2444803710351,0.0,0.0,medium
sys_1655,7759649,2,0,1,0.903515625,5277.949925977281,4.544629939082571,0.0,2.5704904565802487,5.8952093602920685,high
sys_1656,7744641,1,1,0,1.18359375,6587.756131453947,4.365021776326163,1458.603916749647,0.0,0.0,medium
sys_1657,6184957,3,1,1,1.1859375,6428.57978520742,4.203056531661018,1578.6625685174542,64.57006336925497,2.138633834741445,max
sys_1658,2678931,2,0,1,1.18828125,6093.141486824296,4.363094861163222,0.0,70.9673797448175,1.6353030198115135,max
sys_1659,9952943,3,1,1,0.978515625,5668.82379218009,4.535335495994114,17084.506943977034,54.12039209255364,0.7890617812272448,low
sys_1660,3489006,2,0,1,1.07109375,6088.985757301474,4.31741658989466,0.0,2.681320631853198,6.871054760570967,max
sys_1661,8510777,2,0,1,0.95859375,5790.873275425985,4.341489295101329,0.0,2.221187280012393,11.57881589941586,low
sys_1662,9317984,0,0,0,1.08046875,5794.347077478205,4.111706437755928,0.0,0.0,0.0,max
sys_1663,8417395,0,0,0,0.984375,5833.862004648183,4.494308463881748,0.0,0.0,0.0,low
sys_1664,5019968,2,0,1,1.1953125,6257.875787882081,3.9714641768523378,0.0,3.221889888183352,4.0429086214604295,max
sys_1665,7795069,0,0,0,1.021875,5951.500429967985,4.340532086418066,0.0,0.0,0.0,high
sys_1666,1241574,3,1,1,1.003125,5922.336640970676,4.378200007239187,2911.976157309622,99.916865430969,2.8403670162523924,max
sys_1667,7380926,1,1,0,1.156640625,6129.889719788716,4.345599492362633,3592.7144938655897,0.0,0.0,low
sys_1668,2563213,2,0,1,1.166015625,6188.961772196581,4.294271042894622,0.0,3.0269038612099504,1.019596326247856,medium
sys_1669,5513927,1,1,0,1.08046875,5846.631750362042,4.16561561706391,725.7250790222466,0.0,0.0,high
sys_1670,5830622,3,1,1,1.034765625,5815.93157049056,4.114932829039818,4634.252866283151,17.973907239893173,0.4140776980324303,low
sys_1671,3565627,3,1,1,0.93046875,5748.329017077666,4.492546882970832,12053.305715538596,8.973346950847247,1.6459159787558664,max
sys_1672,5570619,0,0,0,0.903515625,5515.555630454574,4.362960746525896,0.0,0.0,0.0,high
sys_1673,5885369,0,0,0,0.9421875,4294.947401213588,3.996506365195766,0.0,0.0,0.0,max
sys_1674,9468814,3,1,1,1.1859375,6429.445849397366,4.203532475098582,735.725276299553,15.886387366020898,1.509153763379521,max
sys_1675,7176518,3,1,1,1.003125,5776.73550192012,4.512748654273293,581.4960831888606,34.13470921036675,3.260598520674932,high
sys_1676,6726923,3,1,1,1.06640625,4415.456965246677,3.6634072492963834,643.073981841719,15.579034483506572,0.3108100744778739,max
sys_1677,1908662,2,0,1,1.0171875,6037.109484682324,4.403019996208688,0.0,5.690102389289527,3.170777660759961,medium
sys_1678,5680296,2,0,1,1.0921875,6194.775775529761,4.256897952441166,0.0,21.045414273034805,0.4913593925197063,high
sys_1679,5279021,1,1,0,1.1953125,6496.916099221228,4.2273841021006096,3649.30118741664,0.0,0.0,max
sys_1680,5226172,2,0,1,1.05703125,5924.936016534531,4.415239369470149,0.0,36.94738391531836,0.813362119171919,max
sys_1681,2595693,2,0,1,1.044140625,5777.064471737977,4.482420827202699,0.0,3.067299786107172,0.4288335415230603,max
sys_1682,9624781,0,0,0,0.9375,5205.065064108905,4.437201905416453,0.0,0.0,0.0,low
sys_1683,4972925,2,0,1,0.92578125,5540.434972667343,4.476952574704153,0.0,54.61578906986877,2.946867284956935,medium
sys_1684,5237617,3,1,1,1.081640625,6030.935465702555,4.464004596226401,5723.946024083737,19.07076918852701,0.4643873140141117,max
sys_1685,2978272,0,0,0,1.109765625,4809.840549921837,4.259092087447623,0.0,0.0,0.0,low
sys_1686,7361216,3,1,1,1.1578125,4982.972710489479,4.281087190006195,7409.649302695275,43.90736289216672,0.713616257509982,low
sys_1687,4336275,2,0,1,1.10859375,6218.403172353223,4.377365414924527,0.0,54.203025182774326,0.2870561379563258,high
sys_1688,5343327,0,0,0,1.1906249999999998,6150.240551743296,4.398631826437004,0.0,0.0,0.0,low
sys_1689,2257439,0,0,0,1.09453125,6249.4552738863,4.258200574476981,0.0,0.0,0.0,high
sys_1690,9014958,3,1,1,1.109765625,4529.936009387686,4.115687281190268,8035.98697038391,14.508680616689675,0.4696046668782421,max
sys_1691,4503361,0,0,0,1.1953125,6478.649978313023,4.214056529845715,0.0,0.0,0.0,low
sys_1692,5470143,0,0,0,1.003125,4791.004634946487,4.354093186420926,0.0,0.0,0.0,high
sys_1693,9562611,3,1,1,1.0359375,5766.109209747436,4.415194497972733,7960.317269641176,15.444376808140111,1.2048323140870745,medium
sys_1694,9546515,3,1,1,1.147265625,6224.771493540217,4.23324562326428,8625.347507628217,15.079361801896129,0.3972411691517612,max
sys_1695,8592510,2,0,1,1.1765625,6264.3449841944885,4.269931067288769,0.0,17.19363818852888,0.2158014559567733,low
sys_1696,9668813,2,0,1,1.0171875,6055.001916377906,4.258563233244383,0.0,7.722130857437242,2.689448420999155,max
sys_1697,4863111,0,0,0,0.9515625,5854.631938667108,4.418037545848687,0.0,0.0,0.0,medium
sys_1698,1015673,2,0,1,1.1906249999999998,6096.3714416046405,4.216031314924539,0.0,2.9869128865660484,1.7930853932228896,medium
sys_1699,9474451,3,1,1,0.9375,5623.544733074948,4.379908767609906,8514.49808538957,10.787547078525982,1.2989800164478418,low
sys_1700,4401375,2,0,1,0.9609375,4852.683442526484,4.394375038666788,0.0,18.106457222311526,4.118367590887762,high
sys_1701,6781531,1,1,0,1.17421875,6264.439676834697,4.279204718475473,11439.370454513966,0.0,0.0,medium
sys_1702,1597377,1,1,0,1.1953125,4717.37107996406,4.168999273487779,2050.67847852915,0.0,0.0,high
sys_1703,2556883,0,0,0,1.021875,5881.620185918217,4.447515713776893,0.0,0.0,0.0,high
sys_1704,9463105,3,1,1,1.034765625,5793.601107393898,4.488214052390845,548.9557910549352,8.3507042407237,0.9226934919404444,low
sys_1705,2887367,2,0,1,0.903515625,5191.5061191357945,4.578458888679984,0.0,72.71848758359666,9.299724494986044,medium
sys_1706,4879437,0,0,0,1.194140625,5719.660329557506,4.1969821334305975,0.0,0.0,0.0,low
sys_1707,4509580,3,1,1,1.1906249999999998,6154.194479871015,4.249274135018799,854.3711173738692,3.5551084163691784,10.451934531023308,low
sys_1708,5702319,0,0,0,1.14140625,6144.238390333078,4.351451106657136,0.0,0.0,0.0,medium
sys_1709,3265996,3,1,1,1.1847656249999998,4569.329558002396,3.711005018729612,5945.976065550284,76.38677774571323,1.8946543324911729,high
sys_1710,1442845,2,0,1,1.0640625,4513.315575285962,3.8514116149328834,0.0,41.508687344645246,1.1402624143036229,medium
sys_1711,9022810,3,1,1,1.04296875,5849.551879235623,4.372342283979778,1364.8928254661512,68.93700133183783,2.9513640684675577,high
sys_1712,5503790,0,0,0,0.997265625,5925.246246831327,4.1518679214177805,0.0,0.0,0.0,medium
sys_1713,4728094,2,0,1,0.9421875,5886.283811838345,4.403835058375473,0.0,61.87185500282463,0.8611006120300012,low
sys_1714,4480231,2,0,1,1.00078125,5832.49747213961,4.19122325688603,0.0,8.194333885648069,1.511749370522716,high
sys_1715,3191484,0,0,0,1.1906249999999998,6041.977675360889,4.427571041054968,0.0,0.0,0.0,max
sys_1716,2402490,0,0,0,1.06171875,5229.626465742051,4.328382599919577,0.0,0.0,0.0,medium
sys_1717,8036223,1,1,0,1.147265625,6228.986333670679,4.412767852554903,940.560365905394,0.0,0.0,max
sys_1718,7512752,2,0,1,1.10625,6088.382602643757,4.396586059187991,0.0,9.014265996447705,1.605327414313272,low
sys_1719,9694913,0,0,0,1.18359375,6576.028623685533,4.3824494215118,0.0,0.0,0.0,high
sys_1720,3982811,2,0,1,1.034765625,5906.998059613136,4.378409152097856,0.0,23.402610694779444,0.5968808072154391,low
sys_1721,7932612,2,0,1,1.16484375,6173.28582633089,4.368551038701759,0.0,63.433673323184784,2.116984758164627,low
sys_1722,7573133,0,0,0,0.9515625,5706.549917241589,4.5314350699604695,0.0,0.0,0.0,max
sys_1723,3433925,1,1,0,1.0921875,6183.285908343153,4.396390917955802,2494.7078205225494,0.0,0.0,low
sys_1724,8488408,2,0,1,1.0078125,5873.399007515934,4.140147222708933,0.0,7.987832742072532,0.8348080311979408,medium
sys_1725,8809794,1,1,0,1.0078125,5545.940939493636,4.373117525522548,1274.6010465855798,0.0,0.0,max
sys_1726,9978684,3,1,1,0.984375,5897.217409055895,4.158961097779771,8195.956462743661,11.547566403903245,5.077269225905993,low
sys_1727,6616125,1,1,0,1.14375,5245.759827588362,4.279026139364871,2797.5703790452744,0.0,0.0,high
sys_1728,7719351,3,1,1,1.08046875,5906.715653107649,4.347979409297015,10044.225413465943,8.628746655264877,1.6446622916636104,low
sys_1729,5410797,3,1,1,1.147265625,6278.820492605162,4.29962286898312,2230.0333371082515,3.208367321966354,13.108224801276176,high
sys_1730,1557633,1,1,0,1.06640625,5958.055254123305,4.170257409540896,1055.148264293893,0.0,0.0,high
sys_1731,5185522,3,1,1,1.18359375,6448.783783477749,4.060270797341165,16747.35656937496,5.947158098831135,3.2613429723488694,high
sys_1732,7404465,2,0,1,1.0734375,5947.611883083097,4.461301800806912,0.0,2.514005323414989,2.148119098482148,medium
sys_1733,4514452,3,1,1,1.1765625,6255.301872574884,4.258778647366539,7510.046499291774,3.986466701800399,4.786191833696763,medium
sys_1734,8696901,0,0,0,0.97734375,5514.414300311489,4.536611841747729,0.0,0.0,0.0,medium
sys_1735,8278197,3,1,1,0.95625,5804.193477735843,4.407376779809296,2068.9061777208703,18.494534004841142,4.298143215015032,low
sys_1736,1495191,3,1,1,0.95859375,5777.582296717183,4.376673284750768,812.0405793965053,3.858614076276953,0.2043244865740739,low
sys_1737,7365705,1,1,0,0.98671875,4598.485391784421,4.341374459872419,1326.6846296223518,0.0,0.0,low
sys_1738,2478370,0,0,0,1.18359375,6567.256311245483,4.228764266636622,0.0,0.0,0.0,low
sys_1739,4223906,0,0,0,1.06171875,6026.382637786928,4.114335859975348,0.0,0.0,0.0,max
sys_1740,3332095,3,1,1,0.9375,5548.623792406548,4.462766281030731,2727.647408278001,86.34200035581557,3.106292073290202,max
sys_1741,9442446,2,0,1,1.194140625,6419.9987294782495,4.03491940686424,0.0,19.130231657937724,5.722292158505503,high
sys_1742,7048495,0,0,0,1.021875,5895.352443801062,4.165578201209962,0.0,0.0,0.0,max
sys_1743,1218121,3,1,1,0.9890625,5700.567485019531,4.422044588752936,2403.593307951766,39.16795723749462,3.2448562806460464,medium
sys_1744,5802971,1,1,0,0.978515625,4326.2659224753215,3.752883102788259,968.877799899845,0.0,0.0,low
sys_1745,9328338,2,0,1,1.1015625,5904.699820914915,4.2532297720357946,0.0,40.46023150414736,1.3601982986830163,low
sys_1746,3675272,2,0,1,1.17421875,6250.022121673359,4.259271739517459,0.0,73.47627088696804,2.601594814528592,medium
sys_1747,4220715,3,1,1,1.044140625,5887.461934610657,4.284118157078493,888.2697383405748,96.41229781997347,3.0844700532389058,max
sys_1748,3639075,3,1,1,1.1203125,4484.181573968539,4.025664525690363,1228.328126142432,43.37872478575346,2.6247435651176594,high
sys_1749,5904209,2,0,1,1.1296875,6055.349722419313,4.242622931284884,0.0,19.0228766998481,4.015676884903012,medium
sys_1750,2554808,2,0,1,0.9609375,5691.20090743136,4.471090756132531,0.0,8.239538515212987,0.6992776657927505,medium
sys_1751,5491308,1,1,0,1.16015625,6226.648332479166,4.433522613105751,2495.665193492928,0.0,0.0,low
sys_1752,5810429,2,0,1,1.0359375,5792.8569100185205,4.3742754399237045,0.0,84.65264349869874,0.8601041700545319,medium
sys_1753,3059825,2,0,1,1.1765625,6252.744612251677,4.256198518939118,0.0,44.45647444834029,0.7416406713282591,medium
sys_1754,5758383,3,1,1,1.11328125,5996.874588362357,4.038550032924896,1638.465003508628,13.92827722421109,0.3951808074285388,medium
sys_1755,9050806,3,1,1,0.928125,5372.802503052439,4.535108611036477,1783.7787661898712,5.653697376369361,1.242121581291576,medium
sys_1756,3733107,0,0,0,0.97734375,5484.604885785185,4.552583726571145,0.0,0.0,0.0,max
sys_1757,7340634,2,0,1,1.05703125,5899.589117383053,4.156000443523845,0.0,46.15040376073391,1.1633113935231167,high
sys_1758,2903531,1,1,0,1.1847656249999998,6353.3874834854905,4.342852636989178,13430.178822194812,0.0,0.0,medium
sys_1759,3538706,1,1,0,0.9046875,5397.562659533278,4.50849816516495,19771.426393150257,0.0,0.0,medium
sys_1760,8419919,1,1,0,1.1203125,6217.785405015607,4.446036980134876,13498.723446150232,0.0,0.0,high
sys_1761,9958194,2,0,1,0.9375,5386.75286159759,4.55034505828692,0.0,31.9989833791699,15.927618424616414,high
sys_1762,8682830,2,0,1,0.922265625,5768.364425023747,4.32724683513966,0.0,22.745079709830332,3.3746597610515816,low
sys_1763,6335009,1,1,0,0.94453125,4300.452541386003,3.713034744822128,11303.12963565178,0.0,0.0,max
sys_1764,9371737,2,0,1,1.0734375,4700.103339771424,4.311740312789789,0.0,22.43907181108172,3.281451794058208,low
sys_1765,1312210,0,0,0,1.1203125,5785.0038282507,4.261797278696676,0.0,0.0,0.0,high
sys_1766,7229255,3,1,1,0.97734375,5728.444713495149,4.312784749611568,2913.395409993939,25.982884023769824,1.226374424999706,high
sys_1767,9638256,2,0,1,1.17421875,6252.793702415949,4.262213238913214,0.0,39.35895208687192,1.7944670775325362,medium
sys_1768,7606264,0,0,0,1.05,5218.410827588024,4.347173946332788,0.0,0.0,0.0,high
sys_1769,1554530,1,1,0,1.17421875,6249.8400686063205,4.259075345845869,1169.7854242872147,0.0,0.0,high
sys_1770,5937285,2,0,1,0.93046875,5813.551956961024,4.437825614481798,0.0,31.072461816923745,1.0385860566470952,low
sys_1771,7843170,2,0,1,0.94453125,5803.143842649131,4.246146575863758,0.0,2.8495143811333743,0.6864426787180178,low
sys_1772,3082108,0,0,0,0.9890625,5729.664679928329,4.380270698092421,0.0,0.0,0.0,max
sys_1773,5455178,2,0,1,1.17421875,6270.837214365483,4.306192551001868,0.0,21.993565312423907,0.8512835963409194,high
sys_1774,5425051,2,0,1,0.94921875,4308.421719717308,4.025993710549694,0.0,89.33589402727071,1.8602100551803933,medium
sys_1775,2850995,2,0,1,0.9609375,5713.997509174417,4.452587695669851,0.0,42.5461756862036,4.389323061994157,medium
sys_1776,8291746,0,0,0,1.134375,4432.4260539233765,3.957535105178133,0.0,0.0,0.0,medium
sys_1777,2866702,1,1,0,0.975,5168.806080575875,4.365032110028441,988.285087389883,0.0,0.0,high
sys_1778,6844506,2,0,1,1.0640625,6246.8558383345335,4.422174701264485,0.0,5.848960828896017,0.3151913656116988,medium
sys_1779,6788813,1,1,0,1.0546875,5950.792972813152,4.440736601966128,1212.3121628643942,0.0,0.0,medium
sys_1780,7226781,3,1,1,1.003125,5919.657877833851,4.242027876882865,4675.847580174586,91.68820661499524,1.1339431573854577,medium
sys_1781,2296876,2,0,1,1.1953125,6529.345930130248,4.334846306763463,0.0,2.8096410299862438,4.418282586913024,max
sys_1782,3793861,1,1,0,0.997265625,5942.119042710027,4.1736378211339735,9848.686821359932,0.0,0.0,medium
sys_1783,9485952,2,0,1,1.16484375,6190.1158861364665,4.306484841539888,0.0,5.583228127719254,1.1389339075320717,max
sys_1784,5152265,0,0,0,1.091015625,6005.277243899948,4.421992784917747,0.0,0.0,0.0,max
sys_1785,3593127,1,1,0,1.1296875,6345.442701910182,4.249419808812291,7218.146790989706,0.0,0.0,low
sys_1786,4012757,0,0,0,1.1765625,6223.538086285556,4.234015942787672,0.0,0.0,0.0,low
sys_1787,1288999,0,0,0,0.9328125,5739.160715559519,4.532331598411089,0.0,0.0,0.0,max
sys_1788,5221948,1,1,0,0.903515625,5360.991173952697,4.506074433435209,3012.6262133185,0.0,0.0,high
sys_1789,4583016,3,1,1,1.06640625,5976.800389998686,4.411001141201258,11316.093219731814,4.594011753930178,1.609556078865206,high
sys_1790,3777637,3,1,1,0.98671875,5860.426320027041,4.418667701153047,8702.480562687218,8.631909814167585,1.4793923760835683,max
sys_1791,7658216,0,0,0,1.171875,6343.314900669389,4.411506762211668,0.0,0.0,0.0,medium
sys_1792,3672465,0,0,0,1.034765625,5913.757104796939,4.283866639609689,0.0,0.0,0.0,max
sys_1793,3250986,0,0,0,1.09453125,6161.113022585105,4.465613949224037,0.0,0.0,0.0,high
sys_1794,1120867,3,1,1,1.003125,5927.987975375994,4.272895712116534,7898.561969666124,75.46132426163625,2.2485095632498258,low
sys_1795,3049814,0,0,0,1.0359375,5705.620371296081,4.469556835108326,0.0,0.0,0.0,high
sys_1796,7233600,1,1,0,1.156640625,6130.03116618307,4.344634063901855,3803.447803573105,0.0,0.0,max
sys_1797,4115136,1,1,0,0.97734375,5715.7429395340105,4.375577935975996,7546.495455616236,0.0,0.0,high
sys_1798,1553158,3,1,1,1.14140625,6099.402159744892,4.193294683061659,2002.4621778023704,22.32507994848143,1.5363703711596104,medium
sys_1799,7425107,2,0,1,1.096875,6359.627023847569,4.382691284421978,0.0,6.955131501812359,0.7503868190655226,max
sys_1800,8240183,3,1,1,0.97734375,5726.963539736433,4.346481924346492,3410.2553163763755,2.3019377664461023,1.798961858548713,medium
sys_1801,5387053,1,1,0,1.1953125,6519.378722642231,4.249652099857887,2733.558801408185,0.0,0.0,medium
sys_1802,2365575,0,0,0,1.18359375,6594.608333067566,4.257086221380905,0.0,0.0,0.0,max
sys_1803,1069115,0,0,0,1.08984375,5969.219412346184,4.294473686045872,0.0,0.0,0.0,medium
sys_1804,4314048,2,0,1,0.9609375,5631.212232105157,4.51004306753873,0.0,37.25961554254086,0.3519096227483225,medium
sys_1805,3430550,1,1,0,0.9515625,5820.365918599047,4.454521620234787,5720.5522214092,0.0,0.0,low
sys_1806,1708989,3,1,1,1.17421875,6262.8905553116565,4.27618332093498,2512.015885672396,2.358164805929577,10.509108493068949,medium
sys_1807,3665154,0,0,0,0.9421875,5874.586750577801,4.42003268995163,0.0,0.0,0.0,high
sys_1808,8565723,2,0,1,1.109765625,6300.143134783533,4.183962722360168,0.0,67.5994399692737,2.498502115899684,max
sys_1809,4099091,0,0,0,1.08046875,5787.877602829293,4.106310239641595,0.0,0.0,0.0,max
sys_1810,5425811,3,1,1,1.03125,6173.278980662453,4.265675011748748,5292.012638736615,7.179829457590776,1.515198060384838,low
sys_1811,7506740,0,0,0,1.1015625,5925.258136944828,4.329020500374155,0.0,0.0,0.0,low
sys_1812,6408935,0,0,0,0.9890625,4396.61994786679,4.346371919941937,0.0,0.0,0.0,medium
sys_1813,3246490,3,1,1,0.98203125,4959.056739633353,4.356379772947072,6905.608607998787,27.11982250256663,2.4800052615521397,low
sys_1814,4278065,2,0,1,0.92578125,5594.157379230959,4.431509929916771,0.0,5.381412828843514,4.392196415867798,max
sys_1815,1245524,2,0,1,1.1953125,5395.630922118687,4.245636264651579,0.0,51.10458051317323,4.631621606110004,low
sys_1816,4105579,1,1,0,1.02421875,4847.699943601042,4.352609255010737,4212.266623036937,0.0,0.0,medium
sys_1817,9676030,2,0,1,0.9609375,5729.394593819336,4.438147598203278,0.0,43.70295107437909,0.2547931343760212,medium
sys_1818,2599596,2,0,1,1.1765625,6213.086601030821,4.227597361911448,0.0,6.295953975049416,0.9868601419607678,max
sys_1819,6710046,0,0,0,1.003125,5924.690717241384,4.259853709562328,0.0,0.0,0.0,max
sys_1820,7343109,2,0,1,1.044140625,4481.783376278195,4.318216191577035,0.0,12.822809161672511,2.426351622142369,low
sys_1821,2749182,1,1,0,1.1906249999999998,6139.476187129094,4.409583274760006,7867.693107716387,0.0,0.0,medium
sys_1822,5058672,1,1,0,1.147265625,6266.886152168855,4.362135350173906,2095.8876510220134,0.0,0.0,max
sys_1823,7030220,2,0,1,1.194140625,6609.384674404478,4.2854875993856325,0.0,7.777497386542761,1.1557665732684022,low
sys_1824,9845594,2,0,1,1.02890625,5874.674058272082,4.212935426498237,0.0,3.994412002929805,4.853050503476021,medium
sys_1825,9469979,0,0,0,0.928125,5534.964799401046,4.432809923501454,0.0,0.0,0.0,low
sys_1826,7792710,3,1,1,0.91875,5602.350741271974,4.499718198798474,14160.819368714056,5.336074154858182,1.8706117780320937,high
sys_1827,3191934,2,0,1,1.034765625,4430.774747032963,4.295789002481169,0.0,11.16306513752721,0.5378027400691812,high
sys_1828,8942026,3,1,1,0.98203125,6009.993226800694,4.23682830557529,5730.76208414957,47.21610083168391,3.461172826397277,high
sys_1829,3456419,3,1,1,1.17421875,6210.2815281535895,4.229833661257203,4108.20535622921,85.75568672887721,2.2974612668819807,low
sys_1830,4597761,2,0,1,1.15546875,6255.83250652918,4.299116187886928,0.0,73.42233446401424,0.7698098150985148,high
sys_1831,3302309,3,1,1,1.194140625,6533.0670809646335,4.204496038517547,578.6506498730879,61.932652491262246,0.5175830778830608,medium
sys_1832,5454547,0,0,0,0.96796875,5656.763888305394,4.447112613245467,0.0,0.0,0.0,medium
sys_1833,4768474,3,1,1,1.18359375,6412.095565555856,4.030172376486165,7900.554045204783,8.283831858274972,0.9832290598169622,medium
sys_1834,5838137,2,0,1,1.1847656249999998,6349.135888395222,4.259981597752899,0.0,21.603724489249903,12.311948820245728,medium
sys_1835,6361148,0,0,0,1.14375,6225.360676078484,4.10637930945724,0.0,0.0,0.0,medium
sys_1836,5112382,1,1,0,0.97734375,5680.706388877584,4.425727110433926,1633.9252156602026,0.0,0.0,max
sys_1837,6317135,3,1,1,1.081640625,4478.085888487546,3.4710956735781235,1547.2918401590005,20.645935678252236,9.236041671033364,high
sys_1838,7842230,2,0,1,1.04296875,5859.840526317807,4.304834815878492,0.0,19.72410581910956,18.125630721439016,high
sys_1839,2332999,1,1,0,1.053515625,6169.042828399196,4.420154925574692,1941.1905909295804,0.0,0.0,medium
sys_1840,1505949,1,1,0,1.053515625,6216.445842290277,4.327772822470008,1690.4741616680355,0.0,0.0,max
sys_1841,6121995,2,0,1,1.00078125,4231.478538597486,4.16852619965699,0.0,6.423141897392176,0.2196327304483354,low
sys_1842,1343123,1,1,0,1.0125,4228.180385229447,4.192088743130471,1712.234437692357,0.0,0.0,low
sys_1843,8447956,2,0,1,1.156640625,6055.0241419834,4.1477953973719615,0.0,3.4120241292010154,0.5178198548660201,low
sys_1844,7095304,2,0,1,0.90234375,5622.463568181664,4.455627628966022,0.0,30.75040238433408,3.559203235258864,high
sys_1845,3185267,1,1,0,1.16484375,6188.415394675872,4.290811406269441,536.6281247863546,0.0,0.0,medium
sys_1846,1630180,2,0,1,1.1906249999999998,6155.154921890481,4.249967746572283,0.0,2.0732058434771896,1.210800894583272,medium
sys_1847,1433044,0,0,0,1.00078125,5872.169050289441,4.344943034742986,0.0,0.0,0.0,medium
sys_1848,8873596,3,1,1,1.17421875,6252.904673296561,4.369108243725658,4613.626784925451,2.8330438652575074,3.058185844346003,max
sys_1849,7826531,1,1,0,0.92578125,5361.73021553535,4.567956699389897,2664.240700110025,0.0,0.0,medium
sys_1850,2005891,2,0,1,1.08515625,6189.773829726584,4.112146430929566,0.0,33.60565362577309,7.018144334570653,medium
sys_1851,3415251,2,0,1,1.171875,6348.044756258112,4.2067779314787925,0.0,4.553696040009464,2.479747848064896,medium
sys_1852,5727784,3,1,1,1.03125,6125.226927710788,4.431744813606344,13323.321853424695,9.905659019544307,3.6692866971134266,high
sys_1853,5049140,3,1,1,1.021875,4350.0957071887415,3.684391896476555,1332.4925342646798,2.1091199508719654,7.737978857467586,high
sys_1854,4193153,1,1,0,1.16015625,4540.804991695089,4.171378875080716,3018.183214656932,0.0,0.0,medium
sys_1855,6725468,0,0,0,0.98671875,5758.483485275519,4.501980871686652,0.0,0.0,0.0,max
sys_1856,8885686,2,0,1,1.00078125,5698.510613024823,4.521145511223844,0.0,58.72452866125198,1.4176366033479055,low
sys_1857,6105435,0,0,0,1.044140625,5818.125062414842,4.149732470195586,0.0,0.0,0.0,medium
sys_1858,2191965,1,1,0,1.04296875,5817.966801106084,4.418269451639451,1511.185426541164,0.0,0.0,high
sys_1859,9180814,2,0,1,1.09453125,6245.94614679708,4.366894296957931,0.0,32.15984486170824,3.413704014863403,low
sys_1860,5531792,3,1,1,0.9609375,5680.121973632095,4.121155283405895,760.0011145296597,2.3668743860405868,2.1226282366460256,high
sys_1861,4016551,3,1,1,0.928125,5521.273471196124,4.445798203930124,18573.677508419845,4.9646839246595125,2.2974480068828305,max
sys_1862,7529053,1,1,0,1.18828125,6187.409233503943,4.321940354271455,7300.131496911847,0.0,0.0,high
sys_1863,3221046,3,1,1,1.0640625,6298.770888027136,4.2958631278158,9013.690266096415,3.4383960420486868,1.98012803992429,medium
sys_1864,9944263,2,0,1,0.91875,5725.7299308111005,4.380929572079454,0.0,82.06194933649684,1.131165611874692,max
sys_1865,3510347,0,0,0,0.9375,5514.336254375717,4.486647963327707,0.0,0.0,0.0,medium
sys_1866,9077733,0,0,0,1.034765625,4301.03859647679,3.8196738828754713,0.0,0.0,0.0,max
sys_1867,1343409,1,1,0,0.984375,5914.69883927137,4.181886892753724,820.0921664659469,0.0,0.0,low
sys_1868,2464536,3,1,1,1.09453125,6155.678903381202,4.470503508238043,5708.93635494794,33.392185501454065,1.3645683165062918,high
sys_1869,8708312,1,1,0,0.903515625,5312.365658769855,4.529715687183869,882.857688116119,0.0,0.0,medium
sys_1870,4868783,0,0,0,1.11328125,6163.93094836229,4.253639424326798,0.0,0.0,0.0,low
sys_1871,3165958,0,0,0,1.0734375,6034.279288163537,4.3538099830299934,0.0,0.0,0.0,low
sys_1872,3587772,1,1,0,1.1859375,6493.972349864745,4.250981099771936,9047.102317612782,0.0,0.0,medium
sys_1873,7740555,2,0,1,1.11328125,6165.462057175143,4.256165166590261,0.0,10.056919652296171,6.470645984889465,medium
sys_1874,7942871,0,0,0,1.021875,5942.105406204851,4.274392514375188,0.0,0.0,0.0,low
sys_1875,3586689,0,0,0,1.08046875,5867.106518275198,4.195875051928228,0.0,0.0,0.0,medium
sys_1876,2389839,0,0,0,1.096875,6354.687827898289,4.229358038797703,0.0,0.0,0.0,medium
sys_1877,6872432,0,0,0,1.11328125,6132.131166760977,4.420550687197928,0.0,0.0,0.0,max
sys_1878,3909004,3,1,1,0.9375,5404.749098251409,4.542607003924185,626.7513007466927,8.807968953141465,5.1181299821912685,low
sys_1879,6858713,0,0,0,0.9328125,5910.780458184999,4.237192459876599,0.0,0.0,0.0,medium
sys_1880,4614585,0,0,0,1.14140625,6013.889508725825,4.304873375448185,0.0,0.0,0.0,low
sys_1881,8713129,0,0,0,1.0546875,5896.409440887734,4.483822611887357,0.0,0.0,0.0,high
sys_1882,4554746,1,1,0,1.0453125,5936.866973351323,4.069023290524498,11128.70499775468,0.0,0.0,low
sys_1883,9182701,3,1,1,1.18828125,6172.961752126451,4.363638840551183,4466.148029020786,4.099416477769382,4.936232399929974,max
sys_1884,8204897,1,1,0,0.91875,5733.289196221538,4.2543056144978575,674.2109471978656,0.0,0.0,medium
sys_1885,7916995,0,0,0,1.08515625,6262.742077933969,4.23433482091516,0.0,0.0,0.0,max
sys_1886,8753556,3,1,1,0.92109375,5758.478345653187,4.4152967371490215,18545.9979766056,8.846372114142481,2.5014304154032048,high
sys_1887,5281379,3,1,1,0.94453125,4213.955679963779,3.9609577381722665,1283.30345594221,12.974837467524813,3.803329135770212,max
sys_1888,8779289,3,1,1,1.044140625,5847.499330805204,4.18693694056538,659.768122794802,15.359191799482106,2.351779986437356,low
sys_1889,7382328,0,0,0,0.96796875,5724.386810648018,4.3022341844352825,0.0,0.0,0.0,medium
sys_1890,4406992,1,1,0,1.034765625,5876.461802225408,4.186253133181291,935.9620977999572,0.0,0.0,medium
sys_1891,9145058,2,0,1,1.03125,5770.899233197215,4.319764622474144,0.0,11.467410466699905,6.021080596351697,medium
sys_1892,8446430,3,1,1,0.997265625,5207.02977497441,4.370637234325114,1573.12436317758,75.58791374385608,0.3718140555578321,medium
sys_1893,7836554,3,1,1,1.194140625,6518.982186260859,4.19636715608802,9805.86231480184,26.11966819503408,2.5950013072396643,high
sys_1894,9127658,2,0,1,1.194140625,6540.657106011187,4.209113026097767,0.0,2.45326041343732,3.427429460002002,max
sys_1895,5995646,3,1,1,1.0453125,4903.077274938996,4.325864574559943,2122.6609093267416,24.00740245775577,4.132219106028676,low
sys_1896,8324786,2,0,1,1.096875,6373.815960317237,4.260157889240514,0.0,9.315926771515484,1.85618246004458,high
sys_1897,4287450,1,1,0,1.1765625,6260.684690209721,4.264909101957319,974.933227786854,0.0,0.0,low
sys_1898,5808656,3,1,1,0.92109375,5795.559741380753,4.287759611987329,1265.0163333295416,35.02504798227538,0.2116270253585863,high
sys_1899,9359070,1,1,0,0.9609375,5607.645206772708,4.522976824207773,14767.798135900144,0.0,0.0,medium
sys_1900,2001910,2,0,1,1.053515625,6199.720594519207,4.376950140032943,0.0,5.0913627094050335,0.3961914606558517,low
sys_1901,7294919,0,0,0,0.99609375,5912.637647061057,4.407122277017932,0.0,0.0,0.0,low
sys_1902,8483749,0,0,0,0.97265625,4392.274667378427,3.759092539412231,0.0,0.0,0.0,max
sys_1903,1538456,0,0,0,1.10390625,4597.251663677281,4.2323740529027845,0.0,0.0,0.0,low
sys_1904,1700253,1,1,0,1.034765625,5861.485376388911,4.436598414742058,2110.6848439417663,0.0,0.0,max
sys_1905,4479908,2,0,1,1.034765625,5847.710778554773,4.448817652680432,0.0,14.542661529581434,2.542189497696725,low
sys_1906,3559576,1,1,0,1.1953125,6518.586679807546,4.248625078820815,1674.715669368887,0.0,0.0,low
sys_1907,6819343,2,0,1,1.08984375,5845.161082119391,4.096647867904337,0.0,14.230149929988436,2.481759226070711,high
sys_1908,5025228,0,0,0,0.90234375,5698.816188050866,4.281278690345539,0.0,0.0,0.0,low
sys_1909,1000317,3,1,1,0.90703125,5682.143536822295,4.298866906658817,4154.503659591385,31.783825135339324,1.0787095851408015,medium
sys_1910,5393473,0,0,0,1.0359375,5744.271750818535,4.438295584428088,0.0,0.0,0.0,low
sys_1911,8968211,0,0,0,0.94453125,5751.184587258026,4.443508219985304,0.0,0.0,0.0,low
sys_1912,8841701,1,1,0,1.09453125,6125.319331305709,4.321980903398573,601.7682973279914,0.0,0.0,max
sys_1913,3892391,1,1,0,1.1765625,6275.297364842159,4.31073858009845,8176.859525065565,0.0,0.0,low
sys_1914,3629335,1,1,0,0.928125,5580.096585879799,4.24553006559459,2891.9088029991967,0.0,0.0,medium
sys_1915,6772763,1,1,0,1.053515625,6183.401582522307,4.402791573770223,6066.64935117692,0.0,0.0,low
sys_1916,2409874,0,0,0,1.096875,6354.009603446405,4.391366037107738,0.0,0.0,0.0,max
sys_1917,3972876,2,0,1,0.9421875,5751.483312067549,4.5209815534669655,0.0,6.91650417921509,1.6297977208715293,low
sys_1918,9433534,0,0,0,0.903515625,5238.883982604923,4.560321980636978,0.0,0.0,0.0,medium
sys_1919,2784587,0,0,0,1.16015625,6299.742865633178,4.294383727356594,0.0,0.0,0.0,medium
sys_1920,7740428,1,1,0,1.1765625,6256.416063944876,4.259966638684527,1740.9034833888866,0.0,0.0,medium
sys_1921,7758648,3,1,1,0.9890625,5544.351986905544,4.529386306206465,560.1772351074744,54.48542784056949,4.028751899287221,medium
sys_1922,4286785,0,0,0,1.14140625,4451.202807087373,3.5841641334976817,0.0,0.0,0.0,medium
sys_1923,9309858,0,0,0,1.1203125,6136.154058595569,4.044827320157903,0.0,0.0,0.0,low
sys_1924,9834363,0,0,0,0.90234375,5691.542625674747,4.368325076492385,0.0,0.0,0.0,medium
sys_1925,6161605,1,1,0,1.081640625,6052.174792745662,4.143478166179062,9036.266188944386,0.0,0.0,max
sys_1926,7348471,0,0,0,0.95625,5832.166432065645,4.273372003523567,0.0,0.0,0.0,max
sys_1927,2592234,2,0,1,1.18828125,6146.60461152012,4.244888455908279,0.0,66.9500306754887,5.84399873479996,medium
sys_1928,7875949,3,1,1,1.1859375,4878.295413447245,4.223620358233357,4483.594593264386,2.2192497334679344,1.88864800722356,max
sys_1929,3325401,1,1,0,1.1015625,5925.419669282625,4.327298230752211,7467.83616103855,0.0,0.0,low
sys_1930,8041967,3,1,1,1.1484375,6164.136753489793,4.399148636237388,8243.19637852609,2.7529811634260133,2.01471108689294,high
sys_1931,9851550,0,0,0,1.166015625,6176.533160226079,4.363546105927133,0.0,0.0,0.0,max
sys_1932,9562648,2,0,1,1.1906249999999998,6148.111664379804,4.245077935020548,0.0,2.265760936652271,2.619637410670303,high
sys_1933,5258825,1,1,0,0.90703125,5597.542991569704,4.460727016016038,872.7537156532766,0.0,0.0,medium
sys_1934,6481393,3,1,1,1.081640625,6100.394964714248,4.393769351037506,3626.180969471213,3.652207190645397,1.5511062000752815,low
sys_1935,9994456,2,0,1,1.091015625,6055.413188440535,4.300165877275439,0.0,3.057410118278217,4.004553407778233,high
sys_1936,4731368,2,0,1,1.081640625,4473.011952327054,3.551437537428523,0.0,3.1348259012095903,0.4556015854951029,max
sys_1937,2109931,1,1,0,1.14375,6309.935537629461,4.384857248556605,615.172076764069,0.0,0.0,medium
sys_1938,6889578,1,1,0,1.194140625,6566.9343741629245,4.227154102764721,3488.390962575112,0.0,0.0,medium
sys_1939,6169699,1,1,0,1.0078125,5788.318758172769,4.5168078930771305,1092.0547155670513,0.0,0.0,medium
sys_1940,6093643,2,0,1,1.1765625,6217.183877595592,4.415891779376962,0.0,53.08077988291738,0.8977491124135514,high
sys_1941,3251470,1,1,0,0.978515625,5814.517654763469,4.432051718779942,5083.513910370871,0.0,0.0,high
sys_1942,1827608,1,1,0,1.06875,6100.502296468161,4.461996832204521,5753.7194453974935,0.0,0.0,max
sys_1943,7926282,2,0,1,1.0359375,5800.505003230242,4.356507553812258,0.0,3.4563547171255937,0.4812642282107409,low
sys_1944,3755765,1,1,0,0.97265625,5808.984753758326,4.530897743556961,732.823585965755,0.0,0.0,high
sys_1945,2959230,3,1,1,1.09453125,6258.437453384273,4.331978227933243,14199.180583236646,5.201286978823665,5.677670164237156,max
sys_1946,2365625,1,1,0,0.978515625,5242.135705403343,4.390345009549834,3490.20833617752,0.0,0.0,low
sys_1947,5464742,3,1,1,1.1847656249999998,4523.043190661741,3.9708709225653,4021.5193943588592,6.973676800401246,1.6667440775313338,high
sys_1948,8209715,0,0,0,1.06875,6112.799422868167,4.134778354372272,0.0,0.0,0.0,max
sys_1949,4998231,2,0,1,0.96796875,5499.705818175978,4.5428542415349655,0.0,85.2415490143009,0.8790060862503515,medium
sys_1950,7472015,1,1,0,1.0171875,6061.190450951016,4.354499429840735,1209.5949948098205,0.0,0.0,medium
sys_1951,6054357,1,1,0,0.922265625,5672.517415707803,4.47031432920667,3044.1882793428717,0.0,0.0,medium
sys_1952,5855016,0,0,0,1.05703125,5961.252234069922,4.292726573807241,0.0,0.0,0.0,low
sys_1953,4342855,2,0,1,1.1578125,5421.212004115442,4.272422242495336,0.0,2.145996596603828,3.073618258953616,high
sys_1954,6621176,2,0,1,0.9375,5620.758563185211,4.231388718706463,0.0,11.851121955938437,0.6548990310885261,max
sys_1955,8799463,1,1,0,1.1906249999999998,6149.796529681178,4.24620620476095,891.4579979678974,0.0,0.0,max
sys_1956,3049361,0,0,0,1.10625,6120.238056247454,4.325457235494579,0.0,0.0,0.0,medium
sys_1957,9228579,0,0,0,0.9046875,3978.889823637274,4.209126052629931,0.0,0.0,0.0,high
sys_1958,7337616,3,1,1,1.1859375,6486.891700909799,4.378112812187847,762.3107820267014,14.051699445929394,5.130516775877111,max
sys_1959,2647043,3,1,1,1.147265625,6266.790959393139,4.268774440499943,10753.160038703696,29.31968752778732,0.630543134233836,high
sys_1960,8804088,3,1,1,1.003125,5937.305012316171,4.302992416404957,4250.5219417276885,47.61255457430865,1.9518099132748816,medium
sys_1961,7863178,1,1,0,1.18359375,6540.237156071071,4.209727882801962,7341.686388363802,0.0,0.0,max
sys_1962,4369225,3,1,1,1.09453125,6181.138734452903,4.44796996019268,14275.30180000223,53.55398383031748,8.596886806644708,medium
sys_1963,2623772,0,0,0,1.034765625,5776.455152490839,4.499135951156738,0.0,0.0,0.0,medium
sys_1964,9646444,2,0,1,0.90234375,5570.426340509015,4.494440947721578,0.0,5.861528991280733,1.6654523047194991,max
sys_1965,6418739,1,1,0,0.978515625,5685.809069785956,4.53578951442089,804.9749123851598,0.0,0.0,low
sys_1966,1534624,2,0,1,0.97265625,5974.804877122991,4.243567973607557,0.0,28.490250641817585,15.454360043195395,max
sys_1967,8777324,3,1,1,0.903515625,5466.358136927733,4.431574483626985,14425.324635787329,58.00941933090042,1.1873208281485936,high
sys_1968,3841524,3,1,1,0.9046875,5309.672473836692,4.548366113267666,513.4285830124957,6.778388197431839,5.109943745981724,medium
sys_1969,1203261,0,0,0,1.08984375,5962.44735200246,4.280099379697715,0.0,0.0,0.0,max
sys_1970,3282961,2,0,1,0.9375,5468.805915245165,4.512537729963285,0.0,62.201486040940495,0.9084275935257352,medium
sys_1971,2336811,2,0,1,1.05703125,5907.210903848867,4.433544828415287,0.0,20.760943386768773,7.088709612689713,high
sys_1972,7198341,3,1,1,1.053515625,6148.146437717473,4.441561906503964,4015.709617455305,9.356769306656243,2.242585972801975,high
sys_1973,1070300,2,0,1,1.109765625,6325.350082887955,4.235786630618316,0.0,86.26618883627009,0.5867837651131371,medium
sys_1974,7508304,1,1,0,1.06640625,6008.31036332334,4.354226495911855,1086.5172520142685,0.0,0.0,max
sys_1975,8194044,3,1,1,1.05703125,4428.483489540495,4.277164451964274,1056.7530371774253,3.4354914694721086,3.603496786816784,high
sys_1976,9584979,3,1,1,0.903515625,5418.426561497012,4.4711852161011,8292.21702589589,7.724018165348487,2.6438334385708084,low
sys_1977,9262405,2,0,1,0.975,4358.498393050105,3.905971517663052,0.0,2.509013069508893,2.055727180340039,medium
sys_1978,7139486,2,0,1,0.9421875,5836.93082440245,4.46050151206998,0.0,4.49567258972848,2.8536897658800218,max
sys_1979,4110449,0,0,0,1.0125,5852.141561951809,4.370997283078207,0.0,0.0,0.0,low
sys_1980,3323430,3,1,1,1.096875,6364.687957512527,4.24607744279709,1104.9484666714077,2.118331303956833,2.049184275089941,low
sys_1981,1871436,2,0,1,1.08984375,5908.2378801055465,4.43676673165774,0.0,59.53905429091397,1.615561096397791,medium
sys_1982,6408051,1,1,0,1.147265625,4584.344098982864,4.215531689137637,7196.008198548462,0.0,0.0,high
sys_1983,4588053,3,1,1,1.14140625,6149.8970714405805,4.297198463718116,11451.85867509212,75.24700867293086,7.322206935381114,medium
sys_1984,1162802,2,0,1,0.95859375,5734.672544901821,4.435508916232786,0.0,5.248537379466277,2.756685823937286,max
sys_1985,1776189,3,1,1,1.18359375,4666.6914583819735,3.56279522243762,2755.092431440599,90.461502461236,1.8697854513015533,max
sys_1986,6847715,0,0,0,1.0359375,5776.075104391977,4.402316835022963,0.0,0.0,0.0,medium
sys_1987,8534200,0,0,0,1.10390625,6255.383901867331,4.316119899138368,0.0,0.0,0.0,max
sys_1988,3896748,2,0,1,1.01015625,5844.488382869514,4.2546787184405455,0.0,2.446569023400218,2.416331299985062,high
sys_1989,9188591,3,1,1,0.97734375,5516.8601685955055,4.535429786850547,17465.74797656472,46.92381212812439,0.194640134507766,medium
sys_1990,9414452,0,0,0,1.08515625,5144.670435052174,4.299429438434051,0.0,0.0,0.0,low
sys_1991,5514216,2,0,1,1.09453125,5400.848366339154,4.307256392151388,0.0,37.64850555905655,1.390538188785588,low
sys_1992,2718174,3,1,1,1.17421875,6236.529276018226,4.247396912265532,1236.3506240449708,10.773090849544133,2.002226917566657,max
sys_1993,8992412,3,1,1,0.978515625,4212.952782319657,4.113311390199519,643.4195663938149,95.65284702629394,1.1759354870150962,max
sys_1994,6387453,1,1,0,1.04765625,6205.598057549168,4.354732393728309,1709.0405003271178,0.0,0.0,max
sys_1995,7688097,0,0,0,1.166015625,6170.926882889992,4.263662155014507,0.0,0.0,0.0,low
sys_1996,2693109,0,0,0,1.1953125,6506.5464877782015,4.235666401634463,0.0,0.0,0.0,high
sys_1997,2022834,0,0,0,1.147265625,6215.259226879203,4.227373119617774,0.0,0.0,0.0,low
sys_1998,2817720,3,1,1,1.17421875,6254.655214599062,4.264332317374415,12290.017677256446,10.160999798820528,1.3075417459787304,low
sys_1999,2972375,0,0,0,0.98671875,5901.097142023254,4.301074411676104,0.0,0.0,0.0,max
