system_id,master_seed,anomaly_class,label_has_flares,label_has_transit,star_mass,star_teff,star_logg,flare_amplitude,transit_period,transit_radius_earth,drift
sys_1000,3003143,1,1,0,0.9046875,4068.778314029775,3.9003780073724297,13328.959945799283,0.0,0.0,max
sys_1001,8327555,0,0,0,1.1765625,5831.551123582306,4.2384297608653805,0.0,0.0,0.0,high
sys_1002,3998883,1,1,0,1.0640625,6283.9842478773,4.255999457412077,14582.203510231664,0.0,0.0,high
sys_1003,4065351,3,1,1,1.10625,6062.403848438219,4.425149073996249,2874.90890052655,9.6209516586511,1.8634364944482444,high
sys_1004,9718498,1,1,0,0.94921875,5750.244611114628,4.553445538088529,13462.754757833387,0.0,0.0,max
sys_1005,7359024,0,0,0,1.10390625,6208.690590264817,4.413214656428997,0.0,0.0,0.0,low
sys_1006,3935606,2,0,1,0.99609375,5796.619586009568,4.506698682153525,0.0,4.959442201100147,0.6397272931929556,low
sys_1007,1284633,2,0,1,1.14140625,6065.082684251316,4.443434982391373,0.0,9.736221504488588,0.8849056717187543,medium
sys_1008,7146490,0,0,0,1.1847656249999998,6361.02788696532,4.3039783551455555,0.0,0.0,0.0,medium
sys_1009,1670794,2,0,1,1.06640625,5998.974109720171,4.376421865171161,0.0,22.43871883301943,1.112152031225162,max
sys_1010,9480480,0,0,0,0.92109375,5730.653250913146,4.446490757323024,0.0,0.0,0.0,medium
sys_1011,3801350,0,0,0,0.90234375,5441.960069176339,4.5595621674560975,0.0,0.0,0.0,medium
sys_1012,9002006,3,1,1,0.9375,5363.500679393498,4.560911954272891,16285.073711559407,39.36779055758643,1.8923870635278968,low
sys_1013,2023326,3,1,1,0.92578125,5541.911795708594,4.475913790443966,2424.070039391903,3.6668586767982774,3.320188920554016,max
sys_1014,1222883,0,0,0,1.0453125,5994.934192031269,4.463849410733259,0.0,0.0,0.0,medium
sys_1015,7446560,1,1,0,1.1859375,6460.480723121853,4.2226214531021835,2189.354869185569,0.0,0.0,low
sys_1016,5792751,2,0,1,1.1015625,5911.290279871377,4.273620369369964,0.0,18.43329138622088,0.4827486414879427,high
sys_1017,9985795,3,1,1,0.92109375,4618.30157568745,4.388462962870023,678.9330703291207,17.16506528177425,1.0789542192968822,medium
sys_1018,2032786,3,1,1,0.9375,5393.787302263813,4.547438005152912,804.8435984646534,72.47953381580284,0.41299288897051956,high
sys_1019,4709069,2,0,1,1.0171875,5978.155380703925,4.4650714530028806,0.0,30.961208758177882,0.7960543064468285,high
sys_1020,6841643,1,1,0,1.194140625,6580.046433935303,4.238170495887791,4206.153850854845,0.0,0.0,low
sys_1021,7553672,0,0,0,1.034765625,5820.224156432533,4.470185912933331,0.0,0.0,0.0,medium
sys_1022,1830027,2,0,1,0.9070312500000001,5546.998374022547,4.497192490466718,0.0,6.085813150162488,1.87592890563822,low
sys_1023,9470219,1,1,0,0.95859375,5563.190814429876,4.546850539988123,2404.205692435921,0.0,0.0,low
sys_1024,2008907,1,1,0,1.0734375,6004.846534717646,4.406390429961572,560.9579845737127,0.0,0.0,low
sys_1025,9784159,3,1,1,1.147265625,6198.156641734019,4.2173031920041035,794.6734748811922,79.27458647188305,2.0465609142474963,max
sys_1026,2248736,3,1,1,1.07109375,4742.4417064407835,4.306542931206872,17246.405011839324,2.1220727007533378,8.385933394795135,medium
sys_1027,4459068,1,1,0,0.9609375,4563.98468240662,4.369623686001631,6021.427455336796,0.0,0.0,high
sys_1028,6811374,1,1,0,1.1015625,5779.110290501443,4.490771023755894,587.6029179485869,0.0,0.0,low
sys_1029,7869575,3,1,1,0.9609375,5712.672251758609,4.45374371523658,7833.461814638898,62.42431051541781,2.9928486077201613,max
sys_1030,7495116,3,1,1,1.1296875,6305.0115028542305,4.17561052506459,8002.145546128578,14.955972285288277,2.411594090979176,medium
sys_1031,4551143,0,0,0,0.9070312500000001,5497.903749795522,4.5247157411555765,0.0,0.0,0.0,high
sys_1032,4194046,2,0,1,1.081640625,6009.786549323694,4.4742879050299855,0.0,77.24208225649377,0.4002881737360458,high
sys_1033,1246972,3,1,1,1.10625,6087.829773118605,4.231730996329084,4707.784091984943,7.740770219119968,0.7121010640590334,low
sys_1034,7837939,1,1,0,1.1203125,6274.66468956437,4.222995308298409,1467.534132030612,0.0,0.0,medium
sys_1035,7299503,1,1,0,0.95625,4262.03547470106,3.955998274481038,9442.189915277675,0.0,0.0,high
sys_1036,6882926,2,0,1,1.091015625,4996.897042639828,4.331764582074372,0.0,65.60143754554468,17.314701158216938,max
sys_1037,6915533,0,0,0,0.92578125,5611.117030052984,4.412255614156132,0.0,0.0,0.0,low
sys_1038,8240206,1,1,0,0.9046875,5544.292229529016,4.386723854785243,13639.026967382797,0.0,0.0,medium
sys_1039,1737069,1,1,0,1.1859375,6456.551327371787,4.219977666218879,931.3649687856378,0.0,0.0,low
sys_1040,7489846,3,1,1,1.1765625,6190.526505944695,4.214812469106697,13600.764955930643,21.81329926845323,1.250646118615753,low
sys_1041,8032328,1,1,0,1.03125,6166.599963217129,4.371736611478081,1688.9469801219263,0.0,0.0,high
sys_1042,8326273,0,0,0,1.1953125,6525.812359796098,4.2593908774943365,0.0,0.0,0.0,max
sys_1043,1449025,1,1,0,1.18828125,6153.802522254254,4.249898921506608,9729.438992416044,0.0,0.0,high
sys_1044,1854350,2,0,1,0.94921875,5860.278923828221,4.113761075663564,0.0,5.354793164244397,0.8051510716598536,medium
sys_1045,9410093,3,1,1,1.0546875,5912.8674639682995,4.471983551242468,7316.487645407844,2.3437786680123547,1.616336881159403,low
sys_1046,9873704,0,0,0,1.1859375,6412.138827909369,4.194093224172281,0.0,0.0,0.0,max
sys_1047,7254897,3,1,1,1.081640625,6126.507654150834,4.289223553534588,995.3557487261902,2.216384414115934,2.639720289494383,low
sys_1048,1907717,0,0,0,1.003125,5936.338984997678,4.340187686791007,0.0,0.0,0.0,max
sys_1049,2083815,0,0,0,0.9375,5621.4004632652495,4.3835767381028115,0.0,0.0,0.0,max
sys_1050,1849607,0,0,0,1.0359375,5713.150603861204,4.464138962117456,0.0,0.0,0.0,low
sys_1051,9725347,0,0,0,1.00078125,5875.614991705008,4.3280661962361195,0.0,0.0,0.0,max
sys_1052,1363712,3,1,1,0.922265625,5554.772359699997,4.540901410829285,9029.572393322132,13.67660741357744,0.8554925947619976,medium
sys_1053,2851557,1,1,0,1.171875,6353.961748854029,4.217966329229946,11649.877788158477,0.0,0.0,low
sys_1054,3337155,1,1,0,0.95859375,5792.208071130354,4.315369862983164,7269.629149923111,0.0,0.0,medium
sys_1055,5809857,2,0,1,1.11328125,6143.9003482033195,4.207500960202644,0.0,17.528979134727077,0.4082370775523795,low
sys_1056,3256576,0,0,0,0.903515625,5227.137053666309,4.564823273839472,0.0,0.0,0.0,max
sys_1057,2005574,2,0,1,1.1906249999999998,6174.959367833715,4.267417128894585,0.0,9.016115664011972,4.946646943127474,medium
sys_1058,4841021,3,1,1,1.14375,6273.959886852076,4.17526689952034,634.0319574566411,9.67111552733786,1.1570112211599866,medium
sys_1059,4059577,3,1,1,1.1953125,6519.705886678462,4.250078742002892,1104.5768689362803,83.59459120144659,1.3064208119394929,max
sys_1060,2603056,2,0,1,1.1906249999999998,6064.061173302932,4.19322939955936,0.0,31.861467517254404,3.4052676232753267,low
sys_1061,2051338,1,1,0,1.06875,6144.663894854604,4.419244599067142,3367.9172883630736,0.0,0.0,low
sys_1062,3425478,3,1,1,0.92109375,5798.778952715568,4.315114404963797,4354.841728288926,6.099163760615461,3.118924235681976,medium
sys_1063,2886887,2,0,1,1.0359375,5803.707225467172,4.301117561245426,0.0,29.64020559807976,3.8589906642384997,max
sys_1064,8272554,3,1,1,1.10625,6120.6877473819895,4.314733959703709,11785.035971430923,87.30758489320475,0.5668485026664045,max
sys_1065,6212251,0,0,0,1.1859375,6435.290268495213,4.2068717362018875,0.0,0.0,0.0,low
sys_1066,3972672,2,0,1,0.984375,5847.6034328463975,4.484589360638026,0.0,18.46508284788689,20.677227162917692,max
sys_1067,7555600,0,0,0,1.1906249999999998,6136.550605636271,4.237805488782612,0.0,0.0,0.0,max
sys_1068,5635896,2,0,1,0.9070312500000001,4097.635823079836,4.137252076908385,0.0,6.813965033963099,3.473076170223137,low
sys_1069,8758431,1,1,0,1.194140625,6586.764286339138,4.244772969700934,906.2177906845451,0.0,0.0,max
sys_1070,5087587,0,0,0,1.05703125,5358.323311158762,4.339684784354859,0.0,0.0,0.0,max
sys_1071,7617416,1,1,0,1.1953125,6315.970267815609,4.011104516128497,8371.051090900753,0.0,0.0,high
sys_1072,4126262,1,1,0,1.096875,6370.523045015732,4.362405936650309,2940.4448601461645,0.0,0.0,medium
sys_1073,3942913,0,0,0,0.95859375,5766.418397252472,4.39598997590621,0.0,0.0,0.0,max
sys_1074,6964938,0,0,0,1.08046875,5877.754849009127,4.403905410810926,0.0,0.0,0.0,medium
sys_1075,6727757,1,1,0,1.166015625,6150.486990766189,4.400554483322557,1239.28275058421,0.0,0.0,max
sys_1076,5056392,1,1,0,1.1953125,6497.503428271898,4.2278601523467145,502.7082431881539,0.0,0.0,max
sys_1077,8653359,2,0,1,0.9421875,5914.568775502633,4.2780549212869765,0.0,50.43774490076756,1.6084667153211183,max
sys_1078,3496796,3,1,1,1.0078125,5877.805377513957,4.453423168977737,1836.0750697004482,4.143288648354261,0.5897287197930077,high
sys_1079,8849415,1,1,0,0.94453125,4784.405112827752,4.3870679366521745,9633.036942997807,0.0,0.0,low
sys_1080,6398834,3,1,1,1.1859375,6464.76822863455,4.391834337903945,5665.94069718534,4.848140988276133,0.8603692237096283,medium
sys_1081,8324414,1,1,0,0.903515625,5205.515365068722,4.573045682776441,11772.506682923478,0.0,0.0,medium
sys_1082,7467555,1,1,0,1.194140625,6493.55766251479,4.182692615116443,5171.98212315879,0.0,0.0,medium
sys_1083,2194427,1,1,0,0.9515625,5768.513474514385,4.494264148525829,2909.59538482312,0.0,0.0,max
sys_1084,2112314,1,1,0,0.92578125,5488.276858191413,4.5088726635305125,5035.201438352611,0.0,0.0,max
sys_1085,4611163,2,0,1,1.1953125,6489.576670310502,4.399206214432223,0.0,7.5427364135931585,8.58834083789016,high
sys_1086,6627635,3,1,1,1.156640625,6111.472013695515,4.381651726415,599.089679616913,41.9697768427606,3.5747692495348438,medium
sys_1087,4352450,3,1,1,0.92109375,5603.897292966804,4.533770500952228,9339.967361965193,47.531154746261414,1.0300532658816508,medium
sys_1088,5956681,0,0,0,1.091015625,6036.097811398642,4.254203669278466,0.0,0.0,0.0,high
sys_1089,2179532,0,0,0,1.166015625,6180.830359652883,4.275573070037761,0.0,0.0,0.0,max
sys_1090,9823088,0,0,0,0.92578125,5625.229019169217,4.220821776851625,0.0,0.0,0.0,high
sys_1091,4585591,0,0,0,0.98203125,5988.238405827637,4.415934105211028,0.0,0.0,0.0,high
sys_1092,9607369,2,0,1,1.10625,6048.461025913542,4.438016885731647,0.0,38.06913178409915,0.4895812486797607,low
sys_1093,7353833,0,0,0,1.0171875,6060.72042768551,4.355857208453167,0.0,0.0,0.0,max
sys_1094,4986016,2,0,1,0.95625,5731.55760005643,4.479510107824346,0.0,85.26745407466521,0.9458211401115632,high
sys_1095,7278334,2,0,1,1.10390625,4545.035435607029,4.210253674363586,0.0,6.577637933892545,3.1103699135210623,medium
sys_1096,5745768,2,0,1,1.1906249999999998,6071.0579430877415,4.201668531835053,0.0,9.448539369238096,1.9687829713026859,medium
sys_1097,7469274,0,0,0,1.08046875,5872.059231677225,4.204812003909787,0.0,0.0,0.0,medium
sys_1098,6645887,0,0,0,1.1203125,6255.415282171736,4.420241978949853,0.0,0.0,0.0,low
sys_1099,6315114,1,1,0,1.08515625,6190.808216897448,4.113332082991396,735.5833882597865,0.0,0.0,high
sys_1100,1100200,2,0,1,0.928125,5477.286720606682,4.479659205733865,0.0,12.481619696802188,1.902641165069977,low
sys_1101,3950349,1,1,0,1.1015625,5829.615364127878,4.460792483661573,2639.893079815519,0.0,0.0,high
sys_1102,7731775,3,1,1,1.15546875,6226.248319327428,4.387458307379484,4117.083048580619,3.8844732632989665,0.884493877103342,low
sys_1103,9395191,2,0,1,1.1015625,5879.877775159556,4.417954229089527,0.0,38.457852910281964,1.4829848306568445,max
sys_1104,9476943,0,0,0,0.92578125,5364.14923082144,4.5665299084215185,0.0,0.0,0.0,max
sys_1105,9897768,3,1,1,1.16015625,6268.555322339443,4.389199971183649,698.9106872117707,3.6462208181962037,0.6331034980431718,medium
sys_1106,2181618,1,1,0,0.9070312500000001,5512.049257338891,4.5173220893303805,5374.07685558199,0.0,0.0,medium
sys_1107,2958290,1,1,0,1.08046875,5901.361795024115,4.283582327193686,665.3362520477745,0.0,0.0,max
sys_1108,1305730,3,1,1,1.15546875,6210.077081455511,4.407215822533418,1139.0240155373683,12.971494937854915,2.0695526888379066,low
sys_1109,8202138,1,1,0,1.1765625,6273.752429402096,4.292649071570112,3068.016958059677,0.0,0.0,low
sys_1110,9333178,2,0,1,1.147265625,6251.659802901781,4.252656510240485,0.0,3.4569056645922083,9.5483364410983,low
sys_1111,2173376,0,0,0,1.0171875,6012.357111877766,4.16509694781784,0.0,0.0,0.0,low
sys_1112,9211992,3,1,1,1.1953125,4611.893558502544,4.018836849043028,10082.881569065046,53.114277422644506,5.002027605916589,high
sys_1113,5074005,0,0,0,1.06640625,6007.422301166483,4.3568027734426815,0.0,0.0,0.0,medium
sys_1114,7351968,2,0,1,0.9890625,5735.8479224037255,4.261478536236336,0.0,6.132340899259213,3.977454663397156,max
sys_1115,8291694,2,0,1,1.0078125,5948.933890561454,4.352856331434794,0.0,20.972636561483313,0.995273350175154,medium
sys_1116,3842387,1,1,0,1.00078125,4375.988562815241,3.6055879937097126,15943.706761384025,0.0,0.0,max
sys_1117,6636753,1,1,0,0.9421875,4318.576952789286,3.9352279209052705,15719.221066722223,0.0,0.0,medium
sys_1118,3582928,1,1,0,1.166015625,6190.850437608232,4.31535342728777,2200.12028979692,0.0,0.0,medium
sys_1119,5007260,3,1,1,1.1765625,6259.36825247888,4.263302154238728,1116.6106687574838,20.686598631488042,6.694967955725615,high
sys_1120,2040908,0,0,0,0.9328125,5865.713106584378,4.439477617363034,0.0,0.0,0.0,low
sys_1121,7448851,0,0,0,1.1765625,6251.216394388068,4.254729080135326,0.0,0.0,0.0,low
sys_1122,6159242,2,0,1,1.1765625,6235.885013686899,4.242325441562887,0.0,11.63906565193638,2.688499799334224,max
sys_1123,3968206,3,1,1,0.928125,5588.219391182605,4.354001339797564,1466.3200796064118,71.7570120921763,8.044007725452472,high
sys_1124,8735645,0,0,0,0.95625,5605.79196645115,4.553243661956861,0.0,0.0,0.0,low
sys_1125,1269984,3,1,1,1.194140625,6597.0238458036165,4.2572834910848565,930.6353849162673,45.97419225390641,3.3967451060393303,max
sys_1126,2902256,2,0,1,1.1906249999999998,6183.126994613051,4.278660573420871,0.0,3.3880561858489595,0.6941569038077583,max
sys_1127,8578483,3,1,1,1.003125,5924.688021713366,4.373384808745673,2253.320704109334,23.117110361335378,1.0242661556677402,medium
sys_1128,8166821,0,0,0,1.166015625,6190.806902159266,4.316040778241756,0.0,0.0,0.0,low
sys_1129,5491955,2,0,1,1.0125,5707.555344299495,4.508565168530691,0.0,2.7993369172770106,1.886586935708332,low
sys_1130,2928740,1,1,0,1.0546875,5954.0777038187125,4.437602086688896,1945.0615478604482,0.0,0.0,low
sys_1131,6967127,3,1,1,1.08046875,5835.527252633866,4.152118357677252,8632.7416484356,21.031547457201068,8.577953260720253,max
sys_1132,4543974,3,1,1,1.0921875,4664.2818066871105,4.263498103780511,2932.050648194913,65.95062678508562,0.5727743133198809,high
sys_1133,3795360,3,1,1,1.147265625,6263.39287328502,4.2643945712244795,13663.131559195965,43.482305887707525,4.36003401182909,medium
sys_1134,4260517,1,1,0,0.97265625,5841.774324635196,4.508819477610774,858.2504091715141,0.0,0.0,low
sys_1135,1476245,3,1,1,1.15546875,6233.696698853949,4.253386262061674,5725.928064541985,10.049170707259739,0.7828833109943708,low
sys_1136,8573917,3,1,1,1.147265625,6224.41401716747,4.233013583692464,1034.5552135679488,5.990599625298552,2.3326585279242837,max
sys_1137,5597420,1,1,0,1.1765625,6275.182095729191,4.303848482758261,898.3692544879992,0.0,0.0,low
sys_1138,9936646,1,1,0,1.18828125,6186.325326585885,4.328134467928103,16330.08825330662,0.0,0.0,medium
sys_1139,4668775,0,0,0,1.171875,6347.103048239575,4.407419256746235,0.0,0.0,0.0,low
sys_1140,9727941,0,0,0,0.9609375,5765.713207460009,4.221581422472642,0.0,0.0,0.0,high
sys_1141,8580790,3,1,1,1.06171875,6075.889354234299,4.423394136655437,5084.206789150816,31.369759155584042,1.0275072415135,medium
sys_1142,8733156,3,1,1,1.134375,6179.198483279291,4.429449396385241,12448.906664908733,37.474819448809306,2.5987938990854893,medium
sys_1143,2673565,2,0,1,1.18828125,6111.493127809128,4.224130630903426,0.0,20.830640437994653,0.5101350104484449,low
sys_1144,1490452,1,1,0,1.10625,4433.127172574186,4.2128807598447855,1496.346038974904,0.0,0.0,medium
sys_1145,4071507,1,1,0,1.02421875,5851.894670200332,4.50153762573724,531.8800208230987,0.0,0.0,max
sys_1146,8359358,0,0,0,1.1203125,6308.536907506222,4.284869804937694,0.0,0.0,0.0,high
sys_1147,7953707,2,0,1,1.16484375,6102.392846810271,4.343854943348888,0.0,10.676668119869378,0.19277239305368998,max
sys_1148,7528101,3,1,1,1.13671875,6346.299802681791,4.286488808825621,2758.3902247548112,94.28764262331028,6.340473635466608,low
sys_1149,4790941,1,1,0,0.97734375,4196.7490580295325,4.285554367827216,988.5441662165613,0.0,0.0,high
sys_1150,8683593,0,0,0,1.081640625,4449.867571128141,3.7032845206629807,0.0,0.0,0.0,high
sys_1151,7323188,0,0,0,1.171875,6387.364699204783,4.346913992987176,0.0,0.0,0.0,max
sys_1152,2365887,0,0,0,1.08984375,5916.831913698807,4.428763257128788,0.0,0.0,0.0,max
sys_1153,6421358,0,0,0,1.0734375,6034.820535325279,4.2846390014574105,0.0,0.0,0.0,high
sys_1154,8802552,3,1,1,0.928125,5528.025507341155,4.439571500035838,7155.825887971413,60.882473522694546,4.0163434098181945,low
sys_1155,6801702,3,1,1,1.134375,4594.96346134578,4.231353410971645,3052.1342600285416,11.266250261272212,2.068666936666379,high
sys_1156,1563016,2,0,1,1.03125,6154.2608134578795,4.393999851122567,0.0,18.09482068812621,1.476649485347491,high
sys_1157,5058650,1,1,0,1.0125,5717.093589336091,4.502911086540276,1222.8326024266573,0.0,0.0,low
sys_1158,6344069,1,1,0,0.9515625,5780.614333335862,4.106767571474678,593.4194696952277,0.0,0.0,max
sys_1159,9428383,2,0,1,1.04765625,6176.8190010411645,4.196664125245663,0.0,45.77796145051883,0.7191140234593653,medium
sys_1160,6683943,2,0,1,1.1847656249999998,6325.161390437626,4.3912244527930895,0.0,36.21290572075855,1.1038753868024471,low
sys_1161,6673806,3,1,1,0.984375,4424.413116801507,3.670761922561408,2037.4412582093578,41.85376400960604,3.676708874349255,medium
sys_1162,6727290,0,0,0,0.9890625,5654.529418749247,4.463989658342387,0.0,0.0,0.0,high
sys_1163,2395489,3,1,1,1.10859375,6193.0066444556705,4.195368969943065,6780.8722720179785,74.98665889787098,1.9343572464549608,high
sys_1164,9995654,2,0,1,1.18359375,6577.362860385455,4.23743449336307,0.0,18.99697322994314,0.6416629913160343,high
sys_1165,8077725,2,0,1,1.096875,6305.20058680819,4.445688243804146,0.0,6.011890150544749,2.5598580299678093,high
sys_1166,4204929,3,1,1,1.0078125,5897.0679889755575,4.435032802769634,3199.541339335086,43.20444881018146,3.887597000097134,low
sys_1167,6265986,3,1,1,0.96796875,5722.155682427953,4.285499280736076,5089.686505114053,35.34699757472179,0.4491034595304328,max
sys_1168,8464932,1,1,0,1.18828125,6155.041284541323,4.250803489451669,10092.109390539987,0.0,0.0,medium
sys_1169,6092468,1,1,0,0.9046875,5253.496632515102,4.571736538430988,1593.820830856232,0.0,0.0,max
sys_1170,6855265,0,0,0,1.1906249999999998,6186.268558572299,4.339735477557996,0.0,0.0,0.0,high
sys_1171,4726506,3,1,1,1.1906249999999998,6183.0242815462125,4.278479424220613,756.8809572831491,67.42818226028761,1.3778894656367948,low
sys_1172,5135742,3,1,1,1.0734375,6005.547258621248,4.4055079453750245,1167.0802054014055,4.083174428683582,2.322437961921756,medium
sys_1173,1848609,0,0,0,1.034765625,5921.247420391377,4.305152122207546,0.0,0.0,0.0,low
sys_1174,8441578,1,1,0,1.02890625,5775.145660710426,4.486561681098727,630.8416036442924,0.0,0.0,low
sys_1175,8589032,1,1,0,0.9421875,5694.622459623315,4.55322360722708,740.0086956815416,0.0,0.0,low
sys_1176,4169111,3,1,1,1.091015625,5950.352546534889,4.47054385084158,590.3965693895117,99.09177841803094,1.957624785404459,high
sys_1177,1213932,3,1,1,0.90234375,5614.3934859811625,4.1448108291317745,564.4598990947467,15.309527265944011,0.6680042343688336,low
sys_1178,8256084,1,1,0,0.97734375,5726.740783037627,4.347349302698606,15064.914852280966,0.0,0.0,max
sys_1179,8810808,0,0,0,0.92578125,4604.270268825815,4.408259472257969,0.0,0.0,0.0,max
sys_1180,5656660,2,0,1,1.10625,6069.7045246290845,4.417845829515809,0.0,73.19966662217664,0.4801945365511117,max
sys_1181,8157736,1,1,0,0.94921875,5794.187241879486,4.5240990213779195,1579.1572582594156,0.0,0.0,medium
sys_1182,6658376,3,1,1,0.9421875,5908.4763558426375,4.251780132385887,893.0089192166945,10.055989828212866,0.5767843296133763,low
sys_1183,4275760,2,0,1,1.021875,5816.499792777175,4.49490218318466,0.0,2.3969173822130814,0.5548368054697241,high
sys_1184,5621106,0,0,0,1.08046875,5846.631750362042,4.16561561706391,0.0,0.0,0.0,medium
sys_1185,7172843,0,0,0,1.02890625,5901.33754341968,4.352542014531757,0.0,0.0,0.0,low
sys_1186,1091497,3,1,1,0.9890625,5535.633248276118,4.533795573872113,1346.056723127293,25.72275717872074,3.0202511586981404,medium
sys_1187,2724372,3,1,1,1.096875,5060.588868449026,4.278805541903454,595.9638990517631,30.6415908696364,1.3471744994575972,max
sys_1188,3188074,0,0,0,1.1859375,6371.8843297264475,4.071257651001838,0.0,0.0,0.0,max
sys_1189,1093196,1,1,0,0.98203125,5909.003928858892,4.488939204859035,1107.3510286246294,0.0,0.0,medium
sys_1190,8956002,3,1,1,0.984375,4321.448069955409,4.218922511152712,1006.3248646844321,9.319329695521127,4.91409031989933,high
sys_1191,5901094,0,0,0,1.1859375,6425.998522428024,4.387128753931867,0.0,0.0,0.0,max
sys_1192,2788266,3,1,1,0.9890625,5745.373382027931,4.336204248933913,3813.308246948727,15.255257206454301,0.9259975771308913,max
sys_1193,8539585,3,1,1,1.0734375,6008.067007210071,4.402239594146438,2186.6305821085293,35.05157078768411,2.5772284044538276,high
sys_1194,7464420,1,1,0,0.9375,5621.641742705158,4.3831723299033065,2737.1865066762875,0.0,0.0,medium
sys_1195,7681675,1,1,0,1.109765625,5809.457604423709,4.260364938201386,19993.153718498743,0.0,0.0,high
sys_1196,7671507,1,1,0,0.9421875,5913.6327176723635,4.273440467982762,1036.5439447144827,0.0,0.0,low
sys_1197,1045495,1,1,0,0.94453125,4180.170245405147,4.059865557119779,3554.436497500549,0.0,0.0,low
sys_1198,2133779,1,1,0,1.08984375,5863.46106525795,4.471368083052844,2185.9624223334968,0.0,0.0,max
sys_1199,6928691,0,0,0,0.922265625,5641.907119148363,4.492329396325795,0.0,0.0,0.0,max
sys_1200,7753769,2,0,1,0.9328125,5814.072091486875,4.485189168720665,0.0,3.9307453302377473,1.8972954026828457,low
sys_1201,8135296,3,1,1,1.04296875,5825.923234132297,4.205347716487866,12090.120871420035,17.814830963580352,0.537756657705525,max
sys_1202,2692242,1,1,0,0.92578125,5466.963532187519,4.51997588406435,1435.25828466514,0.0,0.0,max
sys_1203,5969190,1,1,0,1.06171875,6121.954923437499,4.345551524611807,3880.822733368582,0.0,0.0,max
sys_1204,3253826,1,1,0,0.928125,5592.319111877562,4.326825737497573,4120.261646602671,0.0,0.0,low
sys_1205,3902519,0,0,0,1.04765625,6134.145248670924,4.453100286809886,0.0,0.0,0.0,low
sys_1206,2090290,1,1,0,1.0640625,6182.397373681656,4.092059141754026,6649.0242172294065,0.0,0.0,low
sys_1207,8567951,0,0,0,1.1859375,6480.017670360011,4.386622060699546,0.0,0.0,0.0,max
sys_1208,6292825,2,0,1,1.1906249999999998,6170.324098207084,4.262551117836578,0.0,6.6057988017135365,1.7231798742260152,high
sys_1209,1554446,3,1,1,0.92578125,5649.411436828042,4.328677390120267,9959.553893265262,7.305127565067157,0.3157497736662376,high
sys_1210,5255495,2,0,1,1.003125,5838.987719687707,4.47116632858912,0.0,9.10246987073548,0.5507719012496167,max
sys_1211,7944218,2,0,1,0.94453125,5757.4721982192605,4.437116338932696,0.0,11.780742385324654,2.8424711230217254,high
sys_1212,1879850,1,1,0,1.00078125,5739.866577785497,4.496627136760106,989.6624897852029,0.0,0.0,medium
sys_1213,4956902,2,0,1,0.9375,5505.842363883037,4.491903542957139,0.0,14.177362448449044,13.10179855247777,medium
sys_1214,1911303,0,0,0,1.034765625,5912.669834390479,4.280799460249775,0.0,0.0,0.0,high
sys_1215,4716876,1,1,0,1.04296875,5861.287430262442,4.310735770462556,8701.698592802237,0.0,0.0,high
sys_1216,1219986,2,0,1,1.1765625,6172.5490122784695,4.113878114976446,0.0,2.9689082531666497,0.4950348754349597,max
sys_1217,7728400,3,1,1,1.003125,5881.262953784296,4.168082545007454,1284.8050381532255,3.7303729941429657,3.816524456640153,max
sys_1218,7499642,3,1,1,1.09453125,6229.143283703088,4.217163445063938,552.2001206926961,70.8106899681861,3.5083710606432574,low
sys_1219,6227994,1,1,0,0.975,4438.73628034255,3.608192961209477,609.9754827381275,0.0,0.0,low
sys_1220,7365924,1,1,0,1.08046875,5779.69043670497,4.486900418691673,712.9758282008623,0.0,0.0,max
sys_1221,1814666,3,1,1,0.928125,5566.925511230004,4.395186256209882,1474.8830417784527,6.923283056486374,1.092129033641567,max
sys_1222,4597380,1,1,0,1.11328125,6158.898523349592,4.389413064292553,781.6364015875189,0.0,0.0,high
sys_1223,2660429,1,1,0,1.03125,6183.211113070954,4.297441020987127,3348.0747563276204,0.0,0.0,medium
sys_1224,8962810,3,1,1,1.1484375,4451.871651695571,4.028192585962905,10946.91865496804,31.591199947262577,0.8517423051333266,medium
sys_1225,7888785,0,0,0,1.04765625,6187.01434714623,4.392474461868846,0.0,0.0,0.0,max
sys_1226,9686546,0,0,0,0.928125,5513.396209939275,4.452667557166028,0.0,0.0,0.0,medium
sys_1227,5317464,2,0,1,1.0359375,5805.992641560907,4.309896177222221,0.0,2.5905300197686447,0.3388714545688739,high
sys_1228,1807460,3,1,1,0.94921875,5818.797325485855,4.50922376791287,13147.805805002161,20.349980773472677,1.274322735726638,medium
sys_1229,7253924,1,1,0,1.02421875,5988.668870046105,4.2831838765635135,3059.0546142883427,0.0,0.0,high
sys_1230,9336576,2,0,1,1.0921875,6194.287190231253,4.3796969708187365,0.0,2.047040854450567,3.1309554640756923,low
sys_1231,1254402,2,0,1,1.02890625,5899.582178113093,4.357646348128995,0.0,4.119245094723731,1.4860332187681604,high
sys_1232,2834951,3,1,1,0.94453125,5798.335570021734,4.232687873886166,1246.43964213388,65.76112791609486,0.7719218122658394,low
sys_1233,7173320,0,0,0,1.0359375,5630.895989612157,4.515031453332081,0.0,0.0,0.0,medium
sys_1234,8927243,3,1,1,1.0734375,5984.774031640373,4.429098577404937,519.5069100917189,5.835098139483297,2.492520563737744,low
sys_1235,3243943,1,1,0,1.18828125,6188.207813657381,4.313671108950965,1369.3892010109007,0.0,0.0,medium
sys_1236,7346759,3,1,1,0.9046875,5347.356123046922,4.532492670807374,6069.787087177183,22.604778872073137,0.9827384031290809,medium
sys_1237,8802601,3,1,1,0.9515625,5821.793370400021,4.453219752316392,9071.27882825978,37.39858661089084,1.3290864380353942,high
sys_1238,8844473,2,0,1,0.922265625,5250.245421320215,4.424450957884598,0.0,20.382932140267872,7.38073184659014,high
sys_1239,4361336,0,0,0,1.053515625,6164.0110694972855,4.172963516241795,0.0,0.0,0.0,low
sys_1240,2620932,3,1,1,1.0734375,6040.015512627178,4.298955761740653,1035.706244309075,3.417089627428649,5.560272567787833,medium
sys_1241,9579591,1,1,0,1.1203125,6297.514074458185,4.26053359227539,1075.9675789524638,0.0,0.0,max
sys_1242,1939979,0,0,0,0.99609375,5936.976164467141,4.363370685990193,0.0,0.0,0.0,max
sys_1243,5889275,0,0,0,1.1906249999999998,6183.700187091632,4.279674708087974,0.0,0.0,0.0,high
sys_1244,5121523,0,0,0,0.9070312500000001,5674.836472038883,4.3637306329957495,0.0,0.0,0.0,low
sys_1245,7013305,0,0,0,1.053515625,6198.937410564918,4.2510325157866955,0.0,0.0,0.0,max
sys_1246,8978716,1,1,0,1.147265625,6240.921791460675,4.400121198183789,2424.5070257728053,0.0,0.0,medium
sys_1247,9186973,2,0,1,1.05703125,5963.84946974799,4.34286540657978,0.0,7.063913907828212,1.2229392723409078,high
sys_1248,8952770,2,0,1,1.08046875,5813.5955700008535,4.463762500493109,0.0,53.47392404466274,2.2772276375142813,medium
sys_1249,7961030,3,1,1,1.156640625,6099.5638238689,4.23020627015273,1784.3616401547079,26.463140978223837,0.8205270454960919,low
sys_1250,6343280,3,1,1,0.94921875,5967.48095142944,4.322556982683438,12303.070627236662,17.40875397251817,2.4527278106206363,low
sys_1251,9130492,1,1,0,1.0734375,6036.2913683405,4.287811239440265,5058.1726241751785,0.0,0.0,low
sys_1252,3114834,1,1,0,1.17421875,6265.6797089450165,4.28197123719594,663.9518560179819,0.0,0.0,medium
sys_1253,1629433,0,0,0,1.0640625,6226.970386258247,4.145586446817843,0.0,0.0,0.0,medium
sys_1254,8599102,3,1,1,0.90234375,5614.421127294498,4.462494979601874,12140.089679303408,3.40082000883441,1.978046058302009,high
sys_1255,8612540,1,1,0,1.18828125,6185.721396501711,4.330875969593495,1595.9529424564876,0.0,0.0,high
sys_1256,8264226,3,1,1,0.922265625,5721.1654801893355,4.423954663768171,1717.4208466519603,4.617498272118559,8.926642121257624,low
sys_1257,2185009,3,1,1,1.04296875,5790.564349429204,4.444862631828111,1106.8143732340911,10.262111120281284,0.9452911025495868,medium
sys_1258,9914793,0,0,0,1.09453125,6208.480040053499,4.175639058210577,0.0,0.0,0.0,high
sys_1259,1392446,1,1,0,1.1765625,6264.2332593069195,4.269765012838743,14127.939751090527,0.0,0.0,medium
sys_1260,5771475,2,0,1,1.1765625,6259.088031808473,4.262970264626263,0.0,5.791472252339683,0.8853381069032904,medium
sys_1261,8172981,0,0,0,1.1953125,6482.630921253946,4.216797402626885,0.0,0.0,0.0,low
sys_1262,2539414,2,0,1,1.0171875,5915.203627490653,4.369209568479114,0.0,4.473555369802992,0.3886595916805456,high
sys_1263,6492771,0,0,0,1.02421875,5888.9341552096685,4.475856553211392,0.0,0.0,0.0,medium
sys_1264,1939638,2,0,1,0.922265625,5694.353115119254,4.451693966161944,0.0,41.89729779222087,4.1464108151877745,max
sys_1265,6270818,0,0,0,1.14140625,6113.068594190743,4.401251382297184,0.0,0.0,0.0,medium
sys_1266,1987266,0,0,0,0.9375,5402.183791213703,4.543807258416477,0.0,0.0,0.0,max
sys_1267,2687081,1,1,0,1.14375,6337.682866060157,4.305815295427183,1159.6716018986394,0.0,0.0,max
sys_1268,8688371,2,0,1,1.1953125,6527.421485208244,4.340092869034889,0.0,4.884578038949001,0.34309401037985443,medium
sys_1269,6300145,0,0,0,0.903515625,5423.938607345607,4.467241649413413,0.0,0.0,0.0,max
sys_1270,4945786,2,0,1,1.1484375,5699.654103493186,4.267666979210775,0.0,8.234678718143368,2.229995914394359,max
sys_1271,8964593,0,0,0,1.15546875,6192.43701888621,4.425010125172528,0.0,0.0,0.0,high
sys_1272,8680847,1,1,0,1.05703125,5934.52098174393,4.21649400229412,5736.712631808804,0.0,0.0,medium
sys_1273,5368701,0,0,0,1.15546875,6253.92761486593,4.28834208551266,0.0,0.0,0.0,medium
sys_1274,4863764,2,0,1,1.194140625,6563.662968797596,4.224666040768689,0.0,48.34128844922664,1.113470757357178,max
sys_1275,8819448,3,1,1,1.1859375,6428.173759689333,4.202831429113319,6156.908561343181,7.674091888438081,10.830536778259066,high
sys_1276,8921161,1,1,0,0.922265625,5742.036985110203,4.396001680955826,1064.1279219980859,0.0,0.0,max
sys_1277,4280922,0,0,0,1.00078125,5874.871627934359,4.333187302223192,0.0,0.0,0.0,high
sys_1278,5633155,1,1,0,1.0359375,5729.458085676961,4.151049264645011,7407.799281894634,0.0,0.0,max
sys_1279,4814174,1,1,0,0.9890625,5586.826304290168,4.507237993131128,2812.065913973505,0.0,0.0,low
sys_1280,5503778,1,1,0,1.13671875,6345.669636762773,4.283271970325407,3270.612403083203,0.0,0.0,medium
sys_1281,4097499,2,0,1,1.0640625,6286.390550959184,4.3623287022800925,0.0,4.600741077037527,5.321278106687942,low
sys_1282,9497949,1,1,0,0.9304687500000001,5668.697999374953,4.5394941441619805,2253.0008049920298,0.0,0.0,low
sys_1283,3188255,1,1,0,1.01015625,5838.687379857957,4.387930240089869,4152.06990495951,0.0,0.0,max
sys_1284,7220893,2,0,1,1.16953125,6373.565143028041,4.387849717561069,0.0,91.14557562414956,4.203900048467305,high
sys_1285,9840927,0,0,0,0.97265625,5980.227584106291,4.365706355751642,0.0,0.0,0.0,high
sys_1286,9981652,2,0,1,1.053515625,6185.747532403533,4.217785879541381,0.0,4.670247418286549,2.829196413771442,max
sys_1287,3739882,3,1,1,0.90234375,5543.725418304804,4.510494280216625,6266.787455405903,4.374816642561595,14.05170044880231,max
sys_1288,3693888,3,1,1,1.01015625,5777.519902879915,4.455439900331891,620.636423903323,12.39546487954933,0.2935381836702115,high
sys_1289,2181693,0,0,0,0.9515625,4218.448992312881,4.152143306022391,0.0,0.0,0.0,max
sys_1290,3937925,2,0,1,1.18828125,6076.229358438798,4.109633887168379,0.0,3.639824995856198,1.4534062727376116,max
sys_1291,2851005,3,1,1,1.166015625,6113.175299966012,4.22485429358702,2686.1186422792903,12.432001455138234,0.8680339525998119,high
sys_1292,8230460,0,0,0,1.194140625,6450.833080160043,4.1604455348442855,0.0,0.0,0.0,low
sys_1293,2152781,0,0,0,1.1484375,4479.918538673829,3.8661437789036777,0.0,0.0,0.0,medium
sys_1294,2623290,1,1,0,1.15546875,6250.750803539317,4.342015375314556,1115.6445838892519,0.0,0.0,max
sys_1295,9352652,0,0,0,1.044140625,5855.973987446007,4.200555472954173,0.0,0.0,0.0,low
sys_1296,5727089,2,0,1,0.9515625,5834.344804230798,4.441132480250854,0.0,74.062538132252,29.146027813839382,low
sys_1297,9254295,1,1,0,1.1847656249999998,6349.363152763493,4.35265347729556,636.2103842526484,0.0,0.0,max
sys_1298,7078513,3,1,1,0.9328125,5727.172012295976,4.5390443600746515,819.3958073730699,2.6909267353488704,0.8798051006710172,low
sys_1299,2309113,2,0,1,1.0359375,5803.035863850328,4.348932582039009,0.0,55.01186000746478,5.486191897501537,low
sys_1300,4011392,1,1,0,1.1847656249999998,6360.987506881592,4.305469223660718,11565.985831161157,0.0,0.0,medium
sys_1301,2902334,3,1,1,1.044140625,4839.033941929496,4.362627593253966,898.181460924804,2.327638603950374,0.4218522877939675,medium
sys_1302,6088405,0,0,0,1.14375,6302.173136597078,4.395329624536135,0.0,0.0,0.0,medium
sys_1303,7011365,1,1,0,0.90234375,5464.387873777067,4.54975314145216,13080.208525488048,0.0,0.0,medium
sys_1304,1369683,0,0,0,1.0640625,6297.40657737655,4.324139456601964,0.0,0.0,0.0,low
sys_1305,9209790,1,1,0,1.02890625,5844.529441833681,4.437897708305123,851.7893226704306,0.0,0.0,max
sys_1306,6750819,3,1,1,0.90234375,5622.463568181664,4.455627628966022,774.6017734926611,99.34684281370262,5.494252538180874,medium
sys_1307,5332237,2,0,1,1.109765625,6333.424133909583,4.372183573681403,0.0,72.94280700761821,0.15315011128144423,high
sys_1308,2068287,3,1,1,0.92109375,5689.01418972346,4.481863964536864,7007.043955054008,9.818969360128714,0.8374638227092428,medium
sys_1309,1329564,1,1,0,1.166015625,6189.720045565234,4.325848085690342,7004.385062093725,0.0,0.0,low
sys_1310,5132419,0,0,0,0.9187500000000001,5535.589952617231,4.535682038795855,0.0,0.0,0.0,max
sys_1311,8950053,0,0,0,1.18359375,6546.97367332781,4.214084891183275,0.0,0.0,0.0,max
sys_1312,6175244,2,0,1,1.115625,4369.26955814547,3.908871871741833,0.0,8.746072334911407,0.3284314232932739,max
sys_1313,4838369,2,0,1,0.94921875,5932.835929917382,4.198855785353381,0.0,6.996855566198022,1.3108030810326983,medium
sys_1314,9124212,3,1,1,1.0359375,5716.576530649358,4.461581651275196,887.5516053269452,7.260984561451799,0.8786074823930993,max
sys_1315,9421879,2,0,1,0.903515625,5429.403113241939,4.463204286591798,0.0,9.444458706925323,3.5225917952277266,medium
sys_1316,4360877,3,1,1,1.06171875,5982.812736901804,4.074514085273806,15395.007887441376,68.29874852535931,1.1212299309412472,high
sys_1317,8965603,2,0,1,1.1765625,6217.183877595592,4.415891779376962,0.0,68.51779017937672,1.4108307444896788,low
sys_1318,6481092,1,1,0,0.95625,5746.413051847103,4.468115621065652,9424.303100549392,0.0,0.0,high
sys_1319,4116896,2,0,1,0.94921875,5772.056185445032,4.536931297492862,0.0,26.276047762740415,0.23485022356833335,medium
sys_1320,6363756,0,0,0,1.0359375,5798.341572774243,4.362123454931906,0.0,0.0,0.0,low
sys_1321,1775887,3,1,1,1.0171875,5948.002676139704,4.4875875407564285,793.5813453997127,14.41020459285198,1.9096581616946875,max
sys_1322,1261767,3,1,1,1.0078125,4278.973945875838,4.1463742425609755,2282.5743668366704,44.17617661183539,3.485153557983083,high
sys_1323,6260332,1,1,0,1.0546875,5996.967144927101,4.247087510222443,17252.708614584095,0.0,0.0,high
sys_1324,4443460,1,1,0,1.00078125,5670.571417266273,4.538644201339698,1830.3569129621426,0.0,0.0,max
sys_1325,5204363,0,0,0,1.14140625,6142.772370692396,4.35524925770555,0.0,0.0,0.0,medium
sys_1326,1936622,3,1,1,0.928125,5310.364996785799,4.561047882159361,826.4847989816011,2.4088050328145636,1.741485430652959,medium
sys_1327,3988493,3,1,1,0.9070312500000001,5640.080605524127,4.418105685041206,2845.460208668858,27.271309989064676,0.6434490566973772,medium
sys_1328,4312244,3,1,1,0.9070312500000001,4316.82814718055,3.4684042015761243,3357.991929488374,2.064619775042332,1.0452989726343669,max
sys_1329,9088137,3,1,1,1.1296875,6328.9474417756155,4.223634157673869,7759.102086058227,4.487182875886133,2.108136671282362,max
sys_1330,3829312,0,0,0,0.9515625,5820.00821863786,4.454845419568915,0.0,0.0,0.0,max
sys_1331,2243686,2,0,1,0.97734375,5557.268179603141,4.51521454504867,0.0,83.84529228046951,5.147305886523265,low
sys_1332,6970616,3,1,1,0.9187500000000001,5638.992473720353,4.1250879964054805,1839.1201755520801,6.562348579861459,12.686868536468298,high
sys_1333,4992280,3,1,1,0.9609375,5786.956408989794,4.343387820946185,671.6678767109548,7.78717742357912,0.44990116422527604,low
sys_1334,9699658,1,1,0,1.1765625,6261.911468500582,4.266497580768301,7939.484626586833,0.0,0.0,high
sys_1335,8070747,2,0,1,1.1906249999999998,6174.238065572297,4.366118325172178,0.0,62.36516046246978,2.8239253623565403,high
sys_1336,4880921,1,1,0,1.0359375,5778.103118984296,4.399406046655984,2591.037504189288,0.0,0.0,low
sys_1337,6388435,3,1,1,1.10390625,6235.711111733015,4.376164162370098,601.3613600528178,48.72577549014809,2.090957263036329,max
sys_1338,6449140,0,0,0,0.98671875,5849.355766711966,4.1717655950304895,0.0,0.0,0.0,max
sys_1339,3690773,3,1,1,1.081640625,6117.062725908222,4.3647730337025115,3045.4917607233756,54.042169951693985,2.3687499703892603,low
sys_1340,5390199,3,1,1,1.1859375,4612.09515623798,3.4660555071458017,739.7300182032823,82.5531926040557,1.2842369890075855,high
sys_1341,3834033,0,0,0,1.0546875,6016.102360688083,4.322022992241026,0.0,0.0,0.0,high
sys_1342,3602578,1,1,0,0.97265625,5943.30109841849,4.177000771173274,615.117021130432,0.0,0.0,max
sys_1343,5334686,3,1,1,0.9070312500000001,5402.346982304306,4.567920411947004,1820.4883613859774,7.692544956203224,0.48107839464720464,low
sys_1344,2540322,3,1,1,1.06640625,6012.980278739355,4.336951342532869,18635.9508974268,10.344067493572577,1.3794596087278896,high
sys_1345,8338928,2,0,1,1.0921875,6178.853984066785,4.40210600501128,0.0,38.99296593195242,1.16371712166282,medium
sys_1346,3646742,2,0,1,1.021875,4786.098186375059,4.3429106409334475,0.0,10.909566150572799,3.9610910570224607,low
sys_1347,3466193,2,0,1,0.98671875,5903.6697548121965,4.327218081479823,0.0,2.7353651938080317,0.43621987500284665,high
sys_1348,1732491,3,1,1,1.156640625,6082.47660436974,4.191739245736399,672.0932090820105,11.124025609601143,3.847677892336665,max
sys_1349,4942876,0,0,0,1.021875,5937.573637189017,4.379312345661905,0.0,0.0,0.0,low
sys_1350,3633107,3,1,1,1.11328125,6096.605607196164,4.1302380042752445,16423.124160660565,2.3446428189556308,0.6584931638241651,max
sys_1351,7374517,3,1,1,1.194140625,6551.885699251694,4.216361040113283,872.2521521201938,8.55567470778169,0.8267069478413562,medium
sys_1352,8527802,0,0,0,1.17421875,6236.315134557907,4.24722349893145,0.0,0.0,0.0,medium
sys_1353,5940813,3,1,1,1.17421875,6268.7347929375055,4.291212692991169,11348.991371712036,53.69797897417867,0.5414106027212096,max
sys_1354,9450174,0,0,0,1.166015625,6086.823706966384,4.207270135052159,0.0,0.0,0.0,max
sys_1355,2960892,1,1,0,0.978515625,5801.777093002423,4.445073615676338,527.7474580279302,0.0,0.0,low
sys_1356,2450993,3,1,1,1.10859375,6138.778490564981,4.1156156790285765,1048.1541809238438,2.060425335403625,2.7530785077958653,max
sys_1357,7505886,1,1,0,1.16953125,6361.489138608866,4.402385761880238,791.5759139519859,0.0,0.0,medium
sys_1358,4598054,1,1,0,0.997265625,5845.979930117964,4.507110624104857,1622.1412880946239,0.0,0.0,low
sys_1359,4707112,2,0,1,1.194140625,6468.903252692484,4.170003835974782,0.0,2.264392420000559,0.38567959252515366,high
sys_1360,8006579,3,1,1,1.01015625,5846.423445633288,4.262483459116208,954.6948946373475,27.43888420042277,2.639747118275595,max
sys_1361,4067944,1,1,0,0.95625,5827.493588022604,4.253669713638693,587.2565874121185,0.0,0.0,high
sys_1362,9967061,1,1,0,0.9515625,5896.854096378886,4.33208725538576,1589.055837353798,0.0,0.0,medium
sys_1363,2196017,0,0,0,0.922265625,5706.783382005375,4.166092294591631,0.0,0.0,0.0,high
sys_1364,4685525,0,0,0,0.96796875,5724.230120083834,4.3473809871855185,0.0,0.0,0.0,high
sys_1365,8939578,0,0,0,1.1859375,6436.065722731616,4.207337741470773,0.0,0.0,0.0,medium
sys_1366,6910275,3,1,1,1.11328125,6142.2827255020375,4.409980438088874,774.8856398852095,33.70112944595823,10.290000263265132,medium
sys_1367,5612764,2,0,1,0.9890625,5560.548937293081,4.521192009265125,0.0,6.9167017856248565,0.7127241222384898,low
sys_1368,7002542,1,1,0,1.044140625,5777.656052052719,4.482014475303791,6345.80292334437,0.0,0.0,low
sys_1369,5614744,2,0,1,1.1765625,6252.407016482909,4.2558585124026065,0.0,27.3336662661719,1.5337606671101442,low
sys_1370,4653354,1,1,0,1.04296875,4214.578101207762,3.9607282122504803,10544.570201215438,0.0,0.0,medium
sys_1371,1701141,2,0,1,1.147265625,6242.6412889543135,4.245448724037036,0.0,16.186386147284274,0.7108394058221434,high
sys_1372,5834046,3,1,1,1.02421875,5951.352590488855,4.190131447508028,6279.647605958339,55.41459751949633,7.813070985341266,medium
sys_1373,9677374,3,1,1,0.978515625,4216.514228420806,4.174085103497648,2416.977676368849,23.967403785033568,2.4021038460308364,low
sys_1374,3919341,0,0,0,1.11328125,6186.457831694563,4.308083091491266,0.0,0.0,0.0,high
sys_1375,7962068,1,1,0,1.1203125,5785.0038282507,4.261797278696676,11588.268876810062,0.0,0.0,high
sys_1376,9124417,3,1,1,0.97734375,5703.884425668389,4.396088321864588,4082.9804095114214,20.837370692434774,2.9908812896612416,medium
sys_1377,5523029,3,1,1,1.07109375,6056.713053603472,4.39913789543172,18480.49216891945,24.95198524352234,0.7062965673006748,medium
sys_1378,4275420,0,0,0,0.98203125,6029.116227947753,4.305584159680132,0.0,0.0,0.0,medium
sys_1379,1251678,1,1,0,1.02890625,4273.245113572466,4.223136324589915,1402.6401279917156,0.0,0.0,high
sys_1380,9019384,2,0,1,0.9187500000000001,5535.1417194551095,4.53588547382022,0.0,2.531817094772656,1.0244193688695233,medium
sys_1381,1235013,3,1,1,1.03125,6133.72567755885,4.422000761096814,3964.3606750434037,2.668574577300337,3.8569194183303805,low
sys_1382,7355308,2,0,1,1.06171875,6110.199431506596,4.374420925535505,0.0,35.17196966458621,1.1390613779549357,max
sys_1383,1160111,3,1,1,1.02421875,5858.475303777052,4.497214229662887,1339.49577051065,61.72225958234757,0.4930880627399953,high
sys_1384,1525918,1,1,0,1.081640625,4819.464149263541,4.308035326140358,15337.194265337197,0.0,0.0,high
sys_1385,2578713,2,0,1,1.14140625,6151.337837091084,4.316670299845371,0.0,5.3333031080421485,3.071508535061883,high
sys_1386,5399412,1,1,0,1.147265625,6259.07511879438,4.3762758289116,1147.2368693378,0.0,0.0,max
sys_1387,2940059,2,0,1,0.922265625,4927.005357122576,4.412042154678755,0.0,17.622106600245022,1.1584079665344862,low
sys_1388,1292511,1,1,0,1.04765625,6072.705467406865,4.4944178861458965,14621.018846743886,0.0,0.0,low
sys_1389,1030064,2,0,1,0.9890625,5638.615137820642,4.125204654214163,0.0,57.29867046106339,1.6337963804362112,low
sys_1390,5623661,2,0,1,0.9609375,5710.884432863097,4.148059626869635,0.0,27.377729401079662,7.106469311231364,high
sys_1391,9658676,0,0,0,0.99609375,5840.014961805682,4.477542463118056,0.0,0.0,0.0,high
sys_1392,7920277,1,1,0,1.194140625,6443.5744894162135,4.052737889801912,4298.936023661979,0.0,0.0,medium
sys_1393,4289551,2,0,1,0.97734375,5561.76198577728,4.512815823354121,0.0,6.533944402900588,0.6699868842999495,low
sys_1394,1079529,1,1,0,1.1906249999999998,6190.715642756496,4.3025259861586616,5041.321669898898,0.0,0.0,medium
sys_1395,3138942,3,1,1,0.9421875,5850.043700630984,4.4480136261550065,5815.884161223425,17.335222999412178,0.8490442551955771,high
sys_1396,2841117,2,0,1,1.06640625,5988.123999635649,4.227533911016519,0.0,81.3893483761055,1.9236140221402311,medium
sys_1397,8377608,1,1,0,0.96796875,5714.166625580734,4.373716449509261,1441.797404371226,0.0,0.0,high
sys_1398,5211912,1,1,0,1.0359375,5774.315117105342,4.2107065869732745,4426.476917299987,0.0,0.0,low
sys_1399,5256494,3,1,1,0.975,4936.453085464993,4.357295862411436,1630.8736052154695,2.433913779854671,1.5611870769294074,low
sys_1400,5593423,2,0,1,0.9890625,5662.619749249322,4.457685579681778,0.0,18.09972612408274,0.18528317362617144,low
sys_1401,6752038,0,0,0,0.9304687500000001,5820.3730646709055,4.430198070200376,0.0,0.0,0.0,medium
sys_1402,3737092,0,0,0,0.96796875,5495.344078449027,4.544951382184587,0.0,0.0,0.0,low
sys_1403,1916962,2,0,1,1.1859375,6512.228450398558,4.28390528525779,0.0,35.62620269630867,0.6144168194250071,low
sys_1404,1132874,3,1,1,0.903515625,5490.90578964722,4.403906113458556,543.4253500697981,73.88807658693645,1.1899023347445548,medium
sys_1405,1831255,3,1,1,0.997265625,5954.694578843936,4.414140093197572,6168.121208246496,22.582070919724938,4.930431226486637,medium
sys_1406,5237279,1,1,0,1.091015625,6055.6511321692,4.323380271011919,1144.7751968875896,0.0,0.0,medium
sys_1407,1462126,0,0,0,1.16484375,6167.666449712097,4.253385652124349,0.0,0.0,0.0,low
sys_1408,5300495,3,1,1,0.94453125,5757.144126711206,4.437457557705681,1791.4419991629584,56.80904035406066,0.3697476299507833,low
sys_1409,2577301,2,0,1,1.194140625,6610.163179753091,4.289946840427746,0.0,52.570750365949095,1.2714115184207324,medium
sys_1410,8787752,2,0,1,1.194140625,5195.219569401846,4.230475543949866,0.0,48.61296298224913,7.147231169689486,max
sys_1411,3515376,1,1,0,1.08046875,5887.06660305643,4.2393898891895265,1392.2580306079917,0.0,0.0,max
sys_1412,3844608,0,0,0,1.16015625,6268.343972924152,4.389478263517604,0.0,0.0,0.0,max
sys_1413,2212880,2,0,1,1.17421875,6195.0593996159905,4.221111692692943,0.0,3.0255984273489784,5.925291365791387,low
sys_1414,5595826,0,0,0,1.1765625,6254.204647118874,4.257651165912179,0.0,0.0,0.0,low
sys_1415,4692748,1,1,0,0.978515625,5783.92968072755,4.138874489245836,1467.2812325406703,0.0,0.0,low
sys_1416,9631805,2,0,1,0.96796875,5550.994170432158,4.517723479814764,0.0,90.22794206933025,0.3734062250677393,high
sys_1417,2417422,0,0,0,1.04765625,5048.152894839841,4.318147193089413,0.0,0.0,0.0,max
sys_1418,6361928,3,1,1,0.9046875,5559.7322727404835,4.263603276113678,1105.5247324612558,3.179121847306865,10.554495680984271,max
sys_1419,1756176,2,0,1,1.053515625,6174.033784658911,4.414521311708018,0.0,3.9310233687913394,1.3778952208433646,low
sys_1420,8680180,0,0,0,1.06171875,6043.955360015394,4.454067422499729,0.0,0.0,0.0,low
sys_1421,5146283,0,0,0,0.98671875,5883.9201164575015,4.384751957879947,0.0,0.0,0.0,max
sys_1422,2382883,2,0,1,1.194140625,6584.512480523697,4.242476561972921,0.0,25.278632641259172,1.683559004925821,max
sys_1423,9785262,2,0,1,1.003125,4718.095122531258,4.347736242546838,0.0,2.5646274360587644,1.8006403436703744,high
sys_1424,1231561,2,0,1,1.10859375,6167.8632636098255,4.437735119156994,0.0,12.388326677787017,1.389749099750409,high
sys_1425,4518933,3,1,1,0.99609375,5797.705123348951,4.5060273770036385,1741.6637411129732,2.850348703216916,2.231679561826437,max
sys_1426,4676730,0,0,0,0.978515625,5695.042069508849,4.5201158973926905,0.0,0.0,0.0,low
sys_1427,5390750,1,1,0,1.0921875,6212.9987526509385,4.2913905212103405,13901.555354370345,0.0,0.0,max
sys_1428,7417682,1,1,0,1.16015625,4490.805296457585,3.952018479203768,970.4959958868665,0.0,0.0,low
sys_1429,3166464,1,1,0,1.18828125,6159.695740294367,4.254390216644718,9402.19894847487,0.0,0.0,low
sys_1430,2069475,2,0,1,1.003125,5925.252125349829,4.37216245052999,0.0,4.3567723856112535,0.2228494511694064,medium
sys_1431,8589315,1,1,0,0.9046875,5044.343683285929,4.448564458814816,923.2790099701509,0.0,0.0,high
sys_1432,1066422,3,1,1,1.09453125,6192.447802601542,4.437555116140175,958.9874167508223,13.000131583965409,3.817083195145795,medium
sys_1433,5672761,3,1,1,1.1847656249999998,6263.683845549661,4.127242941698851,1690.7746922004924,90.37175471829858,2.2909680668561645,max
sys_1434,5893318,1,1,0,0.98671875,5886.340768701702,4.245332406498183,3686.8879033927537,0.0,0.0,low
sys_1435,3357068,0,0,0,0.928125,5373.768154915578,4.534558236167303,0.0,0.0,0.0,medium
sys_1436,2254077,2,0,1,0.97265625,5981.803011616118,4.361777719410018,0.0,16.456463554033473,1.6248543466761318,high
sys_1437,5725226,2,0,1,0.9515625,5776.890201379312,4.103789960877288,0.0,5.812700166212862,0.4661100360369575,max
sys_1438,9005904,3,1,1,1.06171875,6005.6541482364255,4.094147799904085,7258.619022352882,48.259537133914144,0.5342679060026639,medium
sys_1439,4076971,3,1,1,1.1296875,6363.008713715593,4.324302631570583,1448.8292786264176,41.721111492597196,0.780004641037863,low
sys_1440,3139834,2,0,1,1.05703125,5906.346147912889,4.165290110551429,0.0,22.24796160771896,0.46423113557166706,high
sys_1441,7209107,3,1,1,1.1203125,4484.018836170346,4.05036986711272,1061.8031493140745,34.176449515676566,6.407688673132462,high
sys_1442,2893929,0,0,0,1.11328125,6166.716742726153,4.258145837176017,0.0,0.0,0.0,high
sys_1443,9306326,0,0,0,1.07109375,5081.2140502675575,4.324923403512543,0.0,0.0,0.0,medium
sys_1444,4465977,0,0,0,1.1203125,6289.903402803623,4.249743789848959,0.0,0.0,0.0,low
sys_1445,5913301,0,0,0,1.04296875,5722.187757933456,4.493262873480201,0.0,0.0,0.0,medium
sys_1446,9978220,3,1,1,1.0453125,5077.395856855247,4.332218586883393,1596.7651172670712,2.7534268422622796,0.3195651185564554,high
sys_1447,6971187,3,1,1,0.98671875,5870.802674081401,4.405312040086401,4480.7216920285255,8.553194897591345,2.4108476427757837,high
sys_1448,9163483,3,1,1,1.1765625,6237.108128319024,4.2431937613857045,3133.5253687366,56.30147792353375,0.5678382173527857,medium
sys_1449,4581330,2,0,1,1.14140625,6084.490631439553,4.166590254869078,0.0,21.62679629040819,2.5285450464140418,max
sys_1450,9260291,0,0,0,1.109765625,4533.2967766840575,3.905893348108574,0.0,0.0,0.0,medium
sys_1451,4227453,2,0,1,1.10625,6061.031662257901,4.173892624083893,0.0,3.9327242834635547,1.09559945597131,high
sys_1452,5328765,2,0,1,1.1847656249999998,6314.778209142915,4.403509050261252,0.0,4.897083051856995,0.96906402912465,max
sys_1453,4961319,0,0,0,1.166015625,6178.430353881955,4.272170446528148,0.0,0.0,0.0,high
sys_1454,2105491,2,0,1,1.0359375,5675.617556498796,4.489256007976888,0.0,2.1104573837348966,2.388800785030856,medium
sys_1455,8911894,3,1,1,0.9187500000000001,5702.53220557029,4.415428670647682,5440.526846980496,45.87431753290102,2.3101775464916883,low
sys_1456,6393207,3,1,1,0.92109375,5570.749614442661,4.550103812289447,14158.726470010517,4.841301360037367,0.8048689529192955,medium
sys_1457,6169021,2,0,1,1.1906249999999998,6124.011682062686,4.146595197147425,0.0,25.25659490578412,0.55768101419467,high
sys_1458,6673532,0,0,0,1.156640625,6135.161943378361,4.317364758341367,0.0,0.0,0.0,high
sys_1459,6657930,3,1,1,1.021875,4266.239914751866,3.9716765065193553,5702.629419698901,25.429395280389993,2.048696136737136,max
sys_1460,5411867,0,0,0,0.92109375,5582.774649584527,4.544340496562037,0.0,0.0,0.0,medium
sys_1461,8542170,0,0,0,0.9070312500000001,5445.818156072308,4.54928394786476,0.0,0.0,0.0,max
sys_1462,4399109,0,0,0,1.08515625,6283.92502679958,4.272390374118868,0.0,0.0,0.0,medium
sys_1463,6681949,2,0,1,1.0453125,6015.279481985697,4.446636022804739,0.0,5.740031924141872,3.2849865676300785,medium
sys_1464,5599209,1,1,0,1.166015625,6111.6014819561715,4.223959602338051,560.0117441614157,0.0,0.0,high
sys_1465,2363791,3,1,1,1.1203125,6310.203419618476,4.316421828244728,6785.771273984492,22.357346201375616,0.2533998398734798,high
sys_1466,2646480,1,1,0,1.06875,6137.271061254973,4.427383086026299,1181.9564510931173,0.0,0.0,high
sys_1467,4796452,3,1,1,1.044140625,5838.979879817557,4.432081631709306,695.2281281233971,12.815431207102334,0.9095147289832994,max
sys_1468,6396439,3,1,1,1.10625,6099.830323299762,4.260612793562388,742.6187602459639,5.569070512854351,0.8309237965255062,medium
sys_1469,6088548,1,1,0,1.02421875,5909.76640002109,4.136525387458619,3377.008604604854,0.0,0.0,medium
sys_1470,1805885,1,1,0,1.021875,5919.125830477507,4.408409929244842,1442.2430710990072,0.0,0.0,max
sys_1471,9258206,0,0,0,1.06875,6191.2828013102235,4.284658848457297,0.0,0.0,0.0,max
sys_1472,4544630,2,0,1,1.15546875,6226.455605213158,4.3871790882187085,0.0,2.5662042847082183,0.9886024718904277,max
sys_1473,5174682,1,1,0,1.1859375,6417.700290277004,4.197062236106845,12991.382885649291,0.0,0.0,high
sys_1474,6306798,0,0,0,0.9609375,4344.962978108649,3.418533476591561,0.0,0.0,0.0,low
sys_1475,7999550,0,0,0,0.903515625,5353.908764234487,4.509777093627007,0.0,0.0,0.0,low
sys_1476,8284078,3,1,1,1.194140625,6554.420121259698,4.218068291414493,18059.15535453688,22.972380671457426,11.259163205668177,low
sys_1477,8018072,3,1,1,1.14140625,6151.421507296468,4.313016141889153,4455.7909080109575,2.026677707411622,2.1254234203451183,low
sys_1478,7966512,0,0,0,1.1203125,6310.547911750074,4.297889968644352,0.0,0.0,0.0,max
sys_1479,4586571,3,1,1,0.9187500000000001,5728.286197189229,4.376112135787405,18742.7081283808,26.44786261587207,1.871034758753444,high
sys_1480,6098393,2,0,1,0.99609375,5915.912187820536,4.4024387991607075,0.0,3.309257791832298,0.7470576790017134,max
sys_1481,5339976,3,1,1,1.18828125,6153.420504842184,4.249627566187905,2544.4777186760984,42.29262793747758,0.403510506287298,medium
sys_1482,1793537,1,1,0,1.0359375,5697.394335331579,4.4752201613930644,1953.4190864319287,0.0,0.0,low
sys_1483,9373312,2,0,1,1.11328125,6173.172372324478,4.267658750282855,0.0,45.32639707839653,7.875015747134815,low
sys_1484,4743073,0,0,0,1.18828125,4421.998627619432,3.8584088734224835,0.0,0.0,0.0,max
sys_1485,9883097,3,1,1,1.1953125,6522.397907072251,4.2538518507789655,5090.384156881838,34.92407919541242,3.050340143071447,medium
sys_1486,1790212,2,0,1,1.1765625,6266.557813928578,4.273492292081929,0.0,49.56651186399275,1.1986386464786922,high
sys_1487,1011205,1,1,0,1.14140625,6119.553098363272,4.24089595664103,1111.8398923194275,0.0,0.0,max
sys_1488,9264196,1,1,0,1.147265625,6255.60979731738,4.256213571965323,2721.044425997237,0.0,0.0,max
sys_1489,2760566,3,1,1,0.96796875,4311.982275956501,3.445454312329499,1855.2992178213256,3.0272659978193563,0.6825286485893102,medium
sys_1490,4279225,3,1,1,1.044140625,5777.656052052719,4.482014475303791,1674.3670160479899,13.23253947064006,0.8542963973112857,max
sys_1491,1416577,0,0,0,0.9046875,5356.916181604371,4.528215325327123,0.0,0.0,0.0,high
sys_1492,2550047,2,0,1,0.9609375,5741.928658999059,4.424540386234999,0.0,5.720687268266536,0.7193291856325149,high
sys_1493,1131238,3,1,1,1.10859375,4524.788707850491,3.661901009330108,9296.209093995341,3.8441796618649544,1.8532291539562418,medium
sys_1494,4182218,2,0,1,0.9515625,5842.368712762993,4.432635177095961,0.0,6.144655828522617,1.5008791428813353,max
sys_1495,7851274,1,1,0,1.1906249999999998,6181.707933574944,4.276318368167852,948.6523430270631,0.0,0.0,medium
sys_1496,8139373,2,0,1,1.0453125,6056.409550524038,4.40109805408939,0.0,21.299871931258487,1.0565191230372473,medium
sys_1497,4092782,2,0,1,1.0734375,6041.562582218377,4.3192175215969035,0.0,37.577647283631805,0.4955947596295559,medium
sys_1498,8804545,1,1,0,1.17421875,6264.786726216791,4.279949840894387,1254.1663548982685,0.0,0.0,high
sys_1499,3388258,2,0,1,1.0546875,5912.262695848595,4.47243158698224,0.0,14.375145793451916,5.716711392137116,high
sys_1500,3515853,1,1,0,1.06875,6193.437753380386,4.313097337058652,611.423276437302,0.0,0.0,low
sys_1501,6354250,1,1,0,1.09453125,5442.283872356363,4.306077395537845,1658.8767797721848,0.0,0.0,medium
sys_1502,9749385,3,1,1,1.18359375,6570.6611097006735,4.231551025596839,9681.570578175993,11.417982240865129,2.4841775561346418,medium
sys_1503,9118587,1,1,0,1.096875,6328.214861675536,4.423178005835282,7698.385258791224,0.0,0.0,max
sys_1504,6821119,3,1,1,1.091015625,5981.947763496111,4.149330679604812,6451.620485345896,13.284063567090552,12.241977703004757,max
sys_1505,4050056,3,1,1,1.05703125,5871.142808909387,4.463043346878688,4376.236911381636,5.010228079604279,1.6051214960098628,high
sys_1506,4369402,2,0,1,1.16953125,6286.5700427931,4.420765065469789,0.0,3.18636356264255,4.158668930244663,medium
sys_1507,2638665,2,0,1,0.97734375,5621.172371257025,4.476877490111279,0.0,34.364480678285666,2.62634994551782,max
sys_1508,3589139,0,0,0,1.07109375,5918.83865710683,4.056071971831577,0.0,0.0,0.0,max
sys_1509,8425384,2,0,1,1.044140625,5738.206688425665,4.5067896488890735,0.0,76.51147143450402,0.4746959442689331,low
sys_1510,3441364,3,1,1,1.06875,4496.021897017469,3.7722914410510056,500.4244056962953,10.967261165247123,1.6074461487185048,low
sys_1511,1751388,2,0,1,1.1765625,6261.238806359963,4.26561668085729,0.0,18.24774137978677,1.8019218835060886,high
sys_1512,5965057,1,1,0,0.9328125,5802.360130772634,4.1000204991001254,2739.025626062567,0.0,0.0,high
sys_1513,6892117,1,1,0,1.096875,6362.7145870467075,4.377488995990123,4540.453146089245,0.0,0.0,high
sys_1514,7443699,3,1,1,1.08984375,5914.089644013219,4.431386260531902,7493.863538660818,59.12006994631105,1.7174201728020724,high
sys_1515,1117480,1,1,0,1.147265625,6244.87023723582,4.2471408602868035,660.9151366225882,0.0,0.0,high
sys_1516,1336275,1,1,0,0.9375,5492.740917019036,4.499583627270383,3789.2763958204087,0.0,0.0,high
sys_1517,5707179,2,0,1,1.044140625,5864.220302226509,4.216183755048801,0.0,33.70595795560991,0.3116486566772263,max
sys_1518,7983780,1,1,0,1.147265625,6226.997341669368,4.414684844988462,1404.4184581745635,0.0,0.0,medium
sys_1519,2380783,1,1,0,1.17421875,6231.784609333331,4.243843360632586,1937.3974078441213,0.0,0.0,medium
sys_1520,4770719,2,0,1,1.16484375,6089.901163534729,4.122473569179341,0.0,89.14187781021026,1.0928298788977004,low
sys_1521,4547174,0,0,0,1.1906249999999998,6180.439109730116,4.274404569536867,0.0,0.0,0.0,max
sys_1522,2586194,2,0,1,1.171875,6392.674412430255,4.3309369715634105,0.0,27.585856615585634,0.6559477807121339,high
sys_1523,2370388,2,0,1,0.9070312500000001,5681.86168393349,4.295298283878235,0.0,70.17152100880993,0.7370338885964223,high
sys_1524,8335281,1,1,0,1.0921875,6215.0099043496575,4.304552438773773,505.4852205152848,0.0,0.0,max
sys_1525,8148201,3,1,1,1.1765625,6249.628680635246,4.253265865751781,3730.527812329703,27.65806960570906,5.235141031294544,medium
sys_1526,7834770,2,0,1,1.07109375,5462.827456109956,4.318456184107316,0.0,8.339186736031047,0.6490570359121275,medium
sys_1527,6639984,1,1,0,1.034765625,5894.0290365713045,4.399838289519161,1891.429855426658,0.0,0.0,low
sys_1528,6642112,2,0,1,1.11328125,6180.732318828198,4.280800010679416,0.0,4.922047416441729,3.428938978662564,low
sys_1529,8783272,0,0,0,1.1906249999999998,6150.240551743296,4.398631826437004,0.0,0.0,0.0,high
sys_1530,3464209,3,1,1,1.02421875,5950.797862385946,4.418619201845836,506.8915280583425,69.23437922820723,1.0100089772003806,medium
sys_1531,2147976,1,1,0,0.95859375,4159.335104070574,4.224323518402492,2308.6021404745748,0.0,0.0,max
sys_1532,1735730,0,0,0,0.96796875,5679.249446699174,4.424529257505189,0.0,0.0,0.0,max
sys_1533,2693924,2,0,1,0.95859375,5792.662216442867,4.320099513443603,0.0,15.170702091629787,1.7291156637289058,medium
sys_1534,9986544,0,0,0,1.03125,6182.590210094575,4.292307891896574,0.0,0.0,0.0,high
sys_1535,7012918,0,0,0,1.0453125,6020.734703336451,4.441551233898999,0.0,0.0,0.0,medium
sys_1536,1467807,1,1,0,0.96796875,5602.978665367747,4.487701248064067,4531.094150970033,0.0,0.0,low
sys_1537,9725631,3,1,1,0.9304687500000001,5752.470028591308,4.489717989016706,10459.167631202901,52.44522283143202,2.078324468450908,high
sys_1538,6793098,0,0,0,1.18359375,6567.371879919012,4.2288626582679205,0.0,0.0,0.0,medium
sys_1539,6349468,0,0,0,1.04296875,4383.032994756714,4.298938784212695,0.0,0.0,0.0,high
sys_1540,1643608,0,0,0,0.9187500000000001,5573.681497761203,4.516210582149509,0.0,0.0,0.0,max
sys_1541,8400167,1,1,0,1.044140625,5894.836682455467,4.334582095519485,794.1448773455814,0.0,0.0,low
sys_1542,6189152,1,1,0,0.928125,5579.234314029159,4.375103160063599,9612.635762290323,0.0,0.0,low
sys_1543,4873119,2,0,1,1.1578125,5316.5331755456355,4.278158407983748,0.0,8.87822021198839,0.5625086018868801,max
sys_1544,3810930,2,0,1,1.1765625,6254.02105379404,4.257465990002459,0.0,35.60200028686704,0.9678870282860805,high
sys_1545,3842150,2,0,1,1.18828125,6093.1414868242955,4.363094861163222,0.0,25.546149992587843,1.95544565865512,high
sys_1546,4600469,2,0,1,1.10390625,6215.652642366553,4.405072721304025,0.0,8.586905364551717,2.744500834523321,low
sys_1547,6644072,0,0,0,1.166015625,6091.143831311489,4.211276441270872,0.0,0.0,0.0,max
sys_1548,7280571,0,0,0,1.1859375,6471.765138369637,4.2307742124936425,0.0,0.0,0.0,medium
sys_1549,7858234,0,0,0,0.97734375,5727.073767557523,4.346047881138575,0.0,0.0,0.0,low
sys_1550,9115575,1,1,0,1.0640625,6116.391940904261,4.034712330297407,3018.5308007006747,0.0,0.0,medium
sys_1551,3608302,2,0,1,1.034765625,5859.174668144327,4.438725582392746,0.0,2.161863160727361,1.1547192338714618,low
sys_1552,4861111,0,0,0,1.1296875,6267.23423571453,4.120001561583434,0.0,0.0,0.0,max
sys_1553,9775507,3,1,1,0.9890625,5691.702006254426,4.431591753933621,717.8593475075054,75.00974950919148,0.7043565106618496,low
sys_1554,7190858,1,1,0,1.1015625,4350.645796649806,3.627924599805491,903.753607479688,0.0,0.0,medium
sys_1555,2649804,3,1,1,1.17421875,6178.167306658181,4.2119798038463445,1560.670949170103,44.07110400136558,4.480666285648517,medium
sys_1556,4145293,0,0,0,1.08984375,5947.551850165462,4.238227733626771,0.0,0.0,0.0,low
sys_1557,8610796,3,1,1,0.9421875,5697.8113913483885,4.551141488716539,4019.666518185619,27.443660788027785,2.9893330304455206,medium
sys_1558,1723511,0,0,0,1.10625,4405.688836487621,3.772791161148589,0.0,0.0,0.0,max
sys_1559,3255017,1,1,0,1.0546875,5948.58371685373,4.44280193507329,11835.422127346636,0.0,0.0,medium
sys_1560,8684621,2,0,1,1.0078125,5955.5929663463585,4.312916076483851,0.0,81.17009386317548,4.632444719705216,low
sys_1561,2763443,0,0,0,1.166015625,6175.151329224426,4.268139715696546,0.0,0.0,0.0,low
sys_1562,8751438,0,0,0,1.14375,5663.340274897514,4.255428347572335,0.0,0.0,0.0,medium
sys_1563,8422922,2,0,1,1.1859375,5186.656557343454,4.2439660624687,0.0,4.848358168712987,0.3855592912934024,high
sys_1564,9316823,0,0,0,1.096875,6309.877691456937,4.145593448993937,0.0,0.0,0.0,high
sys_1565,3176157,1,1,0,0.95859375,5614.2187574593845,4.519558586737241,1970.3344794728848,0.0,0.0,high
sys_1566,9979175,1,1,0,1.11328125,6152.468511086648,4.398044685406475,11028.23363874329,0.0,0.0,medium
sys_1567,2148048,2,0,1,0.95625,4342.6093228001055,3.7285383100152245,0.0,2.9200647866655265,0.6282786062900556,low
sys_1568,6824164,3,1,1,0.94921875,5750.244611114628,4.553445538088529,1945.6071032744014,32.12030852476551,2.4317895083917422,low
sys_1569,8372819,0,0,0,1.16484375,6158.088241910516,4.237113119043301,0.0,0.0,0.0,medium
sys_1570,9821949,2,0,1,1.1015625,5837.489102059256,4.4549663117474,0.0,4.928507452888859,9.276399972157755,max
sys_1571,3890078,1,1,0,1.10859375,5394.916747271438,4.301879497897268,2921.818648074218,0.0,0.0,high
sys_1572,4321994,2,0,1,0.95625,5293.267142058286,4.411449371531009,0.0,38.90249191241486,1.119294269670358,medium
sys_1573,6920697,2,0,1,1.05703125,4938.756903298605,4.3399099701460955,0.0,41.525289699542036,5.019038530682227,low
sys_1574,2980224,1,1,0,1.06640625,5986.566489027488,4.397602695179317,1308.6200355697656,0.0,0.0,high
sys_1575,4314643,0,0,0,1.10390625,4696.7373177128175,4.259446495461762,0.0,0.0,0.0,low
sys_1576,6379486,1,1,0,0.978515625,5860.112549297841,4.269846390360451,3010.5568899929563,0.0,0.0,low
sys_1577,3571047,3,1,1,1.1953125,6518.551066507923,4.248580541070409,6456.101657987527,2.6455571402687657,0.7898824596080317,high
sys_1578,2450325,1,1,0,1.04765625,4698.067563602414,4.280077242811556,11512.514181782915,0.0,0.0,low
sys_1579,5757722,1,1,0,1.1906249999999998,6124.738110412031,4.2310154832595925,6642.654618463263,0.0,0.0,medium
sys_1580,9155854,1,1,0,1.1953125,6511.453586492967,4.240488840826175,1916.0439324536985,0.0,0.0,max
sys_1581,9726009,3,1,1,0.9304687500000001,5718.619484892413,4.511527267385558,13546.396061043648,39.46723266727119,3.6045555389375354,low
sys_1582,4199869,0,0,0,1.0546875,5940.011025925084,4.14540665686395,0.0,0.0,0.0,low
sys_1583,8118678,0,0,0,1.02421875,5770.712580391138,4.375486875262678,0.0,0.0,0.0,high
sys_1584,4541530,2,0,1,1.091015625,6051.77506853231,4.343050647368483,0.0,6.607982867225481,2.6420456783299824,high
sys_1585,6457045,0,0,0,1.194140625,6588.710355882656,4.3676494719902035,0.0,0.0,0.0,max
sys_1586,8535111,0,0,0,1.00078125,5628.310182741268,4.400313583398164,0.0,0.0,0.0,medium
sys_1587,5480228,2,0,1,1.003125,4272.483352540696,3.9911812182424327,0.0,4.870658947387047,0.6243725978376263,low
sys_1588,6440342,0,0,0,0.94921875,5964.990052333658,4.3370006093574975,0.0,0.0,0.0,high
sys_1589,9646469,0,0,0,1.0546875,5998.702572550822,4.252572500135193,0.0,0.0,0.0,medium
sys_1590,5377913,2,0,1,0.98203125,6011.42170018588,4.3781819219362115,0.0,18.160968929405318,0.7511949653031418,max
sys_1591,4621809,0,0,0,1.096875,6359.116949323047,4.237310453633561,0.0,0.0,0.0,low
sys_1592,3565482,0,0,0,0.9890625,4155.042654115254,3.9968927966770624,0.0,0.0,0.0,max
sys_1593,5095503,3,1,1,0.928125,4105.82578020367,4.315104830622016,8211.784716926142,33.14770836500221,2.3518979520150354,high
sys_1594,7452152,1,1,0,0.903515625,5520.831121409798,4.3454114698472175,7168.100318001571,0.0,0.0,low
sys_1595,9185909,1,1,0,1.156640625,5948.572313700919,4.046845665157502,2671.2782704308916,0.0,0.0,max
sys_1596,2362991,1,1,0,0.9304687500000001,5699.50902004373,4.522654869568063,16204.804199634875,0.0,0.0,max
sys_1597,4160032,1,1,0,1.06640625,5980.2739658161445,4.208943510698008,1996.3694496983258,0.0,0.0,max
sys_1598,5189781,2,0,1,1.0921875,4498.927486085494,3.4823646126824936,0.0,2.703213508460843,2.5565678560429594,high
sys_1599,5409657,0,0,0,1.003125,5811.787046329071,4.490385992986947,0.0,0.0,0.0,medium
sys_1600,8433905,0,0,0,1.1906249999999998,6174.037059160422,4.266393496919464,0.0,0.0,0.0,medium
sys_1601,6747373,2,0,1,1.003125,5909.548736331148,4.400077290781315,0.0,2.7743065616285865,4.12277665900676,low
sys_1602,1594707,0,0,0,0.9046875,5408.668922728271,4.5025872425614635,0.0,0.0,0.0,medium
sys_1603,5547801,1,1,0,1.1015625,5925.201688120349,4.309967876943897,2419.3620279543743,0.0,0.0,low
sys_1604,4226933,2,0,1,0.95625,5817.396779374379,4.386436392197323,0.0,4.728619132393001,7.772477681258518,medium
sys_1605,9370293,3,1,1,0.97734375,5539.916399142343,4.52415663750521,6794.9431348974795,2.2855971498181593,3.0282088697837537,max
sys_1606,9273910,3,1,1,1.171875,6388.424851599679,4.344207621348093,3344.585450235027,7.9919218870531,0.575333721739822,medium
sys_1607,4451919,2,0,1,0.9046875,5302.710496397686,4.551178749836838,0.0,20.06199701234186,2.504012385709157,max
sys_1608,1367132,3,1,1,1.1847656249999998,6320.176149159111,4.22100235963394,3968.7953901073447,62.303798897396476,0.3967964828792369,medium
sys_1609,2479529,1,1,0,0.997265625,5961.701636585748,4.404396345884681,536.8966668706545,0.0,0.0,medium
sys_1610,3833069,3,1,1,0.95625,5838.10777466875,4.333118628538662,16568.24574913974,87.44227405453314,1.2561375331739983,max
sys_1611,7194612,2,0,1,0.9046875,4385.590641506183,4.3996014153208,0.0,40.23998867831091,0.7076474400840013,max
sys_1612,1268885,0,0,0,1.17421875,6234.733638081795,4.2460187004166325,0.0,0.0,0.0,medium
sys_1613,8659152,2,0,1,0.903515625,5480.530841169093,4.416495420051327,0.0,8.498039229323384,11.446726924745779,high
sys_1614,1681163,3,1,1,1.08046875,5891.556286218365,4.383419566054619,15498.685409980668,7.864515131217208,13.473678653770593,high
sys_1615,9061670,3,1,1,1.0734375,5878.637681806623,4.064343088238147,3241.1419560663057,14.977129598344753,0.9039903691608085,high
sys_1616,5013159,2,0,1,1.06640625,5920.6433383436915,4.464058474784261,0.0,23.365556437874965,2.965273036089308,max
sys_1617,3557360,0,0,0,1.08984375,5938.039021159478,4.213465612283014,0.0,0.0,0.0,medium
sys_1618,8184668,2,0,1,0.92578125,5362.946040755101,4.567217101466444,0.0,38.3713679859301,1.4384659533348403,max
sys_1619,4938082,1,1,0,1.00078125,5747.653148705394,4.485811252795247,950.2656308878244,0.0,0.0,low
sys_1620,1223757,0,0,0,1.11328125,6100.344361732184,4.134965998366636,0.0,0.0,0.0,high
sys_1621,1279045,3,1,1,0.96796875,5543.833417788612,4.521408523906263,826.9667181733696,33.87400383979629,3.768872839737581,medium
sys_1622,4424890,3,1,1,1.04765625,6069.290720826309,4.495681354798606,682.6643774274012,30.198512353975026,1.1708469003163593,max
sys_1623,5669224,2,0,1,1.0171875,6029.765780196938,4.19346617554383,0.0,36.95164797079915,0.365896528321815,high
sys_1624,1748331,3,1,1,1.16484375,6101.050044691175,4.393373027502255,749.1578024433421,77.88554239489832,1.2869923291302832,high
sys_1625,4772935,3,1,1,1.1859375,6423.395361947867,4.113688908166487,3450.4604186356114,2.952715472617213,1.7283979760268373,max
sys_1626,6501791,3,1,1,1.08046875,5888.982642684916,4.3877306342011595,4902.001292549496,22.513423763841136,2.1665831666141675,medium
sys_1627,2424832,1,1,0,0.99609375,5946.857282570876,4.308392268456363,3132.2208324943535,0.0,0.0,max
sys_1628,5211140,0,0,0,1.17421875,6254.982875483694,4.264724575549413,0.0,0.0,0.0,low
sys_1629,2253756,3,1,1,1.18828125,6118.621598689193,4.178353709890342,599.6010091894033,4.125293588301626,1.7562684292999236,high
sys_1630,2664373,1,1,0,1.17421875,6146.612968767968,4.395634222838447,4106.786512123688,0.0,0.0,high
sys_1631,9742947,1,1,0,1.044140625,5895.602533871064,4.311716287800271,1808.8535632025378,0.0,0.0,medium
sys_1632,4015419,1,1,0,1.0453125,6074.45667871316,4.369787542759205,1475.3794784004906,0.0,0.0,max
sys_1633,8868318,2,0,1,1.11328125,6175.92522241706,4.359033188393668,0.0,2.0709534430222054,17.41461635465748,medium
sys_1634,8604737,1,1,0,1.109765625,5498.225638075813,4.280884336505378,4969.944316272105,0.0,0.0,max
sys_1635,5874371,0,0,0,1.1203125,4539.4789548316585,3.7352853780941464,0.0,0.0,0.0,medium
sys_1636,3000971,1,1,0,1.0546875,6001.976497818147,4.371866791981455,5082.771763405232,0.0,0.0,max
sys_1637,8818892,2,0,1,0.9890625,5736.7277901382695,4.26535659742954,0.0,4.361176710334533,4.675184209001797,high
sys_1638,4310888,0,0,0,1.17421875,6261.49721109599,4.2737591797444,0.0,0.0,0.0,high
sys_1639,8973299,1,1,0,1.08046875,5841.341357616694,4.158982266874224,5320.091929858946,0.0,0.0,high
sys_1640,5184125,1,1,0,1.081640625,6054.241522639432,4.4444923765923505,1497.0655062682383,0.0,0.0,low
sys_1641,1430577,1,1,0,1.1859375,6449.716238618331,4.215585762061238,1952.7709533000989,0.0,0.0,high
sys_1642,7819847,3,1,1,1.08984375,5963.973081023924,4.361328029363213,1329.7819922778222,3.080324368066227,1.7428480287792214,low
sys_1643,2599552,2,0,1,0.94921875,4344.915302560845,3.924498502796771,0.0,45.95774397266291,0.9574236275878811,max
sys_1644,5404621,1,1,0,1.08984375,5955.971195191303,4.265115712194208,11940.44633431056,0.0,0.0,high
sys_1645,4550409,2,0,1,1.15546875,6217.895918543246,4.398136782561367,0.0,17.351522194001316,3.944890191179771,high
sys_1646,1663504,2,0,1,0.92578125,5441.942475766883,4.532018636340947,0.0,30.835039684765746,4.185965871583656,max
sys_1647,7690760,1,1,0,1.0734375,6024.623596403573,4.263786603665593,9149.757019006278,0.0,0.0,high
sys_1648,6635947,1,1,0,1.194140625,6574.920101188028,4.233625353711661,10047.211628841622,0.0,0.0,max
sys_1649,4972107,1,1,0,1.14140625,6150.092760324059,4.329121168949745,831.4251382091453,0.0,0.0,max
sys_1650,3458820,0,0,0,1.0734375,5998.238026289092,4.19517470588744,0.0,0.0,0.0,max
sys_1651,7380738,2,0,1,1.091015625,4391.21212513015,3.823860393269418,0.0,24.427823202616928,1.5228082529061833,max
sys_1652,1970045,1,1,0,1.1015625,5824.31719913994,4.464604840898764,1437.072513819836,0.0,0.0,max
sys_1653,8534132,0,0,0,1.166015625,6160.894031065485,4.2548994714256185,0.0,0.0,0.0,high
sys_1654,6003033,1,1,0,1.03125,6038.939209402596,4.500448233868746,646.2444803710351,0.0,0.0,medium
sys_1655,7759649,2,0,1,0.903515625,5277.949925977281,4.544629939082571,0.0,2.5704904565802487,5.8952093602920685,high
sys_1656,7744641,1,1,0,1.18359375,6587.756131453947,4.365021776326163,1458.603916749647,0.0,0.0,medium
sys_1657,6184957,3,1,1,1.1859375,6428.57978520742,4.2030565316610184,1578.6625685174542,64.57006336925497,2.138633834741445,max
sys_1658,2678931,2,0,1,1.18828125,6093.1414868242955,4.363094861163222,0.0,70.9673797448175,1.6353030198115135,max
sys_1659,9952943,3,1,1,0.978515625,5668.82379218009,4.535335495994114,17084.506943977034,54.12039209255364,0.7890617812272448,low
sys_1660,3489006,2,0,1,1.07109375,6088.985757301474,4.31741658989466,0.0,2.681320631853198,6.871054760570967,max
sys_1661,8510777,2,0,1,0.95859375,5790.873275425985,4.341489295101329,0.0,2.221187280012393,11.57881589941586,low
sys_1662,9317984,0,0,0,1.08046875,5794.347077478205,4.111706437755928,0.0,0.0,0.0,max
sys_1663,8417395,0,0,0,0.984375,5833.862004648183,4.494308463881748,0.0,0.0,0.0,low
sys_1664,5019968,2,0,1,1.1953125,6257.875787882081,3.9714641768523378,0.0,3.221889888183352,4.0429086214604295,max
sys_1665,7795069,0,0,0,1.021875,5951.500429967985,4.340532086418066,0.0,0.0,0.0,high
sys_1666,1241574,3,1,1,1.003125,5922.336640970676,4.378200007239187,2911.976157309622,99.916865430969,2.8403670162523924,max
sys_1667,7380926,1,1,0,1.156640625,6129.889719788716,4.345599492362633,3592.7144938655897,0.0,0.0,low
sys_1668,2563213,2,0,1,1.166015625,6188.961772196581,4.294271042894622,0.0,3.0269038612099504,1.019596326247856,medium
sys_1669,5513927,1,1,0,1.08046875,5846.631750362042,4.16561561706391,725.7250790222466,0.0,0.0,high
sys_1670,5830622,3,1,1,1.034765625,5815.93157049056,4.114932829039818,4634.252866283151,17.973907239893173,0.41407769803243033,low
sys_1671,3565627,3,1,1,0.9304687500000001,5748.329017077666,4.4925468829708315,12053.305715538596,8.973346950847247,1.6459159787558664,max
sys_1672,5570619,0,0,0,0.903515625,5515.555630454574,4.3629607465258955,0.0,0.0,0.0,high
sys_1673,5885369,0,0,0,0.9421875,4294.947401213588,3.996506365195766,0.0,0.0,0.0,max
sys_1674,9468814,3,1,1,1.1859375,6429.445849397366,4.203532475098582,735.725276299553,15.886387366020898,1.5091537633795207,max
sys_1675,7176518,3,1,1,1.003125,5776.73550192012,4.512748654273293,581.4960831888606,34.13470921036675,3.260598520674932,high
sys_1676,6726923,3,1,1,1.06640625,4415.456965246677,3.6634072492963825,643.073981841719,15.579034483506573,0.31081007447787395,max
sys_1677,1908662,2,0,1,1.0171875,6037.109484682324,4.4030199962086884,0.0,5.690102389289527,3.170777660759961,medium
sys_1678,5680296,2,0,1,1.0921875,6194.775775529761,4.256897952441166,0.0,21.045414273034805,0.49135939251970634,high
sys_1679,5279021,1,1,0,1.1953125,6496.916099221228,4.2273841021006096,3649.30118741664,0.0,0.0,max
sys_1680,5226172,2,0,1,1.05703125,5924.936016534531,4.415239369470149,0.0,36.94738391531836,0.813362119171919,max
sys_1681,2595693,2,0,1,1.044140625,5777.064471737977,4.482420827202699,0.0,3.0672997861071716,0.42883354152306036,max
sys_1682,9624781,0,0,0,0.9375,5205.065064108905,4.437201905416453,0.0,0.0,0.0,low
sys_1683,4972925,2,0,1,0.92578125,5540.434972667343,4.476952574704153,0.0,54.61578906986877,2.946867284956935,medium
sys_1684,5237617,3,1,1,1.081640625,6030.935465702555,4.464004596226401,5723.946024083737,19.07076918852701,0.46438731401411176,max
sys_1685,2978272,0,0,0,1.109765625,4809.840549921837,4.259092087447623,0.0,0.0,0.0,low
sys_1686,7361216,3,1,1,1.1578125,4982.972710489479,4.281087190006195,7409.649302695275,43.90736289216672,0.713616257509982,low
sys_1687,4336275,2,0,1,1.10859375,6218.403172353223,4.377365414924527,0.0,54.203025182774326,0.2870561379563258,high
sys_1688,5343327,0,0,0,1.1906249999999998,6150.240551743296,4.398631826437004,0.0,0.0,0.0,low
sys_1689,2257439,0,0,0,1.09453125,6249.4552738863,4.258200574476981,0.0,0.0,0.0,high
sys_1690,9014958,3,1,1,1.109765625,4529.936009387686,4.115687281190268,8035.98697038391,14.508680616689675,0.4696046668782421,max
sys_1691,4503361,0,0,0,1.1953125,6478.649978313023,4.214056529845715,0.0,0.0,0.0,low
sys_1692,5470143,0,0,0,1.003125,4791.0046349464865,4.354093186420926,0.0,0.0,0.0,high
sys_1693,9562611,3,1,1,1.0359375,5766.109209747436,4.415194497972733,7960.317269641176,15.444376808140111,1.2048323140870743,medium
sys_1694,9546515,3,1,1,1.147265625,6224.771493540217,4.23324562326428,8625.347507628217,15.079361801896127,0.3972411691517612,max
sys_1695,8592510,2,0,1,1.1765625,6264.3449841944885,4.269931067288769,0.0,17.19363818852888,0.2158014559567733,low
sys_1696,9668813,2,0,1,1.0171875,6055.001916377906,4.258563233244383,0.0,7.722130857437242,2.689448420999155,max
sys_1697,4863111,0,0,0,0.9515625,5854.6319386671075,4.418037545848687,0.0,0.0,0.0,medium
sys_1698,1015673,2,0,1,1.1906249999999998,6096.3714416046405,4.216031314924539,0.0,2.9869128865660484,1.7930853932228896,medium
sys_1699,9474451,3,1,1,0.9375,5623.5447330749475,4.379908767609906,8514.49808538957,10.787547078525982,1.2989800164478418,low
sys_1700,4401375,2,0,1,0.9609375,4852.683442526484,4.394375038666788,0.0,18.106457222311526,4.118367590887762,high
sys_1701,6781531,1,1,0,1.17421875,6264.439676834697,4.279204718475473,11439.370454513966,0.0,0.0,medium
sys_1702,1597377,1,1,0,1.1953125,4717.37107996406,4.168999273487779,2050.67847852915,0.0,0.0,high
sys_1703,2556883,0,0,0,1.021875,5881.620185918217,4.447515713776893,0.0,0.0,0.0,high
sys_1704,9463105,3,1,1,1.034765625,5793.601107393898,4.488214052390845,548.9557910549352,8.3507042407237,0.9226934919404445,low
sys_1705,2887367,2,0,1,0.903515625,5191.5061191357945,4.578458888679984,0.0,72.71848758359666,9.299724494986043,medium
sys_1706,4879437,0,0,0,1.194140625,5719.660329557506,4.1969821334305975,0.0,0.0,0.0,low
sys_1707,4509580,3,1,1,1.1906249999999998,6154.194479871015,4.249274135018799,854.3711173738692,3.5551084163691784,10.451934531023308,low
sys_1708,5702319,0,0,0,1.14140625,6144.238390333078,4.3514511066571355,0.0,0.0,0.0,medium
sys_1709,3265996,3,1,1,1.1847656249999998,4569.329558002396,3.711005018729612,5945.976065550284,76.38677774571323,1.8946543324911729,high
sys_1710,1442845,2,0,1,1.0640625,4513.315575285962,3.8514116149328834,0.0,41.508687344645246,1.1402624143036229,medium
sys_1711,9022810,3,1,1,1.04296875,5849.551879235623,4.372342283979778,1364.8928254661512,68.93700133183783,2.9513640684675577,high
sys_1712,5503790,0,0,0,0.997265625,5925.246246831327,4.1518679214177805,0.0,0.0,0.0,medium
sys_1713,4728094,2,0,1,0.9421875,5886.283811838345,4.403835058375473,0.0,61.87185500282463,0.8611006120300012,low
sys_1714,4480231,2,0,1,1.00078125,5832.49747213961,4.19122325688603,0.0,8.194333885648069,1.5117493705227159,high
sys_1715,3191484,0,0,0,1.1906249999999998,6041.977675360889,4.427571041054968,0.0,0.0,0.0,max
sys_1716,2402490,0,0,0,1.06171875,5229.626465742051,4.328382599919577,0.0,0.0,0.0,medium
sys_1717,8036223,1,1,0,1.147265625,6228.986333670679,4.412767852554903,940.560365905394,0.0,0.0,max
sys_1718,7512752,2,0,1,1.10625,6088.382602643757,4.396586059187991,0.0,9.014265996447703,1.6053274143132719,low
sys_1719,9694913,0,0,0,1.18359375,6576.028623685533,4.3824494215118,0.0,0.0,0.0,high
sys_1720,3982811,2,0,1,1.034765625,5906.998059613136,4.378409152097856,0.0,23.402610694779444,0.5968808072154391,low
sys_1721,7932612,2,0,1,1.16484375,6173.28582633089,4.368551038701759,0.0,63.433673323184784,2.116984758164627,low
sys_1722,7573133,0,0,0,0.9515625,5706.549917241589,4.5314350699604695,0.0,0.0,0.0,max
sys_1723,3433925,1,1,0,1.0921875,6183.285908343153,4.396390917955802,2494.7078205225494,0.0,0.0,low
sys_1724,8488408,2,0,1,1.0078125,5873.399007515934,4.140147222708933,0.0,7.987832742072532,0.8348080311979408,medium
sys_1725,8809794,1,1,0,1.0078125,5545.940939493636,4.373117525522548,1274.6010465855798,0.0,0.0,max
sys_1726,9978684,3,1,1,0.984375,5897.217409055895,4.158961097779771,8195.956462743661,11.547566403903245,5.077269225905993,low
sys_1727,6616125,1,1,0,1.14375,5245.759827588362,4.279026139364871,2797.5703790452744,0.0,0.0,high
sys_1728,7719351,3,1,1,1.08046875,5906.715653107649,4.347979409297015,10044.225413465945,8.628746655264877,1.6446622916636104,low
sys_1729,5410797,3,1,1,1.147265625,6278.820492605162,4.2996228689831195,2230.0333371082515,3.208367321966354,13.108224801276176,high
sys_1730,1557633,1,1,0,1.06640625,5958.055254123305,4.170257409540896,1055.148264293893,0.0,0.0,high
sys_1731,5185522,3,1,1,1.18359375,6448.783783477749,4.060270797341165,16747.35656937496,5.947158098831135,3.2613429723488694,high
sys_1732,7404465,2,0,1,1.0734375,5947.611883083097,4.461301800806912,0.0,2.514005323414989,2.1481190984821477,medium
sys_1733,4514452,3,1,1,1.1765625,6255.301872574884,4.258778647366539,7510.046499291774,3.986466701800399,4.786191833696763,medium
sys_1734,8696901,0,0,0,0.97734375,5514.414300311489,4.536611841747729,0.0,0.0,0.0,medium
sys_1735,8278197,3,1,1,0.95625,5804.193477735843,4.4073767798092955,2068.9061777208703,18.494534004841146,4.298143215015032,low
sys_1736,1495191,3,1,1,0.95859375,5777.5822967171825,4.376673284750768,812.0405793965053,3.8586140762769525,0.20432448657407398,low
sys_1737,7365705,1,1,0,0.98671875,4598.485391784421,4.341374459872419,1326.6846296223518,0.0,0.0,low
sys_1738,2478370,0,0,0,1.18359375,6567.256311245483,4.228764266636622,0.0,0.0,0.0,low
sys_1739,4223906,0,0,0,1.06171875,6026.382637786928,4.1143358599753475,0.0,0.0,0.0,max
sys_1740,3332095,3,1,1,0.9375,5548.623792406548,4.462766281030731,2727.647408278001,86.34200035581557,3.106292073290202,max
sys_1741,9442446,2,0,1,1.194140625,6419.9987294782495,4.03491940686424,0.0,19.130231657937724,5.722292158505503,high
sys_1742,7048495,0,0,0,1.021875,5895.352443801062,4.165578201209962,0.0,0.0,0.0,max
sys_1743,1218121,3,1,1,0.9890625,5700.567485019531,4.422044588752936,2403.593307951766,39.16795723749462,3.2448562806460464,medium
sys_1744,5802971,1,1,0,0.978515625,4326.2659224753215,3.7528831027882594,968.877799899845,0.0,0.0,low
sys_1745,9328338,2,0,1,1.1015625,5904.699820914915,4.2532297720357946,0.0,40.46023150414736,1.3601982986830163,low
sys_1746,3675272,2,0,1,1.17421875,6250.022121673359,4.259271739517459,0.0,73.47627088696804,2.601594814528592,medium
sys_1747,4220715,3,1,1,1.044140625,5887.461934610657,4.284118157078493,888.2697383405748,96.41229781997349,3.0844700532389058,max
sys_1748,3639075,3,1,1,1.1203125,4484.181573968539,4.025664525690363,1228.328126142432,43.37872478575346,2.6247435651176594,high
sys_1749,5904209,2,0,1,1.1296875,6055.349722419313,4.242622931284884,0.0,19.0228766998481,4.015676884903012,medium
sys_1750,2554808,2,0,1,0.9609375,5691.20090743136,4.471090756132531,0.0,8.239538515212987,0.6992776657927505,medium
sys_1751,5491308,1,1,0,1.16015625,6226.648332479166,4.433522613105751,2495.665193492928,0.0,0.0,low
sys_1752,5810429,2,0,1,1.0359375,5792.8569100185205,4.3742754399237045,0.0,84.65264349869874,0.8601041700545319,medium
sys_1753,3059825,2,0,1,1.1765625,6252.744612251677,4.256198518939118,0.0,44.45647444834029,0.7416406713282591,medium
sys_1754,5758383,3,1,1,1.11328125,5996.874588362357,4.038550032924896,1638.465003508628,13.92827722421109,0.3951808074285388,medium
sys_1755,9050806,3,1,1,0.928125,5372.802503052439,4.535108611036477,1783.7787661898712,5.653697376369361,1.242121581291576,medium
sys_1756,3733107,0,0,0,0.97734375,5484.604885785185,4.552583726571145,0.0,0.0,0.0,max
sys_1757,7340634,2,0,1,1.05703125,5899.589117383053,4.156000443523845,0.0,46.15040376073391,1.1633113935231167,high
sys_1758,2903531,1,1,0,1.1847656249999998,6353.3874834854905,4.342852636989178,13430.178822194812,0.0,0.0,medium
sys_1759,3538706,1,1,0,0.9046875,5397.562659533278,4.50849816516495,19771.426393150257,0.0,0.0,medium
sys_1760,8419919,1,1,0,1.1203125,6217.785405015607,4.446036980134876,13498.723446150232,0.0,0.0,high
sys_1761,9958194,2,0,1,0.9375,5386.75286159759,4.55034505828692,0.0,31.9989833791699,15.927618424616414,high
sys_1762,8682830,2,0,1,0.922265625,5768.364425023747,4.32724683513966,0.0,22.745079709830335,3.3746597610515816,low
sys_1763,6335009,1,1,0,0.94453125,4300.452541386003,3.7130347448221284,11303.12963565178,0.0,0.0,max
sys_1764,9371737,2,0,1,1.0734375,4700.103339771424,4.311740312789789,0.0,22.439071811081718,3.2814517940582077,low
sys_1765,1312210,0,0,0,1.1203125,5785.0038282507,4.261797278696676,0.0,0.0,0.0,high
sys_1766,7229255,3,1,1,0.97734375,5728.444713495149,4.312784749611568,2913.395409993939,25.982884023769824,1.226374424999706,high
sys_1767,9638256,2,0,1,1.17421875,6252.793702415949,4.262213238913214,0.0,39.358952086871916,1.7944670775325362,medium
sys_1768,7606264,0,0,0,1.05,5218.4108275880235,4.347173946332788,0.0,0.0,0.0,high
sys_1769,1554530,1,1,0,1.17421875,6249.8400686063205,4.259075345845869,1169.7854242872147,0.0,0.0,high
sys_1770,5937285,2,0,1,0.9304687500000001,5813.551956961024,4.437825614481798,0.0,31.072461816923745,1.0385860566470952,low
sys_1771,7843170,2,0,1,0.94453125,5803.143842649131,4.246146575863758,0.0,2.8495143811333743,0.6864426787180178,low
sys_1772,3082108,0,0,0,0.9890625,5729.664679928329,4.380270698092421,0.0,0.0,0.0,max
sys_1773,5455178,2,0,1,1.17421875,6270.837214365483,4.306192551001868,0.0,21.993565312423907,0.8512835963409194,high
sys_1774,5425051,2,0,1,0.94921875,4308.4217197173075,4.025993710549694,0.0,89.33589402727071,1.8602100551803935,medium
sys_1775,2850995,2,0,1,0.9609375,5713.997509174417,4.452587695669851,0.0,42.5461756862036,4.3893230619941574,medium
sys_1776,8291746,0,0,0,1.134375,4432.4260539233765,3.957535105178133,0.0,0.0,0.0,medium
sys_1777,2866702,1,1,0,0.975,5168.806080575875,4.365032110028441,988.285087389883,0.0,0.0,high
sys_1778,6844506,2,0,1,1.0640625,6246.8558383345335,4.422174701264485,0.0,5.848960828896017,0.3151913656116988,medium
sys_1779,6788813,1,1,0,1.0546875,5950.792972813152,4.440736601966128,1212.3121628643942,0.0,0.0,medium
sys_1780,7226781,3,1,1,1.003125,5919.657877833851,4.242027876882865,4675.847580174586,91.68820661499524,1.1339431573854577,medium
sys_1781,2296876,2,0,1,1.1953125,6529.345930130248,4.334846306763463,0.0,2.8096410299862433,4.418282586913024,max
sys_1782,3793861,1,1,0,0.997265625,5942.119042710027,4.1736378211339735,9848.686821359932,0.0,0.0,medium
sys_1783,9485952,2,0,1,1.16484375,6190.1158861364665,4.306484841539888,0.0,5.583228127719254,1.1389339075320717,max
sys_1784,5152265,0,0,0,1.091015625,6005.277243899948,4.421992784917747,0.0,0.0,0.0,max
sys_1785,3593127,1,1,0,1.1296875,6345.442701910182,4.249419808812291,7218.146790989706,0.0,0.0,low
sys_1786,4012757,0,0,0,1.1765625,6223.538086285556,4.234015942787672,0.0,0.0,0.0,low
sys_1787,1288999,0,0,0,0.9328125,5739.160715559519,4.532331598411089,0.0,0.0,0.0,max
sys_1788,5221948,1,1,0,0.903515625,5360.991173952697,4.506074433435209,3012.6262133184996,0.0,0.0,high
sys_1789,4583016,3,1,1,1.06640625,5976.800389998686,4.411001141201258,11316.093219731814,4.594011753930178,1.609556078865206,high
sys_1790,3777637,3,1,1,0.98671875,5860.426320027041,4.418667701153047,8702.480562687218,8.631909814167585,1.4793923760835683,max
sys_1791,7658216,0,0,0,1.171875,6343.314900669389,4.411506762211668,0.0,0.0,0.0,medium
sys_1792,3672465,0,0,0,1.034765625,5913.757104796939,4.283866639609689,0.0,0.0,0.0,max
sys_1793,3250986,0,0,0,1.09453125,6161.113022585105,4.465613949224037,0.0,0.0,0.0,high
sys_1794,1120867,3,1,1,1.003125,5927.987975375994,4.272895712116534,7898.561969666124,75.46132426163625,2.2485095632498258,low
sys_1795,3049814,0,0,0,1.0359375,5705.620371296081,4.469556835108326,0.0,0.0,0.0,high
sys_1796,7233600,1,1,0,1.156640625,6130.03116618307,4.344634063901855,3803.447803573105,0.0,0.0,max
sys_1797,4115136,1,1,0,0.97734375,5715.7429395340105,4.375577935975996,7546.495455616236,0.0,0.0,high
sys_1798,1553158,3,1,1,1.14140625,6099.402159744892,4.193294683061659,2002.4621778023702,22.32507994848143,1.5363703711596104,medium
sys_1799,7425107,2,0,1,1.096875,6359.627023847569,4.382691284421978,0.0,6.955131501812359,0.7503868190655226,max
sys_1800,8240183,3,1,1,0.97734375,5726.963539736433,4.346481924346492,3410.2553163763755,2.3019377664461023,1.798961858548713,medium
sys_1801,5387053,1,1,0,1.1953125,6519.378722642231,4.249652099857887,2733.5588014081854,0.0,0.0,medium
sys_1802,2365575,0,0,0,1.18359375,6594.608333067566,4.257086221380905,0.0,0.0,0.0,max
sys_1803,1069115,0,0,0,1.08984375,5969.219412346184,4.294473686045872,0.0,0.0,0.0,medium
sys_1804,4314048,2,0,1,0.9609375,5631.212232105157,4.51004306753873,0.0,37.25961554254086,0.3519096227483225,medium
sys_1805,3430550,1,1,0,0.9515625,5820.365918599047,4.454521620234787,5720.5522214092,0.0,0.0,low
sys_1806,1708989,3,1,1,1.17421875,6262.8905553116565,4.27618332093498,2512.015885672396,2.3581648059295772,10.509108493068947,medium
sys_1807,3665154,0,0,0,0.9421875,5874.586750577801,4.42003268995163,0.0,0.0,0.0,high
sys_1808,8565723,2,0,1,1.109765625,6300.143134783533,4.183962722360168,0.0,67.5994399692737,2.498502115899684,max
sys_1809,4099091,0,0,0,1.08046875,5787.877602829293,4.106310239641595,0.0,0.0,0.0,max
sys_1810,5425811,3,1,1,1.03125,6173.278980662453,4.265675011748748,5292.0126387366145,7.179829457590776,1.515198060384838,low
sys_1811,7506740,0,0,0,1.1015625,5925.258136944828,4.329020500374155,0.0,0.0,0.0,low
sys_1812,6408935,0,0,0,0.9890625,4396.61994786679,4.346371919941937,0.0,0.0,0.0,medium
sys_1813,3246490,3,1,1,0.98203125,4959.056739633353,4.356379772947072,6905.608607998787,27.11982250256663,2.4800052615521393,low
sys_1814,4278065,2,0,1,0.92578125,5594.157379230959,4.431509929916771,0.0,5.381412828843514,4.392196415867798,max
sys_1815,1245524,2,0,1,1.1953125,5395.630922118687,4.245636264651579,0.0,51.10458051317323,4.631621606110004,low
sys_1816,4105579,1,1,0,1.02421875,4847.699943601042,4.352609255010737,4212.266623036937,0.0,0.0,medium
sys_1817,9676030,2,0,1,0.9609375,5729.394593819336,4.438147598203278,0.0,43.70295107437909,0.25479313437602125,medium
sys_1818,2599596,2,0,1,1.1765625,6213.086601030821,4.227597361911448,0.0,6.295953975049416,0.9868601419607678,max
sys_1819,6710046,0,0,0,1.003125,5924.690717241384,4.259853709562328,0.0,0.0,0.0,max
sys_1820,7343109,2,0,1,1.044140625,4481.783376278195,4.318216191577035,0.0,12.822809161672511,2.426351622142369,low
sys_1821,2749182,1,1,0,1.1906249999999998,6139.476187129094,4.409583274760006,7867.693107716387,0.0,0.0,medium
sys_1822,5058672,1,1,0,1.147265625,6266.886152168855,4.362135350173906,2095.8876510220134,0.0,0.0,max
sys_1823,7030220,2,0,1,1.194140625,6609.384674404478,4.2854875993856325,0.0,7.777497386542761,1.1557665732684022,low
sys_1824,9845594,2,0,1,1.02890625,5874.674058272082,4.212935426498237,0.0,3.9944120029298054,4.853050503476021,medium
sys_1825,9469979,0,0,0,0.928125,5534.964799401046,4.432809923501454,0.0,0.0,0.0,low
sys_1826,7792710,3,1,1,0.9187500000000001,5602.350741271974,4.499718198798474,14160.819368714057,5.336074154858182,1.8706117780320939,high
sys_1827,3191934,2,0,1,1.034765625,4430.774747032963,4.295789002481169,0.0,11.16306513752721,0.5378027400691812,high
sys_1828,8942026,3,1,1,0.98203125,6009.993226800694,4.23682830557529,5730.76208414957,47.21610083168391,3.461172826397277,high
sys_1829,3456419,3,1,1,1.17421875,6210.2815281535895,4.229833661257203,4108.20535622921,85.75568672887721,2.2974612668819807,low
sys_1830,4597761,2,0,1,1.15546875,6255.83250652918,4.299116187886928,0.0,73.42233446401424,0.7698098150985148,high
sys_1831,3302309,3,1,1,1.194140625,6533.0670809646335,4.204496038517547,578.6506498730879,61.932652491262246,0.5175830778830608,medium
sys_1832,5454547,0,0,0,0.96796875,5656.763888305394,4.447112613245467,0.0,0.0,0.0,medium
sys_1833,4768474,3,1,1,1.18359375,6412.0955655558555,4.030172376486165,7900.5540452047835,8.283831858274972,0.9832290598169622,medium
sys_1834,5838137,2,0,1,1.1847656249999998,6349.135888395222,4.259981597752899,0.0,21.603724489249903,12.311948820245727,medium
sys_1835,6361148,0,0,0,1.14375,6225.360676078484,4.10637930945724,0.0,0.0,0.0,medium
sys_1836,5112382,1,1,0,0.97734375,5680.706388877584,4.425727110433926,1633.9252156602026,0.0,0.0,max
sys_1837,6317135,3,1,1,1.081640625,4478.085888487546,3.4710956735781235,1547.2918401590005,20.645935678252233,9.236041671033364,high
sys_1838,7842230,2,0,1,1.04296875,5859.840526317807,4.304834815878492,0.0,19.72410581910956,18.125630721439016,high
sys_1839,2332999,1,1,0,1.053515625,6169.042828399196,4.420154925574692,1941.1905909295804,0.0,0.0,medium
sys_1840,1505949,1,1,0,1.053515625,6216.445842290277,4.327772822470008,1690.4741616680355,0.0,0.0,max
sys_1841,6121995,2,0,1,1.00078125,4231.478538597486,4.16852619965699,0.0,6.423141897392176,0.21963273044833545,low
sys_1842,1343123,1,1,0,1.0125,4228.180385229447,4.192088743130471,1712.234437692357,0.0,0.0,low
sys_1843,8447956,2,0,1,1.156640625,6055.0241419834,4.1477953973719615,0.0,3.4120241292010154,0.5178198548660201,low
sys_1844,7095304,2,0,1,0.90234375,5622.463568181664,4.455627628966022,0.0,30.75040238433408,3.559203235258864,high
sys_1845,3185267,1,1,0,1.16484375,6188.415394675872,4.290811406269441,536.6281247863546,0.0,0.0,medium
sys_1846,1630180,2,0,1,1.1906249999999998,6155.154921890481,4.249967746572283,0.0,2.0732058434771896,1.210800894583272,medium
sys_1847,1433044,0,0,0,1.00078125,5872.169050289441,4.344943034742986,0.0,0.0,0.0,medium
sys_1848,8873596,3,1,1,1.17421875,6252.904673296561,4.369108243725658,4613.626784925451,2.8330438652575074,3.058185844346003,max
sys_1849,7826531,1,1,0,0.92578125,5361.73021553535,4.567956699389897,2664.240700110025,0.0,0.0,medium
sys_1850,2005891,2,0,1,1.08515625,6189.773829726584,4.112146430929566,0.0,33.60565362577309,7.018144334570653,medium
sys_1851,3415251,2,0,1,1.171875,6348.044756258112,4.2067779314787925,0.0,4.553696040009464,2.4797478480648953,medium
sys_1852,5727784,3,1,1,1.03125,6125.226927710788,4.431744813606344,13323.321853424695,9.905659019544307,3.6692866971134266,high
sys_1853,5049140,3,1,1,1.021875,4350.0957071887415,3.684391896476555,1332.4925342646798,2.1091199508719654,7.737978857467586,high
sys_1854,4193153,1,1,0,1.16015625,4540.804991695089,4.171378875080716,3018.1832146569313,0.0,0.0,medium
sys_1855,6725468,0,0,0,0.98671875,5758.483485275519,4.501980871686652,0.0,0.0,0.0,max
sys_1856,8885686,2,0,1,1.00078125,5698.510613024823,4.521145511223844,0.0,58.72452866125198,1.4176366033479055,low
sys_1857,6105435,0,0,0,1.044140625,5818.125062414842,4.149732470195586,0.0,0.0,0.0,medium
sys_1858,2191965,1,1,0,1.04296875,5817.966801106084,4.418269451639451,1511.1854265411641,0.0,0.0,high
sys_1859,9180814,2,0,1,1.09453125,6245.94614679708,4.366894296957931,0.0,32.15984486170824,3.413704014863403,low
sys_1860,5531792,3,1,1,0.9609375,5680.1219736320945,4.121155283405895,760.0011145296597,2.3668743860405868,2.1226282366460256,high
sys_1861,4016551,3,1,1,0.928125,5521.273471196124,4.445798203930124,18573.677508419845,4.9646839246595125,2.2974480068828305,max
sys_1862,7529053,1,1,0,1.18828125,6187.409233503943,4.3219403542714545,7300.1314969118475,0.0,0.0,high
sys_1863,3221046,3,1,1,1.0640625,6298.770888027136,4.2958631278158,9013.690266096417,3.4383960420486868,1.98012803992429,medium
sys_1864,9944263,2,0,1,0.9187500000000001,5725.7299308111005,4.380929572079454,0.0,82.06194933649684,1.131165611874692,max
sys_1865,3510347,0,0,0,0.9375,5514.336254375717,4.486647963327707,0.0,0.0,0.0,medium
sys_1866,9077733,0,0,0,1.034765625,4301.03859647679,3.8196738828754713,0.0,0.0,0.0,max
sys_1867,1343409,1,1,0,0.984375,5914.69883927137,4.181886892753724,820.0921664659469,0.0,0.0,low
sys_1868,2464536,3,1,1,1.09453125,6155.678903381202,4.470503508238043,5708.93635494794,33.392185501454065,1.3645683165062918,high
sys_1869,8708312,1,1,0,0.903515625,5312.365658769855,4.529715687183869,882.857688116119,0.0,0.0,medium
sys_1870,4868783,0,0,0,1.11328125,6163.93094836229,4.253639424326798,0.0,0.0,0.0,low
sys_1871,3165958,0,0,0,1.0734375,6034.279288163537,4.3538099830299934,0.0,0.0,0.0,low
sys_1872,3587772,1,1,0,1.1859375,6493.972349864745,4.250981099771936,9047.102317612782,0.0,0.0,medium
sys_1873,7740555,2,0,1,1.11328125,6165.462057175143,4.256165166590261,0.0,10.056919652296173,6.470645984889465,medium
sys_1874,7942871,0,0,0,1.021875,5942.105406204851,4.274392514375188,0.0,0.0,0.0,low
sys_1875,3586689,0,0,0,1.08046875,5867.106518275198,4.195875051928228,0.0,0.0,0.0,medium
sys_1876,2389839,0,0,0,1.096875,6354.687827898289,4.229358038797703,0.0,0.0,0.0,medium
sys_1877,6872432,0,0,0,1.11328125,6132.131166760977,4.420550687197928,0.0,0.0,0.0,max
sys_1878,3909004,3,1,1,0.9375,5404.749098251409,4.542607003924185,626.7513007466927,8.807968953141465,5.1181299821912685,low
sys_1879,6858713,0,0,0,0.9328125,5910.780458184999,4.237192459876599,0.0,0.0,0.0,medium
sys_1880,4614585,0,0,0,1.14140625,6013.889508725825,4.304873375448185,0.0,0.0,0.0,low
sys_1881,8713129,0,0,0,1.0546875,5896.409440887734,4.483822611887357,0.0,0.0,0.0,high
sys_1882,4554746,1,1,0,1.0453125,5936.866973351323,4.069023290524498,11128.70499775468,0.0,0.0,low
sys_1883,9182701,3,1,1,1.18828125,6172.961752126451,4.363638840551183,4466.148029020786,4.099416477769382,4.936232399929974,max
sys_1884,8204897,1,1,0,0.9187500000000001,5733.289196221538,4.2543056144978575,674.2109471978656,0.0,0.0,medium
sys_1885,7916995,0,0,0,1.08515625,6262.742077933969,4.2343348209151594,0.0,0.0,0.0,max
sys_1886,8753556,3,1,1,0.92109375,5758.478345653187,4.4152967371490215,18545.9979766056,8.846372114142481,2.5014304154032048,high
sys_1887,5281379,3,1,1,0.94453125,4213.955679963779,3.9609577381722665,1283.30345594221,12.974837467524813,3.8033291357702117,max
sys_1888,8779289,3,1,1,1.044140625,5847.4993308052035,4.18693694056538,659.768122794802,15.359191799482106,2.351779986437356,low
sys_1889,7382328,0,0,0,0.96796875,5724.386810648018,4.3022341844352825,0.0,0.0,0.0,medium
sys_1890,4406992,1,1,0,1.034765625,5876.461802225408,4.186253133181291,935.9620977999572,0.0,0.0,medium
sys_1891,9145058,2,0,1,1.03125,5770.899233197215,4.319764622474144,0.0,11.467410466699905,6.021080596351697,medium
sys_1892,8446430,3,1,1,0.997265625,5207.02977497441,4.370637234325114,1573.1243631775799,75.58791374385608,0.37181405555783215,medium
sys_1893,7836554,3,1,1,1.194140625,6518.982186260859,4.19636715608802,9805.86231480184,26.11966819503408,2.5950013072396643,high
sys_1894,9127658,2,0,1,1.194140625,6540.657106011187,4.209113026097767,0.0,2.4532604134373197,3.427429460002002,max
sys_1895,5995646,3,1,1,1.0453125,4903.077274938996,4.325864574559943,2122.6609093267416,24.00740245775577,4.132219106028676,low
sys_1896,8324786,2,0,1,1.096875,6373.815960317237,4.260157889240514,0.0,9.315926771515484,1.8561824600445802,high
sys_1897,4287450,1,1,0,1.1765625,6260.684690209721,4.264909101957319,974.9332277868541,0.0,0.0,low
sys_1898,5808656,3,1,1,0.92109375,5795.559741380753,4.287759611987329,1265.0163333295416,35.02504798227538,0.2116270253585863,high
sys_1899,9359070,1,1,0,0.9609375,5607.645206772708,4.522976824207773,14767.798135900144,0.0,0.0,medium
sys_1900,2001910,2,0,1,1.053515625,6199.720594519207,4.3769501400329425,0.0,5.0913627094050335,0.39619146065585176,low
sys_1901,7294919,0,0,0,0.99609375,5912.637647061057,4.407122277017932,0.0,0.0,0.0,low
sys_1902,8483749,0,0,0,0.97265625,4392.274667378427,3.759092539412231,0.0,0.0,0.0,max
sys_1903,1538456,0,0,0,1.10390625,4597.251663677281,4.2323740529027845,0.0,0.0,0.0,low
sys_1904,1700253,1,1,0,1.034765625,5861.485376388911,4.436598414742058,2110.6848439417663,0.0,0.0,max
sys_1905,4479908,2,0,1,1.034765625,5847.710778554773,4.448817652680432,0.0,14.542661529581434,2.542189497696725,low
sys_1906,3559576,1,1,0,1.1953125,6518.586679807546,4.248625078820815,1674.715669368887,0.0,0.0,low
sys_1907,6819343,2,0,1,1.08984375,5845.161082119391,4.096647867904337,0.0,14.230149929988436,2.481759226070711,high
sys_1908,5025228,0,0,0,0.90234375,5698.816188050866,4.281278690345539,0.0,0.0,0.0,low
sys_1909,1000317,3,1,1,0.9070312500000001,5682.143536822295,4.298866906658817,4154.503659591385,31.783825135339324,1.0787095851408015,medium
sys_1910,5393473,0,0,0,1.0359375,5744.271750818535,4.438295584428088,0.0,0.0,0.0,low
sys_1911,8968211,0,0,0,0.94453125,5751.184587258026,4.443508219985304,0.0,0.0,0.0,low
sys_1912,8841701,1,1,0,1.09453125,6125.319331305709,4.321980903398573,601.7682973279914,0.0,0.0,max
sys_1913,3892391,1,1,0,1.1765625,6275.2973648421585,4.31073858009845,8176.859525065565,0.0,0.0,low
sys_1914,3629335,1,1,0,0.928125,5580.096585879799,4.24553006559459,2891.9088029991967,0.0,0.0,medium
sys_1915,6772763,1,1,0,1.053515625,6183.401582522307,4.402791573770223,6066.6493511769195,0.0,0.0,low
sys_1916,2409874,0,0,0,1.096875,6354.009603446405,4.391366037107738,0.0,0.0,0.0,max
sys_1917,3972876,2,0,1,0.9421875,5751.483312067549,4.5209815534669655,0.0,6.91650417921509,1.6297977208715293,low
sys_1918,9433534,0,0,0,0.903515625,5238.883982604923,4.560321980636978,0.0,0.0,0.0,medium
sys_1919,2784587,0,0,0,1.16015625,6299.742865633178,4.294383727356594,0.0,0.0,0.0,medium
sys_1920,7740428,1,1,0,1.1765625,6256.4160639448755,4.259966638684527,1740.9034833888866,0.0,0.0,medium
sys_1921,7758648,3,1,1,0.9890625,5544.351986905544,4.529386306206465,560.1772351074744,54.48542784056949,4.028751899287221,medium
sys_1922,4286785,0,0,0,1.14140625,4451.202807087373,3.5841641334976817,0.0,0.0,0.0,medium
sys_1923,9309858,0,0,0,1.1203125,6136.154058595569,4.044827320157903,0.0,0.0,0.0,low
sys_1924,9834363,0,0,0,0.90234375,5691.542625674747,4.368325076492385,0.0,0.0,0.0,medium
sys_1925,6161605,1,1,0,1.081640625,6052.174792745662,4.143478166179062,9036.266188944386,0.0,0.0,max
sys_1926,7348471,0,0,0,0.95625,5832.166432065645,4.2733720035235665,0.0,0.0,0.0,max
sys_1927,2592234,2,0,1,1.18828125,6146.60461152012,4.244888455908279,0.0,66.9500306754887,5.84399873479996,medium
sys_1928,7875949,3,1,1,1.1859375,4878.295413447245,4.223620358233357,4483.594593264386,2.2192497334679344,1.88864800722356,max
sys_1929,3325401,1,1,0,1.1015625,5925.419669282625,4.327298230752211,7467.83616103855,0.0,0.0,low
sys_1930,8041967,3,1,1,1.1484375,6164.136753489793,4.399148636237388,8243.19637852609,2.7529811634260133,2.0147110868929397,high
sys_1931,9851550,0,0,0,1.166015625,6176.533160226079,4.363546105927133,0.0,0.0,0.0,max
sys_1932,9562648,2,0,1,1.1906249999999998,6148.111664379804,4.245077935020548,0.0,2.265760936652271,2.619637410670303,high
sys_1933,5258825,1,1,0,0.9070312500000001,5597.542991569704,4.460727016016038,872.7537156532766,0.0,0.0,medium
sys_1934,6481393,3,1,1,1.081640625,6100.394964714248,4.393769351037506,3626.1809694712133,3.6522071906453974,1.5511062000752815,low
sys_1935,9994456,2,0,1,1.091015625,6055.413188440535,4.300165877275439,0.0,3.057410118278217,4.004553407778233,high
sys_1936,4731368,2,0,1,1.081640625,4473.011952327054,3.551437537428523,0.0,3.1348259012095903,0.45560158549510293,max
sys_1937,2109931,1,1,0,1.14375,6309.935537629461,4.384857248556605,615.172076764069,0.0,0.0,medium
sys_1938,6889578,1,1,0,1.194140625,6566.9343741629245,4.227154102764721,3488.3909625751116,0.0,0.0,medium
sys_1939,6169699,1,1,0,1.0078125,5788.318758172769,4.5168078930771305,1092.0547155670513,0.0,0.0,medium
sys_1940,6093643,2,0,1,1.1765625,6217.183877595592,4.415891779376962,0.0,53.08077988291738,0.8977491124135514,high
sys_1941,3251470,1,1,0,0.978515625,5814.517654763469,4.432051718779942,5083.513910370871,0.0,0.0,high
sys_1942,1827608,1,1,0,1.06875,6100.502296468161,4.461996832204521,5753.7194453974935,0.0,0.0,max
sys_1943,7926282,2,0,1,1.0359375,5800.505003230242,4.356507553812258,0.0,3.4563547171255937,0.48126422821074094,low
sys_1944,3755765,1,1,0,0.97265625,5808.984753758326,4.530897743556961,732.823585965755,0.0,0.0,high
sys_1945,2959230,3,1,1,1.09453125,6258.437453384273,4.331978227933243,14199.180583236646,5.201286978823665,5.677670164237156,max
sys_1946,2365625,1,1,0,0.978515625,5242.135705403343,4.390345009549834,3490.20833617752,0.0,0.0,low
sys_1947,5464742,3,1,1,1.1847656249999998,4523.043190661741,3.9708709225653003,4021.5193943588592,6.973676800401246,1.6667440775313338,high
sys_1948,8209715,0,0,0,1.06875,6112.799422868167,4.134778354372272,0.0,0.0,0.0,max
sys_1949,4998231,2,0,1,0.96796875,5499.705818175978,4.5428542415349655,0.0,85.2415490143009,0.8790060862503515,medium
sys_1950,7472015,1,1,0,1.0171875,6061.190450951016,4.354499429840735,1209.5949948098203,0.0,0.0,medium
sys_1951,6054357,1,1,0,0.922265625,5672.517415707803,4.47031432920667,3044.1882793428713,0.0,0.0,medium
sys_1952,5855016,0,0,0,1.05703125,5961.252234069922,4.292726573807241,0.0,0.0,0.0,low
sys_1953,4342855,2,0,1,1.1578125,5421.212004115442,4.2724222424953355,0.0,2.145996596603828,3.0736182589536156,high
sys_1954,6621176,2,0,1,0.9375,5620.758563185211,4.231388718706463,0.0,11.851121955938435,0.6548990310885261,max
sys_1955,8799463,1,1,0,1.1906249999999998,6149.796529681178,4.24620620476095,891.4579979678974,0.0,0.0,max
sys_1956,3049361,0,0,0,1.10625,6120.238056247454,4.325457235494579,0.0,0.0,0.0,medium
sys_1957,9228579,0,0,0,0.9046875,3978.889823637274,4.209126052629931,0.0,0.0,0.0,high
sys_1958,7337616,3,1,1,1.1859375,6486.891700909799,4.378112812187847,762.3107820267014,14.051699445929394,5.130516775877111,max
sys_1959,2647043,3,1,1,1.147265625,6266.790959393139,4.268774440499943,10753.160038703696,29.31968752778732,0.630543134233836,high
sys_1960,8804088,3,1,1,1.003125,5937.305012316171,4.302992416404957,4250.5219417276885,47.61255457430865,1.9518099132748816,medium
sys_1961,7863178,1,1,0,1.18359375,6540.237156071071,4.209727882801962,7341.6863883638025,0.0,0.0,max
sys_1962,4369225,3,1,1,1.09453125,6181.138734452903,4.44796996019268,14275.30180000223,53.55398383031748,8.596886806644708,medium
sys_1963,2623772,0,0,0,1.034765625,5776.455152490839,4.499135951156738,0.0,0.0,0.0,medium
sys_1964,9646444,2,0,1,0.90234375,5570.426340509015,4.494440947721578,0.0,5.861528991280733,1.6654523047194991,max
sys_1965,6418739,1,1,0,0.978515625,5685.809069785956,4.53578951442089,804.9749123851598,0.0,0.0,low
sys_1966,1534624,2,0,1,0.97265625,5974.804877122991,4.243567973607557,0.0,28.490250641817582,15.454360043195397,max
sys_1967,8777324,3,1,1,0.903515625,5466.358136927733,4.431574483626985,14425.324635787327,58.00941933090042,1.1873208281485936,high
sys_1968,3841524,3,1,1,0.9046875,5309.672473836692,4.548366113267666,513.4285830124957,6.7783881974318385,5.109943745981724,medium
sys_1969,1203261,0,0,0,1.08984375,5962.44735200246,4.280099379697715,0.0,0.0,0.0,max
sys_1970,3282961,2,0,1,0.9375,5468.805915245165,4.512537729963285,0.0,62.201486040940495,0.9084275935257352,medium
sys_1971,2336811,2,0,1,1.05703125,5907.210903848867,4.433544828415287,0.0,20.760943386768773,7.088709612689713,high
sys_1972,7198341,3,1,1,1.053515625,6148.146437717473,4.4415619065039635,4015.709617455305,9.356769306656243,2.242585972801975,high
sys_1973,1070300,2,0,1,1.109765625,6325.350082887955,4.235786630618316,0.0,86.26618883627009,0.5867837651131371,medium
sys_1974,7508304,1,1,0,1.06640625,6008.31036332334,4.354226495911855,1086.5172520142685,0.0,0.0,max
sys_1975,8194044,3,1,1,1.05703125,4428.483489540495,4.277164451964274,1056.7530371774253,3.4354914694721086,3.6034967868167844,high
sys_1976,9584979,3,1,1,0.903515625,5418.426561497012,4.4711852161011,8292.21702589589,7.724018165348487,2.6438334385708084,low
sys_1977,9262405,2,0,1,0.975,4358.498393050105,3.905971517663052,0.0,2.5090130695088932,2.055727180340039,medium
sys_1978,7139486,2,0,1,0.9421875,5836.93082440245,4.46050151206998,0.0,4.49567258972848,2.8536897658800218,max
sys_1979,4110449,0,0,0,1.0125,5852.141561951809,4.370997283078207,0.0,0.0,0.0,low
sys_1980,3323430,3,1,1,1.096875,6364.687957512527,4.24607744279709,1104.9484666714077,2.118331303956833,2.049184275089941,low
sys_1981,1871436,2,0,1,1.08984375,5908.2378801055465,4.43676673165774,0.0,59.53905429091397,1.6155610963977913,medium
sys_1982,6408051,1,1,0,1.147265625,4584.344098982864,4.215531689137637,7196.008198548462,0.0,0.0,high
sys_1983,4588053,3,1,1,1.14140625,6149.8970714405805,4.297198463718116,11451.85867509212,75.24700867293086,7.322206935381114,medium
sys_1984,1162802,2,0,1,0.95859375,5734.672544901821,4.435508916232786,0.0,5.248537379466277,2.756685823937286,max
sys_1985,1776189,3,1,1,1.18359375,4666.6914583819735,3.5627952224376194,2755.092431440599,90.461502461236,1.8697854513015535,max
sys_1986,6847715,0,0,0,1.0359375,5776.075104391977,4.402316835022963,0.0,0.0,0.0,medium
sys_1987,8534200,0,0,0,1.10390625,6255.383901867331,4.316119899138368,0.0,0.0,0.0,max
sys_1988,3896748,2,0,1,1.01015625,5844.488382869514,4.2546787184405455,0.0,2.446569023400218,2.416331299985062,high
sys_1989,9188591,3,1,1,0.97734375,5516.8601685955055,4.535429786850547,17465.74797656472,46.92381212812439,0.194640134507766,medium
sys_1990,9414452,0,0,0,1.08515625,5144.670435052174,4.299429438434051,0.0,0.0,0.0,low
sys_1991,5514216,2,0,1,1.09453125,5400.848366339154,4.307256392151388,0.0,37.64850555905655,1.3905381887855879,low
sys_1992,2718174,3,1,1,1.17421875,6236.529276018226,4.247396912265532,1236.3506240449708,10.773090849544133,2.002226917566657,max
sys_1993,8992412,3,1,1,0.978515625,4212.952782319657,4.113311390199519,643.4195663938149,95.65284702629394,1.1759354870150962,max
sys_1994,6387453,1,1,0,1.04765625,6205.598057549168,4.354732393728309,1709.0405003271178,0.0,0.0,max
sys_1995,7688097,0,0,0,1.166015625,6170.926882889992,4.263662155014507,0.0,0.0,0.0,low
sys_1996,2693109,0,0,0,1.1953125,6506.5464877782015,4.235666401634463,0.0,0.0,0.0,high
sys_1997,2022834,0,0,0,1.147265625,6215.259226879203,4.227373119617774,0.0,0.0,0.0,low
sys_1998,2817720,3,1,1,1.17421875,6254.655214599062,4.264332317374415,12290.017677256446,10.160999798820527,1.3075417459787304,low
sys_1999,2972375,0,0,0,0.98671875,5901.097142023254,4.301074411676104,0.0,0.0,0.0,max
