system_id,master_seed,anomaly_class,label_has_flares,label_has_transit,star_mass,star_teff,star_logg,flare_amplitude,transit_period,transit_radius_earth
sys_0000,9434169,2,0,1,1.16015625,6200.694883539206,4.121971166322501,0.0,2.139803709344936,2.159201753005643
sys_0001,5382385,0,0,0,0.928125,5179.4618095571,4.452688342405596,0.0,0.0,0.0
sys_0002,7113117,1,1,0,1.0546875,5940.973936894002,4.449619810341603,4865.346607979024,0.0,0.0
sys_0003,9707449,1,1,0,0.94453125,5678.836391803044,4.499021384357357,715.2747433496302,0.0,0.0
sys_0004,4434298,1,1,0,1.1847656249999998,4826.947733875244,4.252157723589774,7939.072139811064,0.0,0.0
sys_0005,8854654,1,1,0,1.166015625,4664.238395333197,4.259861007438814,17536.491767996846,0.0,0.0
sys_0006,2871728,3,1,1,0.9304687500000001,5868.228801519554,4.283172929816414,10457.114458823606,3.1722149520739507,2.3919380267336954
sys_0007,4096177,3,1,1,1.0359375,5678.339416102403,4.487582509444258,1230.9256339293752,14.763524039864823,2.382656126120965
sys_0008,6372544,1,1,0,1.09453125,6202.600055971193,4.427589819249198,1956.730427987094,0.0,0.0
sys_0009,8318028,0,0,0,1.1765625,6255.661283986618,4.259154745724527,0.0,0.0,0.0
sys_0010,2757392,3,1,1,1.003125,5876.6971915259555,4.438910899933008,4140.018715336845,91.43717101521744,1.2941840573258319
sys_0011,2274324,1,1,0,0.94453125,5816.627757236179,4.319957369133984,10294.102070550345,0.0,0.0
sys_0012,2780836,2,0,1,0.922265625,5546.805964987477,4.544706751204535,0.0,8.885496267638025,0.4863473769306517
sys_0013,6960511,3,1,1,1.034765625,5836.800236175291,4.457726324049044,11200.149419547197,21.13494248944597,1.017661125805838
sys_0014,2027483,3,1,1,1.0078125,4291.0860638916065,4.028735565616662,14950.671530743512,8.904043998910499,12.565804906563354
sys_0015,4668855,0,0,0,1.10625,6110.270219741514,4.277187047696107,0.0,0.0,0.0
sys_0016,8820999,3,1,1,1.1859375,6468.287046036274,4.2281680965454855,1048.3053720829066,24.43500127551434,0.8542413922597932
sys_0017,3890326,0,0,0,1.10625,6069.733659410199,4.189690144292338,0.0,0.0,0.0
sys_0018,8347407,1,1,0,1.08046875,5792.9289599579215,4.478199581129363,3540.3507192739194,0.0,0.0
sys_0019,9358435,2,0,1,1.10390625,6220.779936562713,4.398542670404321,0.0,8.187342410236717,2.168700715628764
sys_0020,5644373,0,0,0,1.091015625,5940.1462834543445,4.477935634414819,0.0,0.0,0.0
sys_0021,8551807,0,0,0,1.14375,6336.7404201491945,4.320080439493292,0.0,0.0,0.0
sys_0022,5181693,2,0,1,1.166015625,6036.856205572195,4.069170980222429,0.0,56.44544335070892,0.8799357168701071
sys_0023,6188160,1,1,0,1.1015625,5921.3495236823655,4.3488754596563615,4048.9117351628256,0.0,0.0
sys_0024,3434075,1,1,0,0.95859375,5791.079260575913,4.340496357277921,16754.99724167926,0.0,0.0
sys_0025,4695464,1,1,0,0.9890625,5669.632278879665,4.451927285138003,1078.174899765717,0.0,0.0
sys_0026,1194828,2,0,1,1.08046875,5868.69605497861,4.1986648028989135,0.0,94.7990516030469,2.3257245853347315
sys_0027,4415655,1,1,0,1.17421875,6251.490923786878,4.260800079658105,667.0624270088275,0.0,0.0
sys_0028,8294760,2,0,1,1.17421875,6250.938368749648,4.2602170688628025,0.0,6.170813271667809,0.8958790984901892
sys_0029,4981400,3,1,1,0.9890625,5635.013220983714,4.477992689452017,3963.7790892698154,11.671542328002069,0.8182651451583866
sys_0030,8541274,3,1,1,0.903515625,5294.692016674481,4.537523365921674,627.7331934769458,70.2229101495183,1.488278713475192
sys_0031,7117412,0,0,0,1.044140625,5803.1010166354745,4.463635753534953,0.0,0.0,0.0
sys_0032,9575691,0,0,0,1.1859375,6343.663407160753,4.144988828787003,0.0,0.0,0.0
sys_0033,9061387,0,0,0,0.978515625,5857.666444457239,4.2592672826474205,0.0,0.0,0.0
sys_0034,3940079,2,0,1,0.9609375,5641.303270616443,4.504221931710696,0.0,12.102145290566344,5.29434664659011
sys_0035,1818565,1,1,0,1.1765625,6117.777847167816,4.065000587956989,2764.5160162843267,0.0,0.0
sys_0036,6266999,2,0,1,0.997265625,5970.376942236483,4.225191270618754,0.0,61.349922786701505,0.5465310226268345
sys_0037,3845305,0,0,0,1.096875,6369.85762188248,4.253815745233824,0.0,0.0,0.0
sys_0038,5951260,3,1,1,1.044140625,5894.114457949078,4.338155384797338,6742.192634278661,7.861138039464333,0.13787929793837642
sys_0039,9836127,2,0,1,1.13671875,6267.675732026459,4.441802292991314,0.0,8.013741778164794,1.2701980936474957
sys_0040,4368568,1,1,0,0.95625,5797.357679275196,4.416721436457699,7123.8873199104955,0.0,0.0
sys_0041,2397120,2,0,1,1.18828125,6172.961752126451,4.363638840551183,0.0,3.032193955964734,2.0127813276507482
sys_0042,1065875,3,1,1,0.97265625,5962.35641891301,4.399819107056074,8163.283046960254,7.906007251073584,0.9151571219273492
sys_0043,7973935,0,0,0,0.9046875,5437.906175831334,4.485664618527446,0.0,0.0,0.0
sys_0044,4179625,1,1,0,1.06171875,6098.429942707911,4.226522865058536,1117.4754150014478,0.0,0.0
sys_0045,5103002,3,1,1,0.92109375,5528.799824950162,4.571025530355833,14873.046276809126,11.422230694538442,0.4648488058803421
sys_0046,9023874,0,0,0,0.9187500000000001,5742.4158496253895,4.320520956235337,0.0,0.0,0.0
sys_0047,6042509,0,0,0,0.95625,5836.134176656165,4.295285466431089,0.0,0.0,0.0
sys_0048,4193545,2,0,1,0.9070312500000001,5373.732666131976,4.583713177878255,0.0,73.01934003271488,1.3206326874755303
sys_0049,9829546,2,0,1,1.156640625,6076.623364873835,4.181065471112367,0.0,61.80695293454862,0.27563514201324596
sys_0050,6315349,3,1,1,1.18828125,6107.79568654282,4.183220223272071,2586.470120649357,20.087552606230084,0.7684067420784725
sys_0051,2892617,2,0,1,1.00078125,5863.269559786864,4.259287542973586,0.0,6.80432681062881,4.568242593362759
sys_0052,8758101,1,1,0,1.194140625,6606.883800190749,4.2764076285883,15703.74834481432,0.0,0.0
sys_0053,7514644,2,0,1,0.95859375,5608.679435462266,4.52248848323994,0.0,16.0293386615021,2.607685263436258
sys_0054,1215176,2,0,1,1.1906249999999998,6094.874478618298,4.215253860270818,0.0,23.150494215003757,0.4610252723357418
sys_0055,9292860,0,0,0,1.1296875,4572.022878161783,4.162846780447427,0.0,0.0,0.0
sys_0056,4580512,0,0,0,1.05,4323.997481450268,4.110185914693645,0.0,0.0,0.0
sys_0057,4273121,1,1,0,0.90234375,5613.646365082989,4.463135499567212,3786.85210939184,0.0,0.0
sys_0058,7391939,1,1,0,1.081640625,6128.617436262274,4.298045253750503,4204.155510918881,0.0,0.0
sys_0059,1325484,2,0,1,1.081640625,6101.710800348521,4.391856974794671,0.0,20.20498273667029,1.994772477869478
sys_0060,4313615,3,1,1,1.08984375,5879.238031603529,4.460135167003993,905.495577609571,87.22273591654024,6.368709534886377
sys_0061,2581216,3,1,1,0.984375,5879.578657498243,4.459004509781521,8614.382841625029,6.267520685938779,1.027945850211523
sys_0062,5824108,3,1,1,1.18359375,6582.893834060988,4.242839346188753,5488.37788214807,20.014965920089935,0.7346214545473142
sys_0063,5081656,2,0,1,1.134375,4466.167557946352,3.8045945589482706,0.0,2.287338895964365,1.6626397231206154
sys_0064,3180944,1,1,0,1.034765625,5805.723705577553,4.4802206076303195,963.4687025616659,0.0,0.0
sys_0065,3549864,1,1,0,1.03125,6106.936403301146,4.450403658835167,11611.58523572706,0.0,0.0
sys_0066,2071479,1,1,0,1.11328125,6149.880858625736,4.401229250797654,570.3959031459364,0.0,0.0
sys_0067,3234092,1,1,0,1.081640625,5960.10219118726,4.055721148478879,3313.5317867398494,0.0,0.0
sys_0068,8334673,1,1,0,0.978515625,5865.464116200599,4.3467858854230395,8832.118135135084,0.0,0.0
sys_0069,1807635,3,1,1,1.03125,6155.3115370226915,4.219172618983031,1360.720565593443,8.906592091733655,5.054777577018479
sys_0070,9188027,1,1,0,0.9328125,5927.565127607341,4.311168541040151,8566.934600790917,0.0,0.0
sys_0071,7765653,2,0,1,1.1847656249999998,6268.653421230299,4.133736791252357,0.0,25.058147839494506,0.617645314154693
sys_0072,4189718,3,1,1,1.17421875,6225.553068595646,4.239484727177292,19530.55984879274,4.730622942190161,4.652419464765781
sys_0073,1405933,0,0,0,0.97265625,5846.861234200431,4.505558470531401,0.0,0.0,0.0
sys_0074,4077816,2,0,1,1.1765625,6122.822949326426,4.069400557410865,0.0,4.839676801240384,0.20938155566333538
sys_0075,5573941,2,0,1,1.10859375,6233.344356911386,4.274939329720151,0.0,9.404658023776086,11.072929265178239
sys_0076,6318780,2,0,1,1.17421875,6231.462107333422,4.2436024562322405,0.0,3.6562585023182876,1.4301336617908342
sys_0077,1477642,1,1,0,0.9375,4172.930844910032,4.324706876669436,1186.8672644768899,0.0,0.0
sys_0078,9415498,2,0,1,1.1953125,6500.342756396791,4.386055295998501,0.0,70.51534002643125,1.5946282152008004
sys_0079,3385316,0,0,0,0.94453125,4348.090100034414,3.4924106740105545,0.0,0.0,0.0
sys_0080,9490577,1,1,0,1.0734375,5963.084737555208,4.44895201562787,3103.8767972234723,0.0,0.0
sys_0081,2250396,3,1,1,1.1203125,5502.47098349651,4.281650468836014,1916.552377415664,3.141578377916418,1.2788704547823055
sys_0082,9136290,1,1,0,1.17421875,6258.455424448968,4.2691766734587935,5567.240488532077,0.0,0.0
sys_0083,1045857,1,1,0,1.021875,5852.255322366315,4.470692375204205,2975.089459736849,0.0,0.0
sys_0084,9033855,1,1,0,1.06640625,5996.272803064878,4.251672977872194,10811.154818606528,0.0,0.0
sys_0085,6636370,2,0,1,1.17421875,4736.664665106148,4.2537235150434505,0.0,2.48435689488761,17.249834430705185
sys_0086,8806802,1,1,0,1.044140625,5425.408822718534,4.372917946467756,2303.0707974739744,0.0,0.0
sys_0087,8748918,0,0,0,1.18359375,6516.3520593136345,4.195408345537566,0.0,0.0,0.0
sys_0088,2318327,2,0,1,1.1015625,5909.404699523194,4.37822086521588,0.0,3.0587131723411405,1.4659065927609303
sys_0089,1369310,1,1,0,1.021875,5874.6123594267365,4.453414487250557,9885.476517910489,0.0,0.0
sys_0090,4648809,3,1,1,0.903515625,5212.9441041671425,4.570226806747726,1037.552824492363,14.187067779861156,1.41690760939569
sys_0091,2129911,0,0,0,1.18828125,6172.237723934776,4.364977442213594,0.0,0.0,0.0
sys_0092,6747393,0,0,0,0.9609375,5327.721140686668,4.409405291823049,0.0,0.0,0.0
sys_0093,7240384,2,0,1,1.156640625,6082.158612726452,4.415938328836434,0.0,13.44892505437606,1.4385777153816743
sys_0094,3224334,0,0,0,1.1859375,6418.668462234556,4.105339404649798,0.0,0.0,0.0
sys_0095,3638333,0,0,0,1.1906249999999998,6150.71484208062,4.246828354894533,0.0,0.0,0.0
sys_0096,6693937,2,0,1,1.1906249999999998,6169.596842475016,4.261852587700254,0.0,55.48370459433775,1.896571749361319
sys_0097,4435656,2,0,1,1.1953125,6490.15454088427,4.222194543275009,0.0,9.707744789479243,5.268783709693705
sys_0098,1990399,1,1,0,1.16953125,6286.5700427931,4.420765065469789,11734.037451049364,0.0,0.0
sys_0099,4606335,0,0,0,0.9187500000000001,5623.457853407208,4.486238152038177,0.0,0.0,0.0
sys_0100,3908873,3,1,1,0.94921875,5827.293394040745,4.503750038603087,15123.93634286734,33.04071459415714,10.764023944789765
sys_0101,1922188,2,0,1,0.9187500000000001,5739.593512637649,4.291354360026729,0.0,4.007538623565648,1.27369525013241
sys_0102,8889989,3,1,1,0.928125,5538.52902106304,4.429377473644989,2709.460622923311,41.360270165086895,2.769596187519312
sys_0103,5297073,3,1,1,1.08515625,6279.1643902971655,4.357600749813927,3550.368165051577,94.36518507586305,0.6608190465468475
sys_0104,5395038,0,0,0,1.08515625,4567.828987430129,3.4819572656360886,0.0,0.0,0.0
sys_0105,1929183,0,0,0,1.156640625,6073.1734617544535,4.4244826797374825,0.0,0.0,0.0
sys_0106,7243737,3,1,1,1.081640625,5673.19206874028,4.3060120225042215,12323.618561524161,4.239538203643196,2.0757349221179013
sys_0107,2379913,2,0,1,0.95859375,4151.348850564376,4.212497935526376,0.0,2.366362898760362,2.2104036989814015
sys_0108,1333565,2,0,1,1.03125,5650.883764811239,4.322557822644995,0.0,42.03000388516515,2.3676756738753717
sys_0109,7583388,1,1,0,1.1847656249999998,6360.881171924047,4.296402184811685,758.3554671811006,0.0,0.0
sys_0110,6046803,3,1,1,1.06875,6128.202641517338,4.436686770469418,635.7237383549059,3.977733363958055,1.703968393274928
sys_0111,1176199,2,0,1,1.1906249999999998,6121.885539582011,4.22945506934411,0.0,31.279697461619595,3.4618425276736113
sys_0112,4950585,2,0,1,1.00078125,5873.323904468209,4.298920035108658,0.0,22.3732562596757,7.975152085171916
sys_0113,3364422,3,1,1,1.0171875,6010.8717436827665,4.435357764684587,8558.7836745409,7.10451265163901,4.837155098851413
sys_0114,2398179,3,1,1,1.18359375,6551.381016814501,4.217050241524141,3250.843870781894,3.539595064124577,2.3640022227129767
sys_0115,8992348,2,0,1,0.96796875,5714.441885990073,4.250372188211537,0.0,82.64483670145378,7.674701530670142
sys_0116,9247475,1,1,0,1.1906249999999998,6152.8538559255585,4.248324462663857,2424.171294958557,0.0,0.0
sys_0117,9511150,1,1,0,0.9046875,5400.038954574459,4.507204692506264,4277.56907353213,0.0,0.0
sys_0118,1191883,2,0,1,1.1906249999999998,6164.42342918705,4.257188640173678,0.0,21.037598518429757,3.6624644892557794
sys_0119,2273458,2,0,1,1.10859375,6237.660277738498,4.325408086365222,0.0,67.64316722384585,0.4966970235386989
sys_0120,8631675,3,1,1,1.1859375,6497.611792846029,4.255338756318324,2324.9048588547416,61.1418315799205,0.9735749614953811
sys_0121,6926739,1,1,0,1.06875,6115.376530730958,4.4489612012186095,611.9407881671806,0.0,0.0
sys_0122,6329430,1,1,0,1.09453125,6217.824915260847,4.192764873686765,1691.0089805438308,0.0,0.0
sys_0123,1215147,2,0,1,0.9187500000000001,4111.030455265401,4.201744121390904,0.0,29.06529000591695,2.9258072806409037
sys_0124,1010757,3,1,1,1.194140625,6564.3167467678695,4.22516296704938,9275.241789920858,7.253878862241067,5.211662447673012
sys_0125,4280227,1,1,0,0.94453125,5773.96403921335,4.418092141398675,2104.9338458550574,0.0,0.0
sys_0126,8990197,3,1,1,0.928125,5403.716642119224,4.520827275006547,1932.2612237543053,79.458474292542,6.09095283883668
sys_0127,9334290,0,0,0,1.01015625,5834.300935619697,4.394841771585857,0.0,0.0,0.0
sys_0128,5179907,1,1,0,1.1765625,6226.210064286565,4.235723610809428,9956.147092747871,0.0,0.0
sys_0129,6393274,3,1,1,1.1953125,6520.757106304323,4.35453815433664,2444.007634062031,44.62961312949686,7.73967189914506
sys_0130,6877206,2,0,1,1.02890625,5774.030771818258,4.49196175045562,0.0,41.84264674968473,1.7256162043963048
sys_0131,7575093,3,1,1,1.0640625,6299.062880275473,4.30130601745954,2022.5612943819094,2.249590763293101,1.1350358255321413
sys_0132,1215796,2,0,1,1.034765625,4323.71515716755,3.73863423417438,0.0,50.20673371781412,0.9159801224826956
sys_0133,3162714,0,0,0,0.97734375,5512.997812893138,4.5372824782179,0.0,0.0,0.0
sys_0134,4406707,2,0,1,1.1765625,6266.7730430507645,4.273869096598517,0.0,61.75711088946385,13.593166182970803
sys_0135,2733954,3,1,1,0.9304687500000001,5810.5705729982465,4.159927573677909,4877.033735646955,3.613212245526802,9.98645618745542
sys_0136,1251693,2,0,1,1.1859375,6466.882591169528,4.227130616181793,0.0,40.29058570930746,1.2703016424581433
sys_0137,1164998,0,0,0,1.04765625,6132.249204346025,4.4548397555655255,0.0,0.0,0.0
sys_0138,8584841,1,1,0,1.044140625,5767.627668437385,4.4147893960524165,3257.089855662608,0.0,0.0
sys_0139,3313032,3,1,1,1.02421875,4325.209348403604,4.178163599718687,15619.083487435679,37.69965727265207,0.5859996618285946
sys_0140,6641793,3,1,1,1.07109375,6011.271958710526,4.448064841378286,1573.475309474336,21.128612129017714,1.3316628541912552
sys_0141,8560086,3,1,1,0.9515625,5881.243797221312,4.241766942542654,750.2135700671389,20.936416855203518,1.1278266446998473
sys_0142,6849586,2,0,1,1.156640625,6121.43302498698,4.365296931466373,0.0,41.12645062336193,0.9673967510915652
sys_0143,1649781,3,1,1,0.94453125,5815.0368785775245,4.306223219685175,1280.968212678596,2.6367345149452097,0.10812180780858467
sys_0144,6624232,0,0,0,1.06171875,6086.3314339251465,4.198512484520591,0.0,0.0,0.0
sys_0145,3960877,1,1,0,0.9328125,5862.415049016412,4.156136972006977,1045.4518128135348,0.0,0.0
sys_0146,9448015,2,0,1,0.94453125,5710.85086572372,4.477353612451643,0.0,71.00585253608905,1.6397292856599364
sys_0147,5685738,0,0,0,1.1847656249999998,6360.975592663249,4.305841136600873,0.0,0.0,0.0
sys_0148,4698511,0,0,0,1.17421875,6212.569743775216,4.231192226476377,0.0,0.0,0.0
sys_0149,2540764,1,1,0,1.034765625,5888.2814873371535,4.207748491709142,2531.1289955633997,0.0,0.0
sys_0150,5150390,3,1,1,0.978515625,5755.396826240479,4.1135924874752385,1791.9695636532163,9.692964345657456,4.863413450417704
sys_0151,3455782,3,1,1,0.9375,4246.828294636011,3.4939982432804406,1298.2625705425646,2.7816640250172697,1.9634076182311178
sys_0152,8435862,3,1,1,1.08984375,5910.327069153608,4.165267712742132,3109.9432673406336,8.587357900300802,3.198132411442634
sys_0153,1049975,2,0,1,1.156640625,6120.384069419037,4.36726544172599,0.0,5.357701335028118,3.683733785392847
sys_0154,6071114,2,0,1,0.903515625,5506.9101677986,4.380340936642842,0.0,3.025375676373599,0.31888815832223577
sys_0155,8886392,2,0,1,1.09453125,5852.006777863771,4.28787283452436,0.0,52.809814900383046,2.328475082347223
sys_0156,6092165,1,1,0,1.053515625,6144.0230755759,4.1426067637849595,3130.0087387543194,0.0,0.0
sys_0157,5551664,2,0,1,0.95859375,5750.66640979546,4.417584329347871,0.0,58.54058630134225,4.7454914781836575
sys_0158,7624720,1,1,0,0.96796875,4142.641345402239,4.24146707404089,17269.261549505034,0.0,0.0
sys_0159,1477809,0,0,0,0.978515625,5753.8355974501255,4.483870383467331,0.0,0.0,0.0
sys_0160,5365933,2,0,1,0.95859375,5769.422451380552,4.391226376850706,0.0,82.47741183623447,1.743778094649579
sys_0161,4948683,3,1,1,1.14375,6337.622316308856,4.309554973645066,14285.233389277639,61.63363802065855,1.736656156015203
sys_0162,2655676,1,1,0,1.02890625,5740.93850178187,4.512509474998857,1824.7377740724191,0.0,0.0
sys_0163,6238109,1,1,0,0.9890625,5713.94323555555,4.405330278640415,14519.370339570949,0.0,0.0
sys_0164,4981328,2,0,1,0.9046875,5263.3300268761095,4.567097956110683,0.0,9.490599844438952,2.9407259488518456
sys_0165,2525671,2,0,1,0.928125,5458.17222169464,4.491654930900416,0.0,29.398797384611946,2.6140590846248455
sys_0166,9462328,0,0,0,1.147265625,6184.79594208079,4.209215117761638,0.0,0.0,0.0
sys_0167,5118971,2,0,1,1.021875,5891.853328795001,4.4383471250223625,0.0,29.92484229133932,4.987169238369174
sys_0168,9243312,3,1,1,1.1859375,6511.58780939248,4.328900181482943,523.3876205851799,2.030282019233428,1.3194833473764702
sys_0169,8152189,3,1,1,1.03125,4472.30600461321,3.8529443690590837,514.7613604401853,12.383801551498115,0.8352703284510107
sys_0170,1497396,1,1,0,0.92578125,5643.173528592877,4.359477713986164,562.9689562257988,0.0,0.0
sys_0171,6837289,1,1,0,1.09453125,6186.10520136178,4.443472438556366,12075.586003019853,0.0,0.0
sys_0172,4491373,0,0,0,1.16484375,6164.286718515519,4.383284313994405,0.0,0.0,0.0
sys_0173,5629077,1,1,0,0.92109375,5798.284082168755,4.3318683786204595,14229.758182740556,0.0,0.0
sys_0174,2925497,1,1,0,0.95625,5837.723951809661,4.303556114997221,6435.892916239449,0.0,0.0
sys_0175,4145969,2,0,1,1.091015625,4494.71341107566,4.265126885328871,0.0,90.34686200074852,0.8583292487668704
sys_0176,1871890,1,1,0,0.903515625,3988.7308335278453,4.113453239386225,760.4888722177426,0.0,0.0
sys_0177,2478069,3,1,1,1.1906249999999998,6150.157425404426,4.246467550188404,5408.076134226227,8.720345449107912,0.20491815383989384
sys_0178,4110647,2,0,1,1.156640625,6015.305926941945,4.1020338024176475,0.0,14.606624698865874,3.0742722065957686
sys_0179,7889271,2,0,1,0.92109375,5798.113731528177,4.33303950352549,0.0,2.804232537873516,1.4522875153266195
sys_0180,2146328,1,1,0,1.03125,6121.682322542429,4.156468801288865,2229.031583003697,0.0,0.0
sys_0181,4955761,0,0,0,1.0078125,5811.9933132982305,4.5019806999647,0.0,0.0,0.0
sys_0182,2881400,0,0,0,1.034765625,5922.890657637278,4.319087881428868,0.0,0.0,0.0
sys_0183,9967476,3,1,1,1.171875,6339.924479145191,4.191009829829734,6133.095373150112,3.742062933863153,3.677018179371856
sys_0184,4459964,2,0,1,1.03125,6175.972700349963,4.347979982575198,0.0,91.71179799122504,4.871889984127983
sys_0185,1269557,0,0,0,1.14375,6284.62072209296,4.415038912465526,0.0,0.0,0.0
sys_0186,4285863,3,1,1,0.9070312500000001,4322.698519919605,3.423436100447689,6850.69558977756,40.83251808274633,0.8474487893960524
sys_0187,7873635,2,0,1,1.07109375,6065.207980157959,4.386508768451121,0.0,5.975544549715801,2.760595160747643
sys_0188,7832604,3,1,1,0.97734375,4126.610439566761,4.205547995172177,829.4947256282767,2.292386734256253,2.26430116073643
sys_0189,6439807,2,0,1,1.044140625,5736.955253647032,4.507549920476971,0.0,16.54083652293963,0.4534961926432896
sys_0190,6496579,2,0,1,1.00078125,5835.999822813271,4.413657459615573,0.0,15.279651707805074,2.219347606232462
sys_0191,8881026,3,1,1,1.15546875,6255.279040639541,4.322515601553344,646.6750740790911,29.870710972217783,0.892691823040953
sys_0192,3046479,0,0,0,1.05703125,5942.093366066059,4.237371345240115,0.0,0.0,0.0
sys_0193,6461222,2,0,1,1.11328125,6129.198872443076,4.423462447688867,0.0,6.152995432068192,0.4551808815781391
sys_0194,4285063,2,0,1,1.1859375,6514.28680381666,4.313924815183204,0.0,4.315439993628065,1.3241082207853592
sys_0195,1821451,1,1,0,0.9609375,4233.7312135148395,3.882583996926401,3230.8380538313077,0.0,0.0
sys_0196,6329072,3,1,1,1.109765625,6340.524833971963,4.357302164738428,11773.607205275306,36.88798545082502,8.660895686988635
sys_0197,5429895,3,1,1,0.909375,4282.423259330496,3.7078753607448,650.7187731144995,37.05280678644084,1.1434579988375904
sys_0198,7106104,0,0,0,1.1484375,4520.323824034742,3.654090038100522,0.0,0.0,0.0
sys_0199,7835526,1,1,0,0.96796875,5703.393576137718,4.392884586195831,16812.813721805902,0.0,0.0
sys_0200,1603580,2,0,1,0.903515625,5224.551327045692,4.5658266172393684,0.0,76.4148093437246,1.9430412108482065
sys_0201,1466240,0,0,0,1.0359375,5801.631674339157,4.353288305522484,0.0,0.0,0.0
sys_0202,1719566,1,1,0,0.94921875,5855.825986880258,4.1099700379606965,1927.2566305833197,0.0,0.0
sys_0203,7851141,2,0,1,1.1953125,4997.607955112413,4.237641610847777,0.0,6.024766362552381,6.608011743215252
sys_0204,4890468,3,1,1,1.10625,5480.726332660593,4.303058975542972,19186.588198517835,2.3695974774879462,4.114423394648121
sys_0205,9957411,3,1,1,0.98671875,5807.625688254323,4.46847315768912,14219.547265984742,14.382254808665634,5.8413497720093925
sys_0206,9449696,0,0,0,1.18828125,6159.661868012604,4.254360688444048,0.0,0.0,0.0
sys_0207,9490534,0,0,0,0.9070312500000001,5378.2751811462895,4.579309509252637,0.0,0.0,0.0
sys_0208,7013247,0,0,0,1.1906249999999998,6184.152387534367,4.28052067493983,0.0,0.0,0.0
sys_0209,1262724,2,0,1,1.04765625,6215.134235870881,4.29196383474271,0.0,9.338077076105156,1.5740865966505306
sys_0210,7371113,3,1,1,1.1015625,4791.36752788391,4.339075559180592,801.4859556441235,35.83233910783663,0.33186310371231836
sys_0211,7041491,0,0,0,1.053515625,6214.42296349327,4.337295673661575,0.0,0.0,0.0
sys_0212,5357909,1,1,0,1.15546875,6223.949698055745,4.390512570021849,6371.087208729279,0.0,0.0
sys_0213,7937673,1,1,0,1.0453125,5928.168879860415,4.493544997529109,2194.6709189760263,0.0,0.0
sys_0214,4000803,0,0,0,1.044140625,5880.9217252483695,4.375046993323826,0.0,0.0,0.0
sys_0215,5671529,1,1,0,0.9187500000000001,4299.313992136732,3.4921205018982757,16157.366665539646,0.0,0.0
sys_0216,1247527,2,0,1,0.9421875,5754.741952076457,4.51907121833852,0.0,12.711728210029255,3.6230807399756464
sys_0217,6278685,1,1,0,0.9328125,5905.909025168886,4.384448348744923,7508.929905321077,0.0,0.0
sys_0218,7038529,3,1,1,1.1906249999999998,6180.740004593148,4.274846137505323,1543.6747600802207,8.307779732913044,6.033614956022629
sys_0219,4544506,1,1,0,1.04296875,5846.834622190545,4.2615301858480565,4062.3122380635605,0.0,0.0
sys_0220,9707455,2,0,1,1.02421875,5839.639746811178,4.5094777057258755,0.0,4.143306924486401,1.1557852601894882
sys_0221,8217481,0,0,0,0.903515625,5484.261230549196,4.412151382803798,0.0,0.0,0.0
sys_0222,2477760,1,1,0,0.95859375,5597.541775393838,4.528361037191989,1164.8060556794774,0.0,0.0
sys_0223,8629967,3,1,1,1.166015625,6163.667340566449,4.3843036667286075,3948.050344008616,6.5841108474783345,0.9889191451383784
sys_0224,2657405,3,1,1,0.997265625,5975.753351967686,4.239841768724559,959.2419841352045,34.558156837427376,5.348950784063366
sys_0225,8107660,0,0,0,1.00078125,5802.6513743161695,4.449757610836395,0.0,0.0,0.0
sys_0226,1902126,2,0,1,1.171875,6378.007091459297,4.3661496935716455,0.0,19.062012889861293,1.0768289158364963
sys_0227,6358785,0,0,0,1.003125,5870.7969459651,4.154761986687133,0.0,0.0,0.0
sys_0228,9956390,3,1,1,1.08046875,5802.921434755122,4.471378754727786,4612.7123013657065,44.93936724667081,1.3652583157796132
sys_0229,9243176,0,0,0,1.11328125,6141.4514417605105,4.202073246754421,0.0,0.0,0.0
sys_0230,3261797,2,0,1,1.16953125,4819.60132197052,4.241016969502858,0.0,9.523639931919787,0.6447452056430262
sys_0231,4673202,0,0,0,0.9515625,4357.889505835902,3.6401699521095034,0.0,0.0,0.0
sys_0232,5394955,3,1,1,1.05703125,5876.462388995156,4.459133147277902,5153.257567802865,43.07565529351832,1.6022476940999555
sys_0233,9708370,1,1,0,1.053515625,6209.200391625255,4.354899565302252,11739.78430344334,0.0,0.0
sys_0234,8144796,1,1,0,0.94453125,5816.2515198561105,4.329925305031871,1015.7877481024827,0.0,0.0
sys_0235,5546919,2,0,1,0.92578125,5438.0044078868395,4.533849764308056,0.0,21.277178794866707,3.0514816027027445
sys_0236,8367553,3,1,1,1.18359375,6510.447073612441,4.1920536310613885,863.3379431311153,10.63198597826568,1.224712028954899
sys_0237,3743424,3,1,1,1.1859375,4725.77394922796,4.187020686690832,8272.951326933618,15.065152595999324,0.9161597651759354
sys_0238,1250755,2,0,1,1.0125,5831.395596594798,4.405972436738044,0.0,74.7766182385939,2.500111950017475
sys_0239,8280527,2,0,1,1.06171875,4753.431832573299,4.305624840652505,0.0,15.893930794844367,0.5183485999916274
sys_0240,5710608,0,0,0,0.903515625,5206.604607793942,4.572625054967767,0.0,0.0,0.0
sys_0241,4233379,1,1,0,1.1847656249999998,6355.589965130684,4.3363208339007295,2336.1138990030877,0.0,0.0
sys_0242,2858175,1,1,0,1.16953125,4569.351304717952,3.770690793247885,7481.046610439383,0.0,0.0
sys_0243,9035032,0,0,0,1.081640625,6108.940248868884,4.380380072537306,0.0,0.0,0.0
sys_0244,8930013,3,1,1,1.109765625,6348.828451021229,4.331894563120803,12997.74030157503,20.11883121426637,4.573643784404556
sys_0245,1891899,0,0,0,1.1203125,6283.9269605164,4.385740750027584,0.0,0.0,0.0
sys_0246,4024690,1,1,0,1.1859375,6384.456171834924,4.179778929387117,748.6110319184801,0.0,0.0
sys_0247,4990494,1,1,0,1.147265625,6270.017613631042,4.273678734148263,612.9438408303613,0.0,0.0
sys_0248,1557196,0,0,0,1.14140625,6076.372832666682,4.436331704622693,0.0,0.0,0.0
sys_0249,5692532,3,1,1,1.044140625,4350.491219181185,3.7031550834088423,3765.050830897456,21.62976490951407,4.700628585533439
sys_0250,9562654,3,1,1,1.0921875,6213.930034145399,4.295672060044814,571.7474257708949,2.4376506394960775,6.4872194523031395
sys_0251,8821649,1,1,0,1.10390625,6230.955230427915,4.3839518102997745,1951.6580272034216,0.0,0.0
sys_0252,5403528,2,0,1,0.978515625,5818.0156446615965,4.177565057434361,0.0,79.09012350691613,0.25511291145496395
sys_0253,5333903,0,0,0,0.92578125,5393.5308957297475,4.553459904689191,0.0,0.0,0.0
sys_0254,7361561,0,0,0,1.02421875,5826.007160567264,4.518859659704983,0.0,0.0,0.0
sys_0255,1128410,2,0,1,1.194140625,6589.212457840687,4.247427667564516,0.0,7.7497704116824595,4.190029377275613
sys_0256,2645480,1,1,0,0.9375,5565.505069343529,4.448923370264156,19622.075044013665,0.0,0.0
sys_0257,8741985,2,0,1,1.05703125,5942.836625921074,4.391441024986129,0.0,35.15799983578584,3.6236710849067775
sys_0258,3146869,1,1,0,1.171875,6367.7304436523655,4.3821530573587415,11433.860791767956,0.0,0.0
sys_0259,1510873,1,1,0,1.0921875,6195.865686956127,4.376911585267732,2268.5386261019594,0.0,0.0
sys_0260,1217114,1,1,0,1.1578125,5440.088702158594,4.271149197250346,4634.634605130231,0.0,0.0
sys_0261,4377619,0,0,0,1.06875,6099.86993031465,4.4625148889396495,0.0,0.0,0.0
sys_0262,8485376,0,0,0,1.0125,5773.767098491676,4.464634125826475,0.0,0.0,0.0
sys_0263,1427369,0,0,0,1.0125,5795.3497493538725,4.446292432253388,0.0,0.0,0.0
sys_0264,2537925,0,0,0,1.00078125,5861.5154894873,4.372432011800961,0.0,0.0,0.0
sys_0265,6146830,3,1,1,1.05,5139.000428272589,4.346750220604956,3986.639887691493,15.829245743225762,1.5426156461645038
sys_0266,5370630,2,0,1,1.00078125,5832.001576295078,4.418772105323088,0.0,37.142652510459286,0.551202124208136
sys_0267,3280182,2,0,1,1.11328125,5996.874588362357,4.038550032924896,0.0,10.227426127004238,5.48553013166673
sys_0268,3859504,0,0,0,1.17421875,6233.183512502306,4.244865392118752,0.0,0.0,0.0
sys_0269,8993410,2,0,1,1.18359375,6559.716572785872,4.222982918939011,0.0,65.53538827025541,4.034820791577397
sys_0270,1669461,3,1,1,1.10859375,6238.367475611837,4.3208588397020256,11121.835379636022,47.96294234910661,8.839837502899274
sys_0271,3372244,3,1,1,1.1953125,6514.385119257743,4.2436316595431505,9015.40059132648,29.8347875632601,0.4728459034560996
sys_0272,4517697,1,1,0,1.0734375,5807.24613270841,4.325104929512313,1758.5507889086455,0.0,0.0
sys_0273,2680307,1,1,0,0.9515625,4283.876347595369,3.8922103339619976,5527.402912864381,0.0,0.0
sys_0274,9315912,0,0,0,1.15546875,6086.509253476116,4.053628166451536,0.0,0.0,0.0
sys_0275,5385094,1,1,0,1.1906249999999998,6171.286648857249,4.263503176179682,4679.934944698221,0.0,0.0
sys_0276,5962210,2,0,1,0.92578125,5503.151622499551,4.500569864173884,0.0,27.50311373127841,2.0546637316655136
sys_0277,5196381,0,0,0,1.096875,6310.352098867632,4.440878796100867,0.0,0.0,0.0
sys_0278,7872399,1,1,0,1.1953125,6507.638943066435,4.236698490073415,990.0908902492605,0.0,0.0
sys_0279,9264237,2,0,1,0.9070312500000001,5399.3091691509235,4.569077788061016,0.0,53.12636289205053,0.8790342792145415
sys_0280,2953530,2,0,1,0.9328125,5916.685548576018,4.2570381866568825,0.0,18.00212570494793,1.318932970884618
sys_0281,1674409,3,1,1,1.10625,6091.254707371059,4.392797743572066,4068.7237158512567,3.471904814152377,1.8741782396169886
sys_0282,8578365,2,0,1,0.928125,4031.885077950913,4.092190622593612,0.0,5.234974929441625,5.7783753383654695
sys_0283,9407462,3,1,1,1.18828125,6169.465182743967,4.26310696574353,671.3192858528458,51.68846392864684,0.37163128573798093
sys_0284,4423876,0,0,0,1.1859375,6489.150888719817,4.374959282353818,0.0,0.0,0.0
sys_0285,3116028,3,1,1,1.1765625,6196.091159847835,4.2178995418883805,17575.39504203201,44.008944932875444,1.8453304578648002
sys_0286,5901266,0,0,0,0.928125,5409.712074659989,4.517820931472289,0.0,0.0,0.0
sys_0287,7481575,2,0,1,1.1953125,6519.7893079711175,4.250190490788491,0.0,29.317641738122788,0.6201576500152722
sys_0288,1033790,2,0,1,1.02421875,5948.979552028118,4.420800624994933,0.0,2.650497301572232,0.8464338290101355
sys_0289,6335962,3,1,1,0.984375,5348.61926135306,4.384345673240051,8287.014252151192,3.5752231085068233,1.7931479315874985
sys_0290,4720658,0,0,0,1.1296875,6154.727607798477,4.016408675632616,0.0,0.0,0.0
sys_0291,9955646,1,1,0,1.0734375,6036.227761891978,4.347860474774531,1197.5613601641548,0.0,0.0
sys_0292,2039804,3,1,1,0.95859375,5776.919129728058,4.377960075660757,772.4624592947366,2.325856572885314,1.1093137364462315
sys_0293,3421692,0,0,0,1.1765625,5666.921655048585,4.252569341823497,0.0,0.0,0.0
sys_0294,6247736,0,0,0,1.06640625,4312.073421508801,4.064058427624523,0.0,0.0,0.0
sys_0295,8302558,2,0,1,1.16953125,6349.68835777855,4.414675219671058,0.0,14.366373798570352,0.49613003842147907
sys_0296,9238172,1,1,0,1.0453125,6066.185483923569,4.242705388915737,1710.4816621021187,0.0,0.0
sys_0297,6214260,2,0,1,1.003125,5915.3496274139725,4.39092013370863,0.0,4.415441564112795,3.228485092625861
sys_0298,9115522,1,1,0,1.18359375,6563.029029183672,4.225467020466016,12852.793730289242,0.0,0.0
sys_0299,8964628,3,1,1,1.08046875,5900.99792586015,4.282733626181648,1240.2833191974944,58.21765601591998,2.338719361159924
sys_0300,9636206,1,1,0,1.17421875,6254.18373519326,4.263784373023161,9916.268301197008,0.0,0.0
sys_0301,8348551,0,0,0,1.147265625,6277.575701923873,4.29259983678719,0.0,0.0,0.0
sys_0302,3448036,1,1,0,1.11328125,5293.022034740979,4.304030439329131,15244.0329280825,0.0,0.0
sys_0303,1761887,3,1,1,1.10625,6117.038257421425,4.291038682021528,1595.4516583531415,31.23541281321606,2.4915433667265745
sys_0304,2397332,0,0,0,1.02421875,5937.638197490836,4.433444963403118,0.0,0.0,0.0
sys_0305,9649652,0,0,0,1.08046875,5851.853377057223,4.432027973821168,0.0,0.0,0.0
sys_0306,8608504,0,0,0,1.18828125,6171.346391882372,4.366573208322223,0.0,0.0,0.0
sys_0307,7076480,2,0,1,1.18828125,6164.695844041292,4.258587687168656,0.0,16.364653785534344,0.6522105253429455
sys_0308,4731431,2,0,1,1.06640625,5997.245407783734,4.379755491542156,0.0,3.608008653243055,1.0570438697206244
sys_0309,6234274,1,1,0,1.096875,6344.113380437712,4.404860669539827,3011.771454989506,0.0,0.0
sys_0310,4980088,1,1,0,1.1953125,6259.385342095047,3.972411752244991,3725.7530446994747,0.0,0.0
sys_0311,9652876,0,0,0,1.02890625,4616.7996001825095,4.339006316839245,0.0,0.0,0.0
sys_0312,3022715,2,0,1,0.9421875,5804.149898848296,4.4870435222578084,0.0,2.197057500318858,0.8383205554874601
sys_0313,5636442,1,1,0,1.0078125,5813.375214588872,4.501104192380297,664.3764220991646,0.0,0.0
sys_0314,5142748,3,1,1,1.034765625,4290.493302246846,3.8533081669414107,2634.102624443234,4.556999950319982,2.381945082165196
sys_0315,7568956,3,1,1,0.97265625,5992.218158794196,4.31160234121725,705.659960790039,5.601488837027418,1.1675289833094027
sys_0316,2832987,3,1,1,1.14375,5620.099208260462,4.259188522344096,1840.4632621994085,21.75721908992178,1.841570507106887
sys_0317,3395609,3,1,1,1.1484375,4497.916829612171,4.164332637170558,891.0990049992209,2.6712816129466352,0.9519004741670224
sys_0318,2685239,3,1,1,1.03125,4787.485775236852,4.3047834312771736,574.7681401312961,25.710444963687205,0.28563187811093843
sys_0319,5570895,0,0,0,1.18828125,6157.070332900593,4.25233217832592,0.0,0.0,0.0
sys_0320,3634698,3,1,1,1.1484375,6197.293950284008,4.425548747069513,1541.8711363722011,7.2027237959682076,3.8158255739516056
sys_0321,1171377,1,1,0,0.984375,4321.448069955409,4.218922511152712,7066.256184557162,0.0,0.0
sys_0322,9907694,3,1,1,0.9890625,5741.737742040396,4.295719893169891,2568.245517729508,48.836250604504706,1.3898868697390536
sys_0323,5742296,2,0,1,1.171875,6377.830148102707,4.366461882530666,0.0,12.294969164486803,0.31472391649010056
sys_0324,2062666,0,0,0,1.10625,4453.108667324801,4.223860404961771,0.0,0.0,0.0
sys_0325,5388979,2,0,1,1.171875,6251.964649886315,4.074261760395489,0.0,3.0835791042017,3.0588495831086058
sys_0326,6615000,2,0,1,1.18359375,6455.103393885292,4.1497687184523135,0.0,67.86711515104679,1.621956106650626
sys_0327,2243736,0,0,0,1.08515625,6288.966292668075,4.3208306928416125,0.0,0.0,0.0
sys_0328,3749566,2,0,1,1.0734375,6038.6264832751995,4.3390533318932105,0.0,2.840221897424641,3.8091588753621157
sys_0329,1822794,2,0,1,0.90234375,5535.1006355436775,4.51526967267443,0.0,32.93712881813683,1.2318012860655594
sys_0330,7220364,2,0,1,1.00078125,5725.319870328234,4.505544591935274,0.0,58.84703373915422,6.289902270979214
sys_0331,7634848,0,0,0,0.9070312500000001,4174.400767051659,3.9328055120111847,0.0,0.0,0.0
sys_0332,2620223,2,0,1,1.05703125,5938.293323084349,4.2261869173513515,0.0,23.464790073897422,1.9920228073412798
sys_0333,1107526,3,1,1,1.147265625,6278.9707347350695,4.300848028033704,3822.509082892258,64.07962309799099,0.3624370554644557
sys_0334,1997100,0,0,0,1.10390625,6248.340789652247,4.349337277955945,0.0,0.0,0.0
sys_0335,6763784,2,0,1,0.9890625,5733.424406771605,4.372843254600416,0.0,3.2475294523477936,3.477690180017094
sys_0336,3830159,3,1,1,1.13671875,4622.693097914845,4.20177481686034,3775.3364840436993,32.68948628909558,2.8244380188468967
sys_0337,8692074,0,0,0,1.04765625,5304.269387870568,4.322392024304132,0.0,0.0,0.0
sys_0338,9478037,2,0,1,1.1859375,6416.691061925674,4.196528474579836,0.0,3.12905284277465,3.153106632254231
sys_0339,3711872,3,1,1,0.92578125,5629.453102336195,4.228666590293732,10848.26331702545,2.507292631471482,0.7431138157275406
sys_0340,2706884,1,1,0,1.1765625,6200.564253615931,4.220389364005705,4849.250377221425,0.0,0.0
sys_0341,7761495,1,1,0,0.97265625,5975.800823822126,4.375697658569036,3895.3673886310753,0.0,0.0
sys_0342,4294176,3,1,1,0.95859375,4171.550287981061,3.9669602440264677,4617.253105575715,3.286025716815861,1.1158321427338234
sys_0343,2289457,2,0,1,1.05703125,5440.899376277902,4.337479039650008,0.0,10.42169591209822,0.757196846091421
sys_0344,1561711,0,0,0,0.94921875,5938.688274744593,4.3962152194512445,0.0,0.0,0.0
sys_0345,3720038,2,0,1,0.978515625,5701.3227181266775,4.516566996404779,0.0,67.56207955204928,1.4507497210519555
sys_0346,3141878,3,1,1,1.1203125,6309.970369345522,4.31854721312217,6961.948642626265,8.635604120521663,0.8787604217852207
sys_0347,3632796,1,1,0,1.091015625,6018.04129520824,4.407198041463365,657.2429641841504,0.0,0.0
sys_0348,1766375,3,1,1,1.0125,5739.972350329855,4.488662273470236,995.9574587944472,9.351504724863933,5.602965127335646
sys_0349,9689645,1,1,0,1.08515625,6287.062959652745,4.331785065370248,16087.050918234714,0.0,0.0
sys_0350,9546487,1,1,0,1.06171875,4461.407684535783,3.698282341298409,762.4501862995704,0.0,0.0
sys_0351,3743750,1,1,0,1.156640625,4407.831461364294,3.850198044763121,13141.508042316515,0.0,0.0
sys_0352,7511349,1,1,0,1.0734375,5998.664671777358,4.4139182199272495,655.0779780588181,0.0,0.0
sys_0353,9211264,2,0,1,1.16015625,6296.531826478881,4.27955788460725,0.0,7.899137943396778,3.6273084399909608
sys_0354,3777699,0,0,0,0.928125,5444.3061320109155,4.499674000278195,0.0,0.0,0.0
sys_0355,4158423,0,0,0,0.9187500000000001,5654.058229095735,4.463721297004525,0.0,0.0,0.0
sys_0356,4636769,2,0,1,1.1906249999999998,6173.541042080557,4.26585022024352,0.0,8.321435101822424,1.981508726103949
sys_0357,8794536,3,1,1,0.96796875,5691.869909392987,4.409356455558791,15461.622571265061,10.123904401314242,1.096880374519719
sys_0358,1246823,0,0,0,0.9187500000000001,4965.032019054571,4.4111200879859105,0.0,0.0,0.0
sys_0359,6866534,2,0,1,0.92578125,5558.233278022789,4.463780247857921,0.0,3.1241995360172012,0.1712921604698683
sys_0360,2966666,1,1,0,0.9046875,5402.9232298937195,4.5056813593384275,510.08616719730867,0.0,0.0
sys_0361,9192961,0,0,0,1.166015625,6174.0188675203635,4.266871981707689,0.0,0.0,0.0
sys_0362,4066352,2,0,1,0.95625,4309.416740546491,4.296317005609609,0.0,3.9164394395594324,4.221158746431017
sys_0363,3289019,1,1,0,1.1906249999999998,6162.885955767865,4.255910873937603,5666.421735177793,0.0,0.0
sys_0364,7801977,0,0,0,1.09453125,6196.438474697659,4.433725853788038,0.0,0.0,0.0
sys_0365,7919110,0,0,0,1.1906249999999998,6111.636259163604,4.223961424672762,0.0,0.0,0.0
sys_0366,6837638,3,1,1,0.95859375,4788.199384814529,4.38214466766745,778.7224663915197,4.12537250693312,2.4696804568733333
sys_0367,4176191,1,1,0,1.091015625,6044.332885533288,4.363951382959106,920.5548531213315,0.0,0.0
sys_0368,1170733,2,0,1,1.06171875,6066.501868568225,4.433327829548633,0.0,4.889179128324475,0.6580984466363667
sys_0369,7042207,0,0,0,0.903515625,5217.065033637312,4.568674091152937,0.0,0.0,0.0
sys_0370,3860703,3,1,1,1.10859375,6184.931574709477,4.421242445747195,1325.2086528945172,2.917620998311213,1.3509185096004008
sys_0371,1618352,1,1,0,0.9070312500000001,5379.679319993506,4.578314123718048,7538.764697433645,0.0,0.0
sys_0372,1358212,2,0,1,0.97734375,5674.34782944734,4.432485276936922,0.0,57.30661752485304,4.219231638113377
sys_0373,6902488,2,0,1,1.147265625,6202.429462749362,4.219805238263132,0.0,44.401808374911745,4.456401349291112
sys_0374,3555498,0,0,0,1.171875,4599.340238904832,3.515833030916842,0.0,0.0,0.0
sys_0375,3335213,2,0,1,0.95859375,4195.855176192432,4.260062110128436,0.0,6.14482749621201,5.988232330819941
sys_0376,5002621,3,1,1,1.003125,5867.109359437228,4.447958929507393,1876.5530864086081,11.03420164793401,1.0188956461639191
sys_0377,4845916,2,0,1,1.15546875,6255.443885226546,4.295959590389599,0.0,22.067133588411284,0.3285272884375794
sys_0378,3071476,0,0,0,1.18359375,6600.461041242558,4.338876431438246,0.0,0.0,0.0
sys_0379,9275228,3,1,1,1.01015625,5733.487997271308,4.486977900756739,1260.855010480769,13.05855469837944,3.7609017290026046
sys_0380,7847240,2,0,1,0.98671875,5814.202594052442,4.463322414569099,0.0,80.27133599950966,1.5416708139004136
sys_0381,2395286,3,1,1,1.0546875,5911.813046250298,4.461544531144766,779.9928240716719,68.88387310974642,3.8217343587991244
sys_0382,2652902,2,0,1,1.01015625,5850.452772801551,4.28056703102495,0.0,12.232706327413712,2.46695000955202
sys_0383,5679948,2,0,1,1.0078125,5821.931448711336,4.4955477566207565,0.0,82.91752793566314,0.2376434554708378
sys_0384,5697093,1,1,0,1.17421875,6178.167306658181,4.2119798038463445,580.311025573426,0.0,0.0
sys_0385,2889959,2,0,1,1.02890625,5842.013720343414,4.440294868434351,0.0,84.95992565070416,2.1027180626251223
sys_0386,2236892,0,0,0,1.1765625,6203.2838303860435,4.2219400774934055,0.0,0.0,0.0
sys_0387,9124085,0,0,0,1.034765625,5921.7875269846445,4.334278982226419,0.0,0.0,0.0
sys_0388,2490703,3,1,1,1.147265625,6270.692417202991,4.353524214650441,10736.394158077255,9.099005942385027,0.6775135184127611
sys_0389,4979351,3,1,1,1.10859375,6215.302791609439,4.244524934826618,5061.627663692987,26.57296186923211,1.1394259604853934
sys_0390,1020658,0,0,0,1.1953125,6518.390962086307,4.2483799703787986,0.0,0.0,0.0
sys_0391,5473686,0,0,0,1.1765625,6264.996958405461,4.27091927848889,0.0,0.0,0.0
sys_0392,3024551,3,1,1,1.1015625,5790.332472177601,4.094625386437644,1638.7466578287313,5.784033487564822,1.2924887656422597
sys_0393,3124644,0,0,0,1.091015625,5979.960854327428,4.44643017225325,0.0,0.0,0.0
sys_0394,8810454,2,0,1,0.92109375,5678.055867989873,4.489749422347168,0.0,3.8782901004994486,1.4365649558583808
sys_0395,1949119,1,1,0,1.0640625,6278.750987040583,4.377937737842802,1641.4096187640282,0.0,0.0
sys_0396,3844080,1,1,0,1.04296875,5795.546904246511,4.440495188157597,3764.5578696143957,0.0,0.0
sys_0397,4979056,3,1,1,0.9070312500000001,5533.121672666695,4.505547483600658,2423.0493264268284,2.3551440131738453,1.3086562224564011
sys_0398,9428629,0,0,0,1.194140625,6557.923406817632,4.220513171256659,0.0,0.0,0.0
sys_0399,7463671,0,0,0,1.01015625,4189.394238763293,4.177133183465731,0.0,0.0,0.0
sys_0400,3460857,1,1,0,1.0453125,6055.455317430242,4.402459185359567,17818.458123831653,0.0,0.0
sys_0401,2324952,1,1,0,1.147265625,6263.900752646447,4.265005131101102,813.272027012241,0.0,0.0
sys_0402,3697987,2,0,1,1.06875,6190.9937386761185,4.2836241762038805,0.0,84.92925220019754,12.595241045450198
sys_0403,9090125,0,0,0,0.9375,4167.297413378249,3.7962036010929143,0.0,0.0,0.0
sys_0404,2704004,0,0,0,1.109765625,6352.306968892438,4.299304340386829,0.0,0.0,0.0
sys_0405,3361454,3,1,1,1.11328125,6166.408074595504,4.257655815177489,8073.987846928206,15.045099406126255,1.063160375053076
sys_0406,2753531,3,1,1,1.06171875,6093.5296107249915,4.401464605266515,6958.268872307021,95.5085093384149,0.27379544793565663
sys_0407,4222538,1,1,0,1.10625,6114.95194397691,4.285883047210095,12921.44452858604,0.0,0.0
sys_0408,9544338,1,1,0,0.96796875,4537.247265354337,4.379137178495975,739.6628871319298,0.0,0.0
sys_0409,1443966,1,1,0,1.06640625,4314.600828285826,4.046698693622066,4563.476818184129,0.0,0.0
sys_0410,8961762,3,1,1,1.1859375,6486.827972208264,4.243571493700137,3062.107725041127,25.190493712041896,0.8696131175121162
sys_0411,7488403,2,0,1,1.10625,6044.570986168454,4.4413743562483345,0.0,2.5363902080777603,1.2829294655554966
sys_0412,5720549,2,0,1,1.06171875,6117.96078121718,4.273054069633835,0.0,69.42858123143075,3.256563724556486
sys_0413,6868125,3,1,1,1.05,4342.54831125515,4.175378710468647,6549.440409244618,3.940121755711205,2.2577113024282514
sys_0414,1960313,0,0,0,1.02421875,5975.552940431127,4.381374995554085,0.0,0.0,0.0
sys_0415,9941544,1,1,0,1.0546875,5391.35964359699,4.3527396717433415,530.4178108599981,0.0,0.0
sys_0416,4721420,2,0,1,1.0078125,5880.035859575789,4.147329078888251,0.0,2.603814167911924,0.32055732829221373
sys_0417,8341186,2,0,1,1.1203125,6284.362601184696,4.385095169846956,0.0,45.0661364293126,2.7561906296491965
sys_0418,5318203,2,0,1,1.16015625,6229.255413187626,4.43145744737029,0.0,3.692643081670345,0.4092908372209096
sys_0419,8451338,3,1,1,1.06640625,6004.394114253924,4.364719182961236,1362.5078976575066,4.356028690736385,1.6288526242475012
sys_0420,6509973,0,0,0,1.02890625,5901.634238524085,4.292387233136122,0.0,0.0,0.0
sys_0421,9422420,3,1,1,1.081640625,6107.262279974207,4.250304557300237,15154.085637802777,6.2277450548625755,0.6165740050993924
sys_0422,2118028,2,0,1,1.08046875,5828.763212460794,4.4520972169147175,0.0,11.018657771550393,1.16446581837289
sys_0423,1509370,3,1,1,1.10390625,6253.853914823421,4.32852561587369,2771.0458495325192,54.966130986331926,3.7478670918610435
sys_0424,8013771,2,0,1,1.0359375,5800.3772944096245,4.356863007077605,0.0,11.922611859754847,11.164138593534105
sys_0425,7658128,0,0,0,1.1578125,6204.261891892264,4.38693951783903,0.0,0.0,0.0
sys_0426,7640083,3,1,1,1.1765625,6218.65559202459,4.230972099747599,1843.001425752043,2.407322721464,7.452044690874636
sys_0427,5717821,1,1,0,0.9421875,5352.397463652159,4.402043182110448,1251.7159079124071,0.0,0.0
sys_0428,5068460,1,1,0,0.9421875,5920.560834330368,4.3214550577715745,17598.162422074794,0.0,0.0
sys_0429,5675189,3,1,1,1.1203125,6301.404414989723,4.3525835560030925,1103.9254096219986,3.834155093158681,2.4724348305152817
sys_0430,3546430,1,1,0,1.171875,6391.531701506534,4.273195103449927,3513.168906471788,0.0,0.0
sys_0431,5936534,2,0,1,1.0921875,5589.9479851045635,4.28647585850446,0.0,2.249026257603328,24.5641394979606
sys_0432,7635076,1,1,0,1.08515625,6279.133202757432,4.263139759458452,621.7335491933115,0.0,0.0
sys_0433,8451160,1,1,0,1.156640625,6002.220527195948,4.089608236726311,18255.871338620716,0.0,0.0
sys_0434,9226199,1,1,0,1.17421875,6248.395011016118,4.257637427161514,574.7651711319771,0.0,0.0
sys_0435,6112362,0,0,0,0.95625,5808.16129649714,4.401558159463852,0.0,0.0,0.0
sys_0436,2396039,0,0,0,1.044140625,5788.021695573332,4.474824365511608,0.0,0.0,0.0
sys_0437,9763728,2,0,1,1.0546875,5863.2969615808215,4.506971076877802,0.0,29.0022665783745,3.55043878590346
sys_0438,5338910,1,1,0,1.18359375,6570.24060648839,4.231193277814686,3075.2076423583717,0.0,0.0
sys_0439,1307042,2,0,1,0.90234375,5462.221961269018,4.55070928095309,0.0,13.738069171636685,0.6123199563587676
sys_0440,8965728,2,0,1,0.94921875,5825.673567214977,4.504802823353586,0.0,34.45808898794662,3.2815928260119485
sys_0441,1437914,2,0,1,0.9328125,5860.033395644038,4.445480037124209,0.0,25.69592816414411,5.443566648873135
sys_0442,1846774,2,0,1,1.194140625,6536.186924560976,4.206362582941374,0.0,20.37695368423734,0.8491499610928396
sys_0443,9227173,0,0,0,1.0921875,4434.175625294791,3.8837527835431995,0.0,0.0,0.0
sys_0444,4462799,2,0,1,1.03125,6003.293048462773,4.043526478610754,0.0,15.062822574716748,2.328783228542912
sys_0445,1880542,1,1,0,1.09453125,6245.248173427756,4.3683531113575995,669.5211178183479,0.0,0.0
sys_0446,9825876,0,0,0,0.97734375,5654.45365018356,4.4511977305733,0.0,0.0,0.0
sys_0447,6825308,1,1,0,0.9187500000000001,5742.540707328124,4.322863926044888,5782.5326472277775,0.0,0.0
sys_0448,5387431,2,0,1,1.08515625,5739.670150386088,4.279918949963433,0.0,24.268797886715532,1.1286128714983195
sys_0449,1805737,1,1,0,0.95859375,5780.982878150313,4.369679893530247,621.5388093667162,0.0,0.0
sys_0450,5633562,1,1,0,1.0078125,4756.645703143949,4.352094492515099,1682.074637206561,0.0,0.0
sys_0451,7707510,0,0,0,0.97734375,5691.057677959212,4.198747014903147,0.0,0.0,0.0
sys_0452,7922963,2,0,1,1.053515625,6205.141292637228,4.262858775254666,0.0,19.870283317016664,4.749347328963203
sys_0453,7582830,2,0,1,1.01015625,5739.255415406669,4.483240413375471,0.0,19.596418816302698,2.5930170271767556
sys_0454,6094499,1,1,0,0.9328125,5919.946205504594,4.2717011316832885,752.3478821059872,0.0,0.0
sys_0455,4804343,0,0,0,1.03125,6093.972276994079,4.461904440041651,0.0,0.0,0.0
sys_0456,1759577,3,1,1,1.0453125,6054.246289519744,4.4041487852353125,5929.085313846715,3.8539042802488326,0.5236988247208848
sys_0457,6763445,2,0,1,1.0125,5838.281529154949,4.395820448453884,0.0,65.4023917832799,0.2425836162547991
sys_0458,1100624,1,1,0,0.9515625,5720.596110682888,4.5233370194511755,1060.4187487771808,0.0,0.0
sys_0459,5034738,0,0,0,1.01015625,4539.018697216489,4.336364942048324,0.0,0.0,0.0
sys_0460,5719081,0,0,0,0.928125,5393.027872650109,4.525915262808518,0.0,0.0,0.0
sys_0461,2991122,3,1,1,1.0359375,5807.162861493961,4.328009292114826,17220.832981762313,14.228565876824845,5.016498988650757
sys_0462,2994170,1,1,0,1.16484375,4456.4462793744915,3.827794641442384,4556.815915028481,0.0,0.0
sys_0463,2740784,1,1,0,1.166015625,4404.206937916113,3.8865334633009936,14022.7028616727,0.0,0.0
sys_0464,2664721,3,1,1,1.147265625,6067.964332962179,4.019697489166086,3519.748579939898,33.0854755660222,2.5561345216538647
sys_0465,7796935,0,0,0,1.096875,6313.308429118155,4.4380390454883525,0.0,0.0,0.0
sys_0466,8391532,3,1,1,1.08515625,6285.653047934199,4.276674630685685,14301.273943579248,18.993485386075324,7.676122386345956
sys_0467,8182815,0,0,0,0.9070312500000001,5683.381898152605,4.32495346816702,0.0,0.0,0.0
sys_0468,5622512,0,0,0,1.04296875,5860.839626428143,4.308637136043816,0.0,0.0,0.0
sys_0469,8187045,0,0,0,1.18828125,6186.505038872055,4.327212705291414,0.0,0.0,0.0
sys_0470,4278727,1,1,0,1.06171875,5997.380534573537,4.4856199131572625,1910.311448754359,0.0,0.0
sys_0471,4733446,0,0,0,1.0125,5797.379534029203,4.159631740621713,0.0,0.0,0.0
sys_0472,6557295,1,1,0,1.096875,6377.171494592123,4.345474120732869,9170.316310125607,0.0,0.0
sys_0473,2372046,0,0,0,0.92109375,5571.986900347476,4.5495126103674055,0.0,0.0,0.0
sys_0474,2730414,1,1,0,0.997265625,4425.570078504591,4.275387998641835,6118.779279511977,0.0,0.0
sys_0475,3060788,3,1,1,0.903515625,5398.938616348008,4.48416710773148,1099.783362772517,8.100600986653818,4.909939095109514
sys_0476,2022811,0,0,0,1.10625,6114.142137969996,4.284157439084546,0.0,0.0,0.0
sys_0477,8336234,2,0,1,0.99609375,5094.206402803001,4.370982579269282,0.0,8.496203687038921,4.2800554983979175
sys_0478,6496021,0,0,0,1.10859375,6231.032429275474,4.349960236039556,0.0,0.0,0.0
sys_0479,5543377,2,0,1,0.94453125,5746.7826454113965,4.447764279307782,0.0,53.44303338559406,4.331597343831703
sys_0480,8406646,3,1,1,0.9421875,5714.02370952584,4.541954819246743,2639.888623078115,38.26989331380864,0.6540062603001897
sys_0481,7435179,1,1,0,1.194140625,6597.250095186308,4.257604843689095,557.5158756188681,0.0,0.0
sys_0482,2526923,1,1,0,1.166015625,6190.728674235747,4.317417180073876,14581.188406959356,0.0,0.0
sys_0483,6253232,2,0,1,0.9187500000000001,4410.293224760124,4.361014312211627,0.0,39.99597577814022,3.1127819972282724
sys_0484,1471196,3,1,1,1.08046875,5789.0130188967005,4.480808590715528,11658.316092080868,15.53055864812283,2.279707076546247
sys_0485,9367131,3,1,1,0.9304687500000001,5674.255435579597,4.536483970643228,6440.12919195469,5.457169090064882,5.444362054797793
sys_0486,4904604,3,1,1,1.0546875,5886.539642802531,4.490664003119099,15419.435093834834,18.40410914423529,0.6018543106274745
sys_0487,3246472,0,0,0,1.17421875,6247.928856300644,4.376763570023957,0.0,0.0,0.0
sys_0488,6547702,3,1,1,1.0921875,6068.664739984192,4.304104242313481,4844.677395076215,95.88492002779587,1.5006606361040318
sys_0489,9406183,3,1,1,1.14375,6315.0203073161,4.377131149920617,7024.667641319975,2.1740217555489743,0.21739910460800435
sys_0490,7979730,1,1,0,1.03125,6153.631547039956,4.214960750487089,4502.585676881899,0.0,0.0
sys_0491,6284208,3,1,1,1.044140625,4420.953601235638,4.302157260333037,15295.221062535336,8.189165160622832,1.59735003158953
sys_0492,1541005,0,0,0,0.94453125,4171.955325115278,4.094113607837867,0.0,0.0,0.0
sys_0493,2968168,3,1,1,1.091015625,5890.197762054242,4.064050263568791,4211.838810746862,56.11975368131147,3.8159747516099203
sys_0494,2574878,2,0,1,0.95625,5725.806109303463,4.483676876813019,0.0,24.058055822373383,9.314098627791475
sys_0495,5212028,3,1,1,0.99609375,5947.162117973324,4.311552047472472,2197.2801712834516,47.49628206328294,1.6631893130255133
sys_0496,4590324,3,1,1,1.156640625,6047.891085068891,4.445533207056773,765.0078500887456,28.316740025862412,3.928713167835424
sys_0497,4165503,3,1,1,1.034765625,5077.362900397811,4.358055516121083,4729.010833954432,5.867115531041893,2.3294749847584226
sys_0498,7158485,3,1,1,1.04296875,5753.575140325408,4.473026137428638,9897.699207794094,3.647485386657634,2.5817891991501147
sys_0499,6611741,3,1,1,1.10390625,6207.083479647148,4.414985774290907,1879.8626465373052,20.371156363303204,1.5744450268273362
sys_0500,9269854,2,0,1,1.04296875,5862.429511927886,4.3235398719748765,0.0,19.86873733100262,0.9220362127663255
sys_0501,4349735,2,0,1,1.0078125,5948.641412916342,4.353736907944407,0.0,37.492072956233315,1.1843062796361894
sys_0502,4599274,3,1,1,1.04296875,5740.407287734119,4.481834432750701,1730.8377228595828,27.372335164281072,0.5933005075592672
sys_0503,3557674,3,1,1,1.0078125,5933.983929893889,4.3863113248700385,15915.012851327254,4.98611721857351,1.3644658132117753
sys_0504,8780017,2,0,1,1.194140625,6536.638337962929,4.206628011061828,0.0,55.25776572551419,0.6653802934502455
sys_0505,3239345,2,0,1,1.166015625,6129.312257846308,4.234070583544891,0.0,66.42299720918903,6.4400637467782555
sys_0506,9828434,2,0,1,0.92109375,4360.331779993561,3.6022204872618855,0.0,5.2675643631327835,0.23916224686506415
sys_0507,5734049,3,1,1,0.94453125,4166.492285895392,4.143833139560353,5255.965582309691,9.84338227285785,3.2510422544284108
sys_0508,9357643,3,1,1,1.1859375,6439.645468513967,4.20944022368825,8221.03639219683,13.663648139154946,2.589065738865086
sys_0509,4561573,3,1,1,1.1765625,6237.80435383892,4.243705481516307,4798.449471671413,12.124184859842828,2.4686073343407164
sys_0510,5455126,0,0,0,0.9328125,5903.224742055312,4.218447189641956,0.0,0.0,0.0
sys_0511,3091624,2,0,1,1.194140625,6606.739675315711,4.275995317247956,0.0,3.0323704739417314,5.632253993705953
sys_0512,1343076,2,0,1,1.1203125,4592.662260590101,4.206059743636043,0.0,4.956551025532239,1.2468126213793878
sys_0513,2229325,2,0,1,1.13671875,6339.007312438847,4.348242052475648,0.0,13.338699247936832,2.6233389892520096
sys_0514,8040059,2,0,1,1.18359375,6515.737025126759,4.195057068777218,0.0,2.964344821894055,0.654267278187355
sys_0515,9103546,3,1,1,1.0125,4329.8957047200365,3.739333385385738,937.8060363239877,5.152309276686247,1.109069767222664
sys_0516,6775342,1,1,0,1.147265625,6267.7360217688065,4.270117248940237,843.0504907067599,0.0,0.0
sys_0517,1246470,3,1,1,1.171875,4547.830538279368,3.8985800484079083,504.6085021640326,2.49360115324971,1.2304797546744186
sys_0518,5823600,3,1,1,1.034765625,5907.315527957248,4.26181349590384,3847.76399253928,9.68564014895226,0.6085077348504948
sys_0519,7380305,3,1,1,1.096875,6300.9017802506205,4.132955082879022,5118.830831866644,2.799629952271656,6.995108797249618
sys_0520,4409219,2,0,1,1.166015625,6153.295241541417,4.397393616533147,0.0,19.015553407055066,0.7056202033360457
sys_0521,9328656,3,1,1,1.14375,6118.694595507772,4.012074741623901,5706.272832817653,11.226407739443337,13.263915821509805
sys_0522,3824674,0,0,0,1.194140625,5897.613753925102,4.174413226272534,0.0,0.0,0.0
sys_0523,3179860,0,0,0,1.15546875,4500.2842399456895,3.7053070864248268,0.0,0.0,0.0
sys_0524,9821838,0,0,0,1.053515625,6218.1308703263785,4.298129577572968,0.0,0.0,0.0
sys_0525,5961856,1,1,0,1.021875,5919.053660256213,4.205374912950656,6372.364706991006,0.0,0.0
sys_0526,2073765,0,0,0,0.9890625,5660.886573164477,4.1441394863696175,0.0,0.0,0.0
sys_0527,3615657,3,1,1,1.0171875,5959.063519795866,4.479695999211849,1286.1290818863367,21.644366739302413,5.467445625061145
sys_0528,8640287,3,1,1,1.044140625,5605.248826778934,4.375330920650724,4129.196446012549,7.609451588827217,1.162759906810845
sys_0529,8463392,0,0,0,1.13671875,6338.922724284568,4.26485895525814,0.0,0.0,0.0
sys_0530,9824913,2,0,1,1.109765625,6290.760040104294,4.1671481411066535,0.0,16.55594837619263,0.7423971062367577
sys_0531,2527545,1,1,0,1.02421875,4377.98457159431,3.87269646890929,1759.1730705120242,0.0,0.0
sys_0532,9691042,2,0,1,1.091015625,6008.303782186082,4.188493558799275,0.0,6.509101878263171,0.3549323746263597
sys_0533,4332704,1,1,0,1.096875,6372.990406826757,4.3567570218623235,8852.912609483697,0.0,0.0
sys_0534,6960524,3,1,1,1.147265625,6244.399166033697,4.2467739775621,3255.763896500043,14.701421067389056,1.4620547633959458
sys_0535,8828825,1,1,0,1.053515625,5100.429644756481,4.312062913696173,10169.435531898496,0.0,0.0
sys_0536,7133302,1,1,0,1.147265625,6251.934911575468,4.386695334134285,1612.0456010092332,0.0,0.0
sys_0537,5507968,1,1,0,1.194140625,6502.332450887925,4.18730881052184,12890.800107087218,0.0,0.0
sys_0538,1504888,2,0,1,1.07109375,6088.312666226258,4.325199744453753,0.0,2.2962014365892967,0.8278350999590078
sys_0539,6236114,3,1,1,1.16484375,6134.45484268281,4.186474233817794,3120.7916806359835,42.755900619017474,0.3369166896324136
sys_0540,4477970,1,1,0,1.04296875,5773.883315339186,4.458307284230657,10754.236425365358,0.0,0.0
sys_0541,5782395,3,1,1,0.9515625,5891.927584020091,4.351753542088461,9620.647679181704,68.15755192377802,2.676601207160991
sys_0542,4774955,1,1,0,1.18828125,6121.650528801202,4.229795539348219,3019.014090968193,0.0,0.0
sys_0543,9882766,2,0,1,1.1906249999999998,6163.833526800556,4.256690251190234,0.0,26.056804577941186,3.65310037546786
sys_0544,8991955,2,0,1,1.03125,6123.427699405164,4.433712361562217,0.0,23.522890481771004,9.985506083948131
sys_0545,1866393,0,0,0,1.00078125,4990.924024816395,4.383236788237072,0.0,0.0,0.0
sys_0546,2304977,2,0,1,1.147265625,6221.555506619867,4.231235970265545,0.0,4.490946692966557,0.46698405542566435
sys_0547,7647727,2,0,1,1.16015625,5998.633132713493,4.2481995399501775,0.0,3.768421679701018,2.3011644159656033
sys_0548,4265439,3,1,1,1.18359375,6513.110160168326,4.193560543233677,11190.67834747614,77.74350614115063,0.542939465383393
sys_0549,6602853,1,1,0,1.0546875,6007.827046072323,4.2771940423169195,1476.6972620762274,0.0,0.0
sys_0550,1766753,1,1,0,1.0734375,6000.903697317986,4.20045883072468,4435.20674772823,0.0,0.0
sys_0551,5252169,3,1,1,1.081640625,6128.259250867971,4.328841063186087,1144.270202442581,11.012297027250574,0.9124056863973341
sys_0552,2543320,0,0,0,1.18828125,6172.387328745712,4.364711308317956,0.0,0.0,0.0
sys_0553,9630750,2,0,1,0.94921875,5936.1359347292755,4.400224410723188,0.0,3.1617437273708924,0.9765349028893079
sys_0554,2795870,2,0,1,0.997265625,5966.37967555578,4.3972649279816185,0.0,11.805652006838537,0.3042288380446788
sys_0555,4640955,2,0,1,0.9375,5405.493189854894,4.542274707236023,0.0,16.519926870676223,1.9974509057557257
sys_0556,9470619,3,1,1,1.1203125,6259.937476836745,4.1913432633107375,910.1619590469921,7.838183776444194,19.01538597178495
sys_0557,9106651,2,0,1,1.11328125,6145.943310684129,4.405767116161801,0.0,11.252456620251552,2.570725106141242
sys_0558,2254434,1,1,0,1.11328125,5996.874588362357,4.038550032924896,8279.863400482789,0.0,0.0
sys_0559,5646869,2,0,1,1.06875,6107.2781157990075,4.456219956224757,0.0,2.717368549940825,0.9115709880147789
sys_0560,3556971,2,0,1,1.05703125,5951.026049625114,4.376985774574313,0.0,6.866750938262851,3.860985949207847
sys_0561,8741481,3,1,1,1.194140625,6487.47941681028,4.179536852334909,2602.2299702623604,78.3972621150667,2.660958612591661
sys_0562,4180556,3,1,1,1.07109375,6047.223177861901,4.4114480385372925,946.4043320387495,2.9365472955400325,1.7918404648442647
sys_0563,3943559,3,1,1,0.95625,5749.883316022619,4.46529885098156,4350.573234091502,17.671278664918795,1.9296863398694384
sys_0564,9329146,0,0,0,1.0125,5722.3535523057135,4.4997375064548795,0.0,0.0,0.0
sys_0565,7389925,1,1,0,1.1765625,6261.857632758926,4.2664265960405015,711.8655356427158,0.0,0.0
sys_0566,6307438,0,0,0,0.9515625,5891.234652203915,4.283309377545932,0.0,0.0,0.0
sys_0567,1789537,0,0,0,1.10859375,6130.2929756869025,4.460938813677673,0.0,0.0,0.0
sys_0568,2079521,1,1,0,1.16015625,6173.436488752868,4.091603615118873,9577.291588723974,0.0,0.0
sys_0569,2325223,0,0,0,0.9421875,4392.632567655954,4.302342097797349,0.0,0.0,0.0
sys_0570,8479693,0,0,0,1.08984375,5943.179594815585,4.225920205962873,0.0,0.0,0.0
sys_0571,4725861,1,1,0,1.02890625,5894.322629097818,4.370476190425151,652.6929859992451,0.0,0.0
sys_0572,9954910,0,0,0,1.0546875,6009.3295911848645,4.353339316330871,0.0,0.0,0.0
sys_0573,4936315,2,0,1,1.0734375,4396.068266112384,3.6896057696307563,0.0,30.860317178298708,4.320237342180831
sys_0574,7855649,3,1,1,0.9070312500000001,5510.392349191778,4.518211071829044,875.4087422536797,5.51730105321555,5.604187677412481
sys_0575,5934338,1,1,0,1.194140625,6526.730550310788,4.200767770309876,7630.829478344718,0.0,0.0
sys_0576,3325692,3,1,1,0.903515625,5302.909604745045,4.5339307922679,568.0281677035514,2.923467849370613,2.3192796438511563
sys_0577,2538662,1,1,0,1.02421875,5193.978601250616,4.366071092478224,1629.2059881406233,0.0,0.0
sys_0578,6561008,0,0,0,1.147265625,6244.742769147486,4.247048655242666,0.0,0.0,0.0
sys_0579,8580223,3,1,1,1.10390625,6097.001052217263,4.05867407140681,7564.254583027995,5.816606375323167,0.7811613153336392
sys_0580,9545800,0,0,0,1.17421875,6200.155137330517,4.223958556555421,0.0,0.0,0.0
sys_0581,7739146,2,0,1,1.08046875,5908.626185583712,4.340036971271042,0.0,3.744463444949673,0.3693968343412561
sys_0582,4425763,3,1,1,1.04296875,5844.390435471143,4.252207405991763,3123.480527903334,90.1386157900919,2.412830091377991
sys_0583,5467677,2,0,1,1.14375,5553.942415396121,4.264611795457853,0.0,32.502266351349384,0.8558294838503421
sys_0584,5321919,0,0,0,1.02890625,5867.065452596199,4.198495959584683,0.0,0.0,0.0
sys_0585,9918833,3,1,1,0.96796875,5722.425714933149,4.3535779869588636,9576.451853857665,7.929586809780965,2.749457645712054
sys_0586,6924568,0,0,0,1.0640625,6295.092177781736,4.335811276913191,0.0,0.0,0.0
sys_0587,7808470,2,0,1,0.95859375,5701.375710439866,4.464835800237416,0.0,68.23922160279729,1.748810255411732
sys_0588,6818744,1,1,0,0.95625,4541.05379643848,4.36161199606908,1971.7418390081682,0.0,0.0
sys_0589,1732587,0,0,0,1.13671875,6319.071148779755,4.386241318408,0.0,0.0,0.0
sys_0590,6240272,1,1,0,1.0125,4391.476407646482,4.308148187868617,1106.1318721897912,0.0,0.0
sys_0591,9272494,1,1,0,1.17421875,6178.167306658181,4.2119798038463445,1043.4331834386742,0.0,0.0
sys_0592,2459372,1,1,0,0.99609375,5837.254506607501,4.479562070151332,15436.346251013927,0.0,0.0
sys_0593,1462181,2,0,1,1.1859375,6375.543861083632,4.0739021707390215,0.0,2.2986798161696957,4.657882930224112
sys_0594,9306363,0,0,0,0.92109375,4332.765323322208,3.7073856166754364,0.0,0.0,0.0
sys_0595,5284872,2,0,1,1.05703125,5933.633749060683,4.214358840569724,0.0,19.03766750534546,2.6181406668951293
sys_0596,6201443,2,0,1,0.98203125,6018.876905408313,4.361232676288269,0.0,12.44510544826267,0.3946364818397617
sys_0597,7200405,3,1,1,0.98671875,5903.898574251116,4.317978622289785,7659.288925281895,2.976982255232965,12.857270499435652
sys_0598,5167316,1,1,0,0.903515625,5403.1061380598685,4.48150589620289,6598.194266013838,0.0,0.0
sys_0599,7362012,3,1,1,1.08984375,4289.065614850536,3.958703664130047,730.8334113003469,39.78153015985235,1.1631727042767606
sys_0600,2124841,1,1,0,1.003125,5778.963935565862,4.511320685458422,2863.463222822492,0.0,0.0
sys_0601,5966570,0,0,0,1.06875,6151.3106918024,4.19355018531076,0.0,0.0,0.0
sys_0602,4448614,0,0,0,1.1296875,6363.919956014198,4.3184454894717,0.0,0.0,0.0
sys_0603,8223065,3,1,1,1.1906249999999998,6120.452336271846,4.422645897517892,814.9498916922848,11.880922433600915,1.5736570064947921
sys_0604,1535765,1,1,0,1.1906249999999998,6029.035210356098,4.429576818525276,6711.955436779988,0.0,0.0
sys_0605,8779704,0,0,0,1.1906249999999998,6176.366580708109,4.269057963981623,0.0,0.0,0.0
sys_0606,3017191,0,0,0,1.166015625,6119.366968813297,4.2283469477901034,0.0,0.0,0.0
sys_0607,7477497,3,1,1,0.94921875,5894.909551946825,4.450184047674219,1851.2544026673359,42.862426878328705,3.205336062009887
sys_0608,4322710,1,1,0,1.0453125,6082.370742800369,4.281925394337464,17284.35128187138,0.0,0.0
sys_0609,2642605,2,0,1,1.081640625,6025.0916561129,4.4685940211520565,0.0,20.603942018352967,2.7841645967732798
sys_0610,3877795,0,0,0,1.18828125,6166.591894536276,4.260311260721454,0.0,0.0,0.0
sys_0611,7861938,1,1,0,0.9046875,5353.61026352449,4.529722273824662,1067.3176825928954,0.0,0.0
sys_0612,7648428,2,0,1,1.16953125,6383.294386752296,4.374088018291092,0.0,2.121672053436416,0.5112103571546683
sys_0613,7303253,1,1,0,1.11328125,6151.106726117845,4.224851524619701,6677.886760426996,0.0,0.0
sys_0614,2429644,2,0,1,0.94921875,5963.2254629130775,4.285837091144616,0.0,45.09349011891384,0.6861631700832477
sys_0615,3203232,2,0,1,0.9070312500000001,5409.315477297889,4.565002831737743,0.0,15.51709432482065,2.785935629887644
sys_0616,6419509,0,0,0,1.06171875,6109.894869365293,4.257057134999837,0.0,0.0,0.0
sys_0617,6702252,3,1,1,1.15546875,6205.11497573764,4.199684346481304,683.9507864410737,19.03448961733359,0.44467627321002573
sys_0618,3471379,0,0,0,1.08046875,5828.239305271235,4.452517717636372,0.0,0.0,0.0
sys_0619,2411516,0,0,0,1.0078125,5815.776083627809,4.499559991065926,0.0,0.0,0.0
sys_0620,1101599,2,0,1,0.9421875,5867.997939215834,4.173563601503099,0.0,12.64712355569543,2.0460837216423817
sys_0621,2342494,1,1,0,1.14140625,6129.932983294408,4.2602363409666655,824.6613568404642,0.0,0.0
sys_0622,5554034,0,0,0,0.94453125,5806.861016209232,4.25953857250099,0.0,0.0,0.0
sys_0623,3557899,0,0,0,1.11328125,6145.943310684129,4.405767116161801,0.0,0.0,0.0
sys_0624,7671359,3,1,1,1.10390625,6219.726316052557,4.2245349748680825,645.0729570875478,6.771811086351904,0.433258573507193
sys_0625,5068445,3,1,1,1.1906249999999998,6163.393189581583,4.256336571645834,2374.995140055603,19.883475137908206,3.3831605215180547
sys_0626,6059458,2,0,1,1.109765625,4518.076504887413,3.9905902002496405,0.0,31.479302203032976,2.065503699304197
sys_0627,9970372,2,0,1,1.09453125,6229.442047215188,4.217859233990681,0.0,34.26516690853925,0.56770430046589
sys_0628,3412011,2,0,1,1.04296875,5740.701223809474,4.481629475369282,0.0,5.396054570705909,1.3406845660461142
sys_0629,2063501,1,1,0,1.08984375,5972.500154855903,4.3292296842803735,6353.815445362714,0.0,0.0
sys_0630,9043432,0,0,0,1.1906249999999998,6074.257606131063,4.203853898788879,0.0,0.0,0.0
sys_0631,1328081,3,1,1,1.05703125,5933.633749060683,4.214358840569724,703.3325563399007,6.771508015596812,1.964380568589714
sys_0632,7985180,0,0,0,1.0078125,5792.9143055354625,4.51392667996562,0.0,0.0,0.0
sys_0633,3659681,1,1,0,1.044140625,5807.289122790527,4.138456463734848,6550.459922777842,0.0,0.0
sys_0634,2146709,3,1,1,1.08515625,6265.533830785336,4.384100314943737,1013.4889007056184,32.069490436768945,0.4926002635255521
sys_0635,9872798,2,0,1,1.1859375,6374.182719314613,4.174486630154952,0.0,4.49526461263649,0.7093795335320682
sys_0636,2895168,0,0,0,0.928125,4152.33193656277,3.793919071927441,0.0,0.0,0.0
sys_0637,4410804,3,1,1,1.06640625,6004.8467926681615,4.2746023261767,3792.494684771411,13.112165586345514,1.4942866865534683
sys_0638,5409347,1,1,0,1.06875,6101.123095517264,4.46147528607108,10799.604066543585,0.0,0.0
sys_0639,5798804,0,0,0,1.17421875,6114.842565150409,4.0656516250239605,0.0,0.0,0.0
sys_0640,5168689,3,1,1,0.94453125,4895.68095033328,4.393618520886745,16566.434411842558,86.38470091099055,1.4462571150371029
sys_0641,7173610,0,0,0,1.17421875,6259.243873499966,4.27029192555625,0.0,0.0,0.0
sys_0642,9877515,0,0,0,1.1906249999999998,6136.047800128971,4.4127221830700325,0.0,0.0,0.0
sys_0643,4628188,1,1,0,1.0125,5837.634486346307,4.396823901995441,954.8212818904794,0.0,0.0
sys_0644,7046555,0,0,0,1.01015625,5843.011303198604,4.380426436542538,0.0,0.0,0.0
sys_0645,4890675,0,0,0,0.922265625,4563.412185495722,4.382722351215221,0.0,0.0,0.0
sys_0646,4972282,0,0,0,1.18359375,6407.752307432581,4.026680858759859,0.0,0.0,0.0
sys_0647,8329449,0,0,0,0.928125,5293.633372084656,4.568283819304757,0.0,0.0,0.0
sys_0648,6556693,0,0,0,1.0921875,4437.211710952004,3.871774127634896,0.0,0.0,0.0
sys_0649,3691531,0,0,0,0.92109375,5581.531581619736,4.5449441246844255,0.0,0.0,0.0
sys_0650,8821529,1,1,0,1.14140625,6091.234755923027,4.177947508007023,19285.708954618192,0.0,0.0
sys_0651,9298270,1,1,0,1.16015625,5561.002831124708,4.273508948157556,1422.8366719519342,0.0,0.0
sys_0652,3014556,3,1,1,0.9046875,5564.528895857222,4.312638448052871,3019.042652011995,12.502889733193927,1.2653827619008369
sys_0653,4293244,2,0,1,1.14375,4555.931810577914,3.589156021226198,0.0,22.155337915438313,1.0692427920562901
sys_0654,8731830,1,1,0,1.0453125,6049.75215408708,4.4101258304386155,2405.2897141374037,0.0,0.0
sys_0655,1698176,2,0,1,1.034765625,5839.247451139616,4.455778309179002,0.0,50.3367967631803,4.234077473507562
sys_0656,6917391,3,1,1,1.18359375,6564.241050962778,4.226397881142225,3782.4422815673097,84.38605199092213,0.9811042478611712
sys_0657,8628126,2,0,1,1.1847656249999998,6296.820303034756,4.176555510808322,0.0,66.88709334941284,0.6332449313434516
sys_0658,2678356,0,0,0,1.0640625,6262.606983100474,4.402839594258393,0.0,0.0,0.0
sys_0659,9193406,0,0,0,1.1765625,6253.752532929997,4.257195667585281,0.0,0.0,0.0
sys_0660,2174109,1,1,0,1.14375,6269.129181844631,4.166849531235949,757.5633778017889,0.0,0.0
sys_0661,9083121,0,0,0,1.16015625,6210.228159079936,4.13406777122625,0.0,0.0,0.0
sys_0662,6064252,3,1,1,0.997265625,5895.339888177842,4.472505705688959,2139.0464644562326,7.81973445601863,1.7609263912336839
sys_0663,7794225,0,0,0,0.975,5289.123671375286,4.3663870003781176,0.0,0.0,0.0
sys_0664,7308354,3,1,1,1.17421875,6213.374699020176,4.231691593468137,1332.4095111349113,42.251136620515354,0.6897213802008754
sys_0665,5144747,2,0,1,1.1765625,6198.719531311757,4.219356606985787,0.0,54.64924452341515,4.5267812566598
sys_0666,1947730,0,0,0,0.99609375,4326.3732082097295,3.886390191013044,0.0,0.0,0.0
sys_0667,7845811,1,1,0,1.1765625,6261.666255229769,4.266170014768018,2562.7792238831717,0.0,0.0
sys_0668,3540643,1,1,0,0.903515625,5271.3555904062605,4.547355321610841,1591.3731513011523,0.0,0.0
sys_0669,2151513,3,1,1,1.16484375,6107.158247031991,4.367844188846702,2009.3513426344007,78.67952370129312,2.7645096302541683
sys_0670,4621536,2,0,1,1.003125,5817.709210206309,4.486386698982229,0.0,2.6615361666974784,0.6751249178849541
sys_0671,1911684,1,1,0,1.08046875,5329.192195656297,4.358002359212743,633.3885446272872,0.0,0.0
sys_0672,2061853,0,0,0,0.98671875,5854.363979322533,4.425710111482253,0.0,0.0,0.0
sys_0673,6155935,2,0,1,1.003125,4269.127163270145,4.002314073611645,0.0,6.7068262050191025,4.755637780478939
sys_0674,7512667,3,1,1,1.1906249999999998,6188.886949415263,4.2927032394198585,1686.1097651750254,49.67038398352525,2.4152811181268152
sys_0675,8250710,3,1,1,1.06875,6154.907515199423,4.200882290597584,7097.1095872782535,41.13206467340203,1.8271696786980978
sys_0676,4225073,2,0,1,1.15546875,6234.176709970716,4.376047706575268,0.0,24.39308490867417,1.6391730881613165
sys_0677,2336800,3,1,1,1.0078125,4357.291636643171,3.8324429369719617,3803.10013222593,87.61700763556163,1.1255175419381513
sys_0678,2368113,2,0,1,0.978515625,5854.886422601658,4.373247479373052,0.0,13.325254802953054,0.37151387349546516
sys_0679,8091397,2,0,1,0.922265625,5768.410595123419,4.32550795568882,0.0,56.611265651059064,1.2737784599946047
sys_0680,6102889,2,0,1,0.9421875,5810.365133408042,4.482436202539833,0.0,2.0077114382031462,16.229209808362246
sys_0681,9316973,1,1,0,1.194140625,6545.899187613735,4.212432765026796,10887.788599942425,0.0,0.0
sys_0682,1883014,3,1,1,1.1859375,6359.185870275642,4.166350639332706,945.5873496095367,2.451542853871392,2.4453746565472745
sys_0683,1068447,1,1,0,1.034765625,5758.81954829109,4.506948417290957,8763.371288266826,0.0,0.0
sys_0684,4583987,1,1,0,1.171875,6204.0639852481245,4.032434747898372,979.3153521373333,0.0,0.0
sys_0685,7258078,1,1,0,0.97734375,5523.151126546266,4.532397794622437,1187.9266499963696,0.0,0.0
sys_0686,7349242,3,1,1,1.06875,6110.613665517905,4.453289553973247,846.3415462129959,39.78049567783725,1.0427578854550963
sys_0687,5342238,3,1,1,1.147265625,6246.3441917269765,4.24828472677197,4503.722338899318,7.1085187018395715,4.34081890539762
sys_0688,7365673,1,1,0,0.98671875,5903.2984261453,4.33075028492217,11861.83281872587,0.0,0.0
sys_0689,6245843,0,0,0,1.1953125,6487.195220363547,4.220033494955713,0.0,0.0,0.0
sys_0690,9629814,0,0,0,0.97734375,5674.064396550669,4.432773500237205,0.0,0.0,0.0
sys_0691,3571471,2,0,1,1.053515625,6218.371355536255,4.301330056110211,0.0,3.7579124971787325,1.4753658589301843
sys_0692,4574683,1,1,0,0.92578125,5412.644228024149,4.5451421771929,7564.835001963399,0.0,0.0
sys_0693,5933869,3,1,1,1.14375,6152.955710084034,4.037594906615767,4394.477975628887,85.04125449856681,0.8476378940349064
sys_0694,6378687,2,0,1,0.94921875,5942.004388120239,4.390744206233968,0.0,25.829395570121573,0.7574090403990851
sys_0695,3752339,2,0,1,1.18359375,6527.574134705739,4.20194906086706,0.0,9.29946148248055,0.19465714526269187
sys_0696,9266731,1,1,0,1.1859375,6464.1801182723675,4.225210733960236,2652.0038951566676,0.0,0.0
sys_0697,2240181,1,1,0,1.115625,5955.639292486599,4.4672075995111795,17008.99379191646,0.0,0.0
sys_0698,9936640,0,0,0,0.94453125,5674.892401745479,4.50146369007805,0.0,0.0,0.0
sys_0699,1185360,2,0,1,0.984375,5905.55195504139,4.4333389264935175,0.0,16.7645299474875,5.332857297965164
sys_0700,5339001,2,0,1,1.1859375,4613.067470943123,3.53547460620062,0.0,4.801472695470888,2.6741648641993394
sys_0701,3651228,0,0,0,0.9890625,5738.31095742022,4.273485848525209,0.0,0.0,0.0
sys_0702,4994762,3,1,1,0.97265625,5972.01261371031,4.234904407318803,8417.307384943068,23.18238603232095,0.47455823702882527
sys_0703,1961827,1,1,0,1.18828125,6164.057000916862,4.258010121467499,1289.6738592199702,0.0,0.0
sys_0704,3968016,3,1,1,1.16484375,6006.024324574566,4.046679763784163,13713.122457829813,2.2385734861471205,3.1295287360667903
sys_0705,3713965,0,0,0,1.091015625,5927.382654051052,4.093089459685812,0.0,0.0,0.0
sys_0706,6566861,2,0,1,1.166015625,6170.258175776238,4.263017914534144,0.0,5.738232888560082,3.20261547005778
sys_0707,5636278,0,0,0,1.18359375,6577.238275752284,4.237323386190084,0.0,0.0,0.0
sys_0708,2293097,2,0,1,1.003125,5938.485918950486,4.327227034397992,0.0,7.7049546277596805,0.6545062974379147
sys_0709,7537181,3,1,1,1.01015625,5858.992284530958,4.310870888802227,17757.810415772685,5.458568968108804,5.912164798698309
sys_0710,8985494,0,0,0,1.16015625,6243.175983202328,4.418057825165079,0.0,0.0,0.0
sys_0711,8473324,0,0,0,1.156640625,6067.840891355569,4.429331012543775,0.0,0.0,0.0
sys_0712,3006970,1,1,0,0.94453125,4213.955679963779,3.9609577381722665,1494.477114930163,0.0,0.0
sys_0713,9876719,3,1,1,1.16484375,6109.150422108721,4.441151220514687,5992.117301784629,5.7904050935324065,2.480102751519309
sys_0714,5345695,3,1,1,0.95625,5838.568235398025,4.308662166828329,1100.1055756044198,2.9666750601070393,1.5311841398138895
sys_0715,8798547,1,1,0,1.147265625,6265.704073557443,4.267297267522597,18796.740045058203,0.0,0.0
sys_0716,7042230,2,0,1,0.98203125,6025.01208908043,4.286809248673699,0.0,73.50562289417765,9.853073389277403
sys_0717,5116149,3,1,1,1.17421875,6265.362644284395,4.281231932082988,8672.391263363377,6.043369704790561,2.110197169946573
sys_0718,5515637,3,1,1,1.1203125,6298.856854829976,4.358796956390184,1052.9773813379502,25.61804405544039,3.290432464768212
sys_0719,7899428,3,1,1,0.928125,5531.36454274625,4.436569570440303,15618.1377641404,14.508137655125804,8.824651080350131
sys_0720,8595023,1,1,0,0.9890625,5641.4869211782625,4.473518569859858,2615.8525525337536,0.0,0.0
sys_0721,4155849,0,0,0,0.978515625,5869.269480204639,4.328621854551083,0.0,0.0,0.0
sys_0722,2279446,1,1,0,1.1578125,4596.2382811069965,4.233039557984206,666.6043453170221,0.0,0.0
sys_0723,6499254,3,1,1,0.922265625,5674.411999189905,4.468805151373019,15852.083913447881,84.00843687078341,2.3909463033044163
sys_0724,8599090,2,0,1,1.034765625,5772.894193939457,4.501350510103289,0.0,4.49285954237245,0.21047442689032597
sys_0725,4263880,3,1,1,1.0359375,5646.742716235408,4.506217823740427,6736.1101737879435,86.68563023905031,0.20453155131500084
sys_0726,7706594,0,0,0,1.08515625,6288.491208234306,4.3240746362752756,0.0,0.0,0.0
sys_0727,7075113,1,1,0,1.10859375,4464.6088978559765,4.134518730383957,16980.422653436795,0.0,0.0
sys_0728,4295232,2,0,1,0.97734375,5540.933224542541,4.523632559766994,0.0,4.2240334419285315,3.4434845366928597
sys_0729,7499728,3,1,1,0.90234375,5519.960910447441,4.523305207077575,6478.561101569014,2.3974940579484847,6.8763483595194215
sys_0730,1085279,0,0,0,1.1859375,6480.104702432882,4.237496357698709,0.0,0.0,0.0
sys_0731,9068472,3,1,1,1.0640625,6296.157432548808,4.281315411671715,579.4916696678105,37.23133132850061,4.651863308883319
sys_0732,9771290,3,1,1,1.1859375,6464.888771416855,4.225703568765128,1231.3481468764066,52.1629395092228,3.6764970890896187
sys_0733,8931836,1,1,0,1.194140625,6594.35350706262,4.253613285992993,13500.7749138557,0.0,0.0
sys_0734,5983056,2,0,1,1.04765625,6212.014968142595,4.332523519788666,0.0,8.615755372076668,0.7547182721010613
sys_0735,6193662,2,0,1,0.9609375,5575.921379411127,4.539348309019238,0.0,12.354788614143226,0.7802993346754127
sys_0736,1359537,0,0,0,0.9609375,5783.812606587397,4.282010766744479,0.0,0.0,0.0
sys_0737,1707275,0,0,0,1.04765625,6188.4397846496395,4.390222893593094,0.0,0.0,0.0
sys_0738,2776454,2,0,1,1.1953125,6444.696823578383,4.160752926418432,0.0,26.246734357837205,0.40237993171340336
sys_0739,2673586,0,0,0,0.978515625,5819.60494719481,4.179742816125812,0.0,0.0,0.0
sys_0740,8470938,1,1,0,0.95625,5648.424900743973,4.530701797406369,2945.308559747978,0.0,0.0
sys_0741,4691501,1,1,0,1.0640625,6136.042385607134,4.0499926025373725,3766.3424013738545,0.0,0.0
sys_0742,8598498,2,0,1,1.1015625,5911.4809428785575,4.374251927278954,0.0,40.860785867085795,0.5420893399826071
sys_0743,5019307,2,0,1,1.0078125,5941.189162468544,4.372256739537631,0.0,85.0226944053923,0.39235860732179734
sys_0744,2241488,2,0,1,1.11328125,6177.4533086148895,4.355207316171736,0.0,6.7181681359177565,0.6642821335380331
sys_0745,6887196,1,1,0,0.9421875,5867.374877943466,4.4290330281562245,4074.4635823107146,0.0,0.0
sys_0746,9632003,1,1,0,0.95625,5615.9630738266405,4.547589393423772,5710.806759821009,0.0,0.0
sys_0747,4363705,1,1,0,1.14375,6336.333780954922,4.2903667540787955,3581.4857095981906,0.0,0.0
sys_0748,9658573,0,0,0,1.1906249999999998,6180.9941304669455,4.353111926455564,0.0,0.0,0.0
sys_0749,2931400,3,1,1,1.0125,4365.026634880914,3.5858396235081647,7547.06849803002,54.837268905794204,2.924060599918849
sys_0750,4083399,3,1,1,1.17421875,6224.865368577799,4.239009683666473,10915.759560071077,3.6073131076937237,1.6233623741506944
sys_0751,1503393,2,0,1,1.13671875,5554.013464797957,4.274384539426141,0.0,2.3994895264275113,7.055965489536285
sys_0752,7299339,1,1,0,0.98203125,5965.841223861248,4.441653409223683,4629.761739493023,0.0,0.0
sys_0753,8765543,2,0,1,1.10859375,6160.423995789059,4.444381770285159,0.0,20.834951212136456,3.1049314974078794
sys_0754,1809395,1,1,0,1.1484375,4481.996418916999,3.8572441342309913,787.8011932252758,0.0,0.0
sys_0755,5136722,3,1,1,1.18828125,6137.15637173702,4.238867955405243,19910.580169743705,4.882609136152796,0.7264266070288048
sys_0756,3798151,1,1,0,1.147265625,6268.523555323425,4.271296310414376,965.3749619624087,0.0,0.0
sys_0757,6417320,2,0,1,1.1847656249999998,6335.279123576515,4.377425952103161,0.0,40.7914651232415,0.883290761849129
sys_0758,8069237,1,1,0,1.147265625,6256.765532156215,4.257323417395136,1418.5561133355118,0.0,0.0
sys_0759,9964881,2,0,1,1.00078125,5771.6466186093185,4.475133670726557,0.0,41.25845101918118,2.3149403526054164
sys_0760,2279225,0,0,0,1.1906249999999998,5213.006535716952,4.2879486792876635,0.0,0.0,0.0
sys_0761,5354361,0,0,0,1.147265625,6229.209789259585,4.236090588233047,0.0,0.0,0.0
sys_0762,5882031,3,1,1,1.18359375,6595.7084193518485,4.258746061331247,2462.1032952399814,25.25036669490391,0.8141057925260294
sys_0763,4948315,1,1,0,1.17421875,6188.496128399593,4.217510352184966,6189.189665841556,0.0,0.0
sys_0764,2067560,3,1,1,0.922265625,5732.246311508072,4.410077087799208,1313.803791846635,61.105482402046626,3.7195013677824598
sys_0765,3899552,2,0,1,0.9609375,5586.552142480806,4.5339064074729265,0.0,3.3425727460667303,1.0119465792186648
sys_0766,6343961,1,1,0,1.021875,5932.888622964855,4.240843781450864,16438.69792724373,0.0,0.0
sys_0767,8671825,2,0,1,1.1203125,6310.73987493048,4.301513283475388,0.0,68.83725192900265,0.47658741718861475
sys_0768,3067407,3,1,1,1.0546875,5935.5028493566215,4.454286360118901,3645.5229795102164,19.67375295395848,1.4416473496988569
sys_0769,4973697,2,0,1,1.109765625,6334.366134717315,4.249815807339697,0.0,5.462049723749909,5.100358425266629
sys_0770,6657765,3,1,1,1.0734375,5950.085325205996,4.127164685058415,3491.2699363435086,16.034131309733276,0.9661283695369478
sys_0771,8255011,1,1,0,1.1203125,4483.9133796186015,4.035368330847718,2075.4928182442095,0.0,0.0
sys_0772,5534864,1,1,0,0.9890625,5743.935550961625,4.3439419001382475,5394.487136355947,0.0,0.0
sys_0773,8466620,2,0,1,1.1847656249999998,6355.235280033678,4.271268177151003,0.0,27.634915270336798,1.9076786503134733
sys_0774,1614636,0,0,0,1.18828125,6042.732270317314,4.078534666852082,0.0,0.0,0.0
sys_0775,7641013,0,0,0,1.003125,4355.908697929129,3.7291197660600846,0.0,0.0,0.0
sys_0776,4280601,2,0,1,0.9515625,5726.743291746151,4.51980573788657,0.0,15.033909032473343,2.149022784585604
sys_0777,1867165,1,1,0,0.9375,5629.266566254516,4.368945722812525,1806.0874666078414,0.0,0.0
sys_0778,8272261,3,1,1,0.96796875,5660.402528047604,4.443759954305805,949.7179386278492,4.883468490942828,0.6848861068794951
sys_0779,1309656,1,1,0,1.0171875,6042.44704445135,4.394823596891192,10995.860564810935,0.0,0.0
sys_0780,5563261,0,0,0,0.9070312500000001,5521.163069540851,4.512347152968546,0.0,0.0,0.0
sys_0781,7342951,1,1,0,1.1906249999999998,6168.565868923191,4.260876237000684,11421.346914742944,0.0,0.0
sys_0782,6389404,3,1,1,1.18359375,6570.939336410952,4.388786776399738,8294.932334058663,7.548793854470688,1.596184973177775
sys_0783,4014949,3,1,1,1.0359375,5726.924480097768,4.453461125634138,3827.900052796231,14.468616470553748,2.008006344101578
sys_0784,8663955,1,1,0,1.08046875,5909.5119270071955,4.305921145461927,7090.337348346169,0.0,0.0
sys_0785,8070986,2,0,1,1.06171875,4556.5890339556045,4.2662653849659415,0.0,41.246895557402716,0.5753310287958577
sys_0786,5428631,1,1,0,1.171875,6348.353754036874,4.207383398935305,3608.681428590971,0.0,0.0
sys_0787,1275141,3,1,1,0.903515625,4032.6135649088887,4.311500697233523,1133.2793445720515,5.6811486161651095,1.312756055607003
sys_0788,9463105,0,0,0,1.09453125,6240.428813754065,4.24242171232947,0.0,0.0,0.0
sys_0789,6141425,1,1,0,0.9890625,5728.286334701226,4.237132833558102,779.8002233503722,0.0,0.0
sys_0790,8077027,0,0,0,1.166015625,6126.644057556417,4.232522345228787,0.0,0.0,0.0
sys_0791,3402455,0,0,0,1.1906249999999998,6147.804991051046,4.244877047932284,0.0,0.0,0.0
sys_0792,5665263,1,1,0,1.10625,6002.652647963925,4.100070891767635,1518.127180065703,0.0,0.0
sys_0793,5684188,0,0,0,1.0921875,6214.016593748436,4.296145250262861,0.0,0.0,0.0
sys_0794,4908133,2,0,1,1.0546875,5928.556075356431,4.132781218173551,0.0,3.021006503624363,0.57653199731628
sys_0795,2052912,0,0,0,0.92109375,5594.797185979539,4.538407081854769,0.0,0.0,0.0
sys_0796,1803251,3,1,1,1.02890625,4511.786811090382,4.322135374127899,6510.9558120456395,9.335768890365836,0.719311142683842
sys_0797,4808390,1,1,0,1.18828125,6176.402375641446,4.356846085814566,523.0324670887394,0.0,0.0
sys_0798,5623959,1,1,0,1.02890625,5774.341698777324,4.491751804355346,1112.2129047568772,0.0,0.0
sys_0799,2484442,2,0,1,1.06171875,5965.003205855692,4.060702949338511,0.0,44.89882329249974,0.6960083805358498
sys_0800,6992031,0,0,0,1.1953125,6482.923655791453,4.217005085425736,0.0,0.0,0.0
sys_0801,8537941,0,0,0,1.08515625,6245.969837959042,4.411263343768255,0.0,0.0,0.0
sys_0802,6513111,3,1,1,1.034765625,5827.179551351185,4.465104705759687,719.7815148107861,2.891710942067011,0.3203325266746987
sys_0803,5586684,2,0,1,1.194140625,6508.808957955574,4.190774746178439,0.0,24.531364788912523,2.951068751860298
sys_0804,3902746,2,0,1,1.04765625,6161.668882548862,4.425526975101428,0.0,72.1287872141268,1.0783040299705393
sys_0805,9840477,1,1,0,0.94921875,5965.6116306605345,4.295298851520255,16230.673286196276,0.0,0.0
sys_0806,5601739,1,1,0,1.081640625,5990.304275716286,4.471378187596806,10706.85950955092,0.0,0.0
sys_0807,4989902,1,1,0,1.02890625,5795.0972336048335,4.477894561154796,18476.303747333,0.0,0.0
sys_0808,7599294,1,1,0,1.1203125,6145.641287472053,4.052544108645029,13482.758767593084,0.0,0.0
sys_0809,5763922,3,1,1,0.9304687500000001,5853.1939690463105,4.38321530021498,7965.5747434992745,11.342259724331958,3.4319743161674063
sys_0810,6468047,1,1,0,1.194140625,6521.192410928825,4.197611120940267,3965.2030743989826,0.0,0.0
sys_0811,8669552,0,0,0,1.10390625,6243.288580642562,4.361663452935683,0.0,0.0,0.0
sys_0812,8003539,2,0,1,1.0640625,6297.941373430144,4.289215580903312,0.0,8.353793759301348,0.47510206250829917
sys_0813,1119436,3,1,1,1.04296875,5858.627166597458,4.348178421854607,8274.441986058198,14.318515857768222,2.4621599978058177
sys_0814,6475234,1,1,0,1.1765625,6264.478888521534,4.2701333393222365,2520.422510378116,0.0,0.0
sys_0815,4603480,0,0,0,1.044140625,4339.900004635039,3.748203924766006,0.0,0.0,0.0
sys_0816,5350015,0,0,0,1.166015625,6163.826562093754,4.257269284567523,0.0,0.0,0.0
sys_0817,4740215,1,1,0,1.17421875,6259.919759657564,4.271287400982165,8119.30539211849,0.0,0.0
sys_0818,7978905,1,1,0,1.05703125,5932.701685912664,4.2121974513046325,4915.30168662037,0.0,0.0
sys_0819,7193565,3,1,1,1.109765625,6139.2279182067105,4.013615486709394,1557.0419753687336,28.916681892592624,5.160178483587194
sys_0820,1305103,2,0,1,1.021875,5922.567918257665,4.4037649521877125,0.0,17.52956383901364,1.0501537963255625
sys_0821,9020585,1,1,0,1.06875,6148.371994547284,4.414908278012118,1076.6890355846754,0.0,0.0
sys_0822,6606375,0,0,0,1.13671875,6345.77826712069,4.32343394736355,0.0,0.0,0.0
sys_0823,2377642,0,0,0,1.17421875,6231.145012122459,4.397630520338359,0.0,0.0,0.0
sys_0824,5520190,1,1,0,1.10625,6047.474770574182,4.4388788782801365,587.836903183475,0.0,0.0
sys_0825,1868936,1,1,0,0.97265625,4371.997145702933,3.828498853543838,1008.252365679066,0.0,0.0
sys_0826,4117536,2,0,1,1.00078125,5823.915352296202,4.428336185340243,0.0,23.27114027460087,6.950288018621035
sys_0827,5938082,0,0,0,0.922265625,5768.410595123419,4.32550795568882,0.0,0.0,0.0
sys_0828,2660629,2,0,1,1.10859375,6210.228531825595,4.234065643807596,0.0,2.514240887112338,1.7846088834931908
sys_0829,5322215,0,0,0,0.997265625,5812.2976120326875,4.529983838961878,0.0,0.0,0.0
sys_0830,5089165,2,0,1,0.9515625,5883.210957705659,4.372872561048826,0.0,39.317287098460504,2.7029799812779984
sys_0831,4984366,3,1,1,1.1015625,5925.48755264694,4.326609802308054,5698.858638068089,2.291048105224851,4.934532782166123
sys_0832,4320461,2,0,1,1.18828125,6184.6042349675445,4.2867009257097575,0.0,75.49546188636155,2.390970257991813
sys_0833,5035912,3,1,1,1.08984375,5868.140353447596,4.1170998900735265,2982.484093069235,2.3509585109555347,2.1908038538053662
sys_0834,7932676,3,1,1,0.928125,5568.767831598655,4.39249054136845,3495.5180200774635,5.908877301103434,1.0251407072082979
sys_0835,3095270,2,0,1,0.95859375,5699.762382690147,4.130483120515111,0.0,3.328994454979272,1.3874314003194677
sys_0836,6363864,3,1,1,1.18359375,6558.79691780087,4.222301368880204,1091.0289879045981,60.85374649513162,1.8709006260824002
sys_0837,7129457,1,1,0,1.1847656249999998,6360.904315295758,4.296786088386912,7793.492925117285,0.0,0.0
sys_0838,9410475,0,0,0,0.922265625,5612.1919832204685,4.510712719316397,0.0,0.0,0.0
sys_0839,1490582,2,0,1,1.1765625,6252.8253687097495,4.256273324332332,0.0,37.53920923180438,0.9125727430122991
sys_0840,7403299,0,0,0,1.156640625,6127.375158715998,4.352221510368559,0.0,0.0,0.0
sys_0841,6672364,3,1,1,0.997265625,5952.99468944528,4.190322247500906,3180.016693146339,12.533264805637689,1.270453550752132
sys_0842,2947114,0,0,0,1.08984375,5959.698395141214,4.274426512435055,0.0,0.0,0.0
sys_0843,4377375,1,1,0,1.16484375,6181.8017929782445,4.349843962340651,7926.4470049179845,0.0,0.0
sys_0844,8892191,2,0,1,1.156640625,4458.394427215098,3.574891403012473,0.0,12.430114894193965,1.1226226295542368
sys_0845,1576717,2,0,1,1.1859375,6508.023243441843,4.340208700965669,0.0,53.87172315427719,1.380119639148112
sys_0846,8185368,0,0,0,1.081640625,6033.142561129508,4.462218051901568,0.0,0.0,0.0
sys_0847,6104603,0,0,0,1.08515625,6287.631359933052,4.283029268630547,0.0,0.0,0.0
sys_0848,5466251,0,0,0,0.922265625,5601.053089569579,4.517045961558755,0.0,0.0,0.0
sys_0849,1802635,2,0,1,1.194140625,6452.717819526925,4.161482949425485,0.0,86.86376576982963,0.8629976723248857
sys_0850,5017632,1,1,0,1.11328125,6185.217846488157,4.295318214459857,2258.6881091847426,0.0,0.0
sys_0851,9569977,3,1,1,1.0453125,5969.759893684688,4.482887189554554,13809.206255659188,21.115639343855804,1.1772806025763725
sys_0852,6369815,1,1,0,1.01015625,5856.698124439673,4.346644657879367,12493.182251650092,0.0,0.0
sys_0853,2806933,3,1,1,1.034765625,5902.444964364828,4.38668963983926,11966.748985425695,27.49536386305001,1.7282490144481826
sys_0854,4912851,3,1,1,1.0359375,5787.695243895784,4.240619069737738,6018.999575577583,8.241758256834379,8.627886743892729
sys_0855,5180162,1,1,0,1.18828125,6173.173280481336,4.267141237591048,503.2808165892164,0.0,0.0
sys_0856,4683725,2,0,1,1.05703125,5958.888146184221,4.359067755873746,0.0,5.710072525106982,0.32298175296470666
sys_0857,1834952,3,1,1,0.9890625,5725.848962607875,4.387091214349858,520.4192571942453,53.247706219298934,0.8871384632561187
sys_0858,5580577,2,0,1,0.984375,5850.860377924356,4.11291835576324,0.0,10.880535860266768,0.5070042785203543
sys_0859,2454738,3,1,1,1.1847656249999998,6360.069636545717,4.2886253514804,10793.251763161335,31.77195519917859,0.5020028972204791
sys_0860,4391199,3,1,1,0.96796875,5585.2590820620035,4.498644740669767,10354.279157363966,82.84275242657417,1.8757957980533189
sys_0861,5317432,2,0,1,0.98671875,4353.707283787165,3.605705867441229,0.0,27.431694048279315,2.0176554643836173
sys_0862,7532998,3,1,1,0.9070312500000001,5461.627438434667,4.542201808718165,11567.312544369079,18.29375844037349,2.934154563782915
sys_0863,4443301,1,1,0,0.96796875,5610.182489512162,4.482988213709847,2108.271500682923,0.0,0.0
sys_0864,7533287,0,0,0,1.16015625,5393.264670544367,4.283352081969516,0.0,0.0,0.0
sys_0865,4238447,3,1,1,1.14375,6306.28516052497,4.389947439300783,4422.145559280003,23.928436625095795,7.101760001149723
sys_0866,8791971,2,0,1,1.147265625,4760.10175278739,4.258146644824542,0.0,2.0481175053640457,0.8792595944008872
sys_0867,6801089,3,1,1,0.984375,4455.132617580161,3.5069658320307866,1169.1235718809376,84.92374413274634,1.4078864883281577
sys_0868,6874450,0,0,0,0.94453125,5787.643883686962,4.3991691841685086,0.0,0.0,0.0
sys_0869,5402871,3,1,1,1.06640625,6015.239878227508,4.3050827032436025,787.565392721332,32.97033001335544,0.8660600220497291
sys_0870,7530184,3,1,1,0.9304687500000001,5790.300651059311,4.4604429505537775,13893.059833552516,19.59938607760133,1.0650350284442092
sys_0871,6459729,1,1,0,1.1765625,6261.483763472986,4.265932872078922,2631.8266335900066,0.0,0.0
sys_0872,8520746,0,0,0,1.08515625,6276.43676604317,4.363927241117372,0.0,0.0,0.0
sys_0873,1338177,0,0,0,0.978515625,5775.277957438566,4.130684270838531,0.0,0.0,0.0
sys_0874,2792641,0,0,0,0.98671875,5799.903199834664,4.47427647510721,0.0,0.0,0.0
sys_0875,1703621,1,1,0,1.003125,5917.7608783514515,4.386762015904562,914.8861100693117,0.0,0.0
sys_0876,2586921,3,1,1,1.171875,6372.047380994936,4.243609810304326,6138.782495348479,2.334950034356027,8.068091334449658
sys_0877,2316881,0,0,0,1.021875,4286.253932045731,3.9108222474004872,0.0,0.0,0.0
sys_0878,7132869,2,0,1,0.92109375,5784.955963402349,4.242149691577874,0.0,36.84117402264999,0.8043291869535559
sys_0879,9015708,1,1,0,1.1203125,6307.879523568274,4.3309435202281295,19280.98193892508,0.0,0.0
sys_0880,8091316,0,0,0,0.9375,5593.703627192268,4.421054279852134,0.0,0.0,0.0
sys_0881,6745401,0,0,0,1.109765625,6336.590667535344,4.365965479794414,0.0,0.0,0.0
sys_0882,2043874,0,0,0,1.02890625,5907.154648011852,4.319997043055375,0.0,0.0,0.0
sys_0883,5602564,1,1,0,1.18359375,5705.491097163748,4.204405958271908,10047.820904072023,0.0,0.0
sys_0884,6290634,3,1,1,1.04765625,6214.303253072895,4.286951638170391,5738.533290128274,3.5118134453122236,1.5052791456023276
sys_0885,5325891,1,1,0,1.147265625,6246.781697990772,4.248644096830895,2461.293235583156,0.0,0.0
sys_0886,7364148,0,0,0,1.1847656249999998,6347.459539601624,4.356648936792447,0.0,0.0,0.0
sys_0887,9601110,0,0,0,0.97265625,5918.401020001909,4.451360473326469,0.0,0.0,0.0
sys_0888,3336867,2,0,1,0.92578125,5421.365813574854,4.541337894486321,0.0,4.798861864539198,0.4391328074735455
sys_0889,7130571,2,0,1,1.0546875,5989.638326926072,4.226172272684695,0.0,46.53342333337431,3.1529386170368854
sys_0890,4667040,1,1,0,0.9515625,5793.609364344661,4.476583962501072,860.845908589051,0.0,0.0
sys_0891,4446147,0,0,0,1.171875,6384.794083818283,4.3529002280025075,0.0,0.0,0.0
sys_0892,9503577,3,1,1,1.08046875,5888.213740157441,4.242768479861685,6049.621903369657,6.062940365193448,3.8971883013411834
sys_0893,6942195,3,1,1,1.1296875,4552.920751693658,3.8079262892433365,11061.727145848527,61.90147853874152,2.278167670451773
sys_0894,4668312,1,1,0,1.07109375,5989.472439955835,4.117736999622549,2020.5551887009278,0.0,0.0
sys_0895,4606145,3,1,1,1.1578125,4423.715990497848,4.134751130076974,2493.036158940868,2.332195399904066,2.414645183181387
sys_0896,6478618,0,0,0,1.1906249999999998,6179.434305421605,4.272981756051449,0.0,0.0,0.0
sys_0897,5611465,0,0,0,1.14140625,4429.087320930911,4.187916282367128,0.0,0.0,0.0
sys_0898,6618553,3,1,1,1.147265625,6244.349199163829,4.246733567058707,14644.335089569044,14.46343026518184,0.977269002894742
sys_0899,2687332,0,0,0,1.1859375,6236.794702201333,4.188383596530748,0.0,0.0,0.0
sys_0900,7306005,3,1,1,1.07109375,6082.697583577409,4.3495906698262115,2899.8150140922776,84.46228245898537,3.1675196316318908
sys_0901,8396488,0,0,0,1.16484375,6066.718116655577,4.097715560216688,0.0,0.0,0.0
sys_0902,3930661,0,0,0,1.02421875,5992.783293182228,4.33364794221473,0.0,0.0,0.0
sys_0903,9337070,0,0,0,1.1847656249999998,6358.201434561843,4.3265475941587,0.0,0.0,0.0
sys_0904,5064480,1,1,0,1.04765625,6132.877191179446,4.454259877431039,1651.1287634984483,0.0,0.0
sys_0905,1018287,1,1,0,0.984375,5939.710760376856,4.386412496694981,9875.278405126784,0.0,0.0
sys_0906,6246243,1,1,0,1.147265625,6265.454827855593,4.266963964957807,4419.758895986135,0.0,0.0
sys_0907,6875357,1,1,0,1.17421875,6180.432039822031,4.121538074673635,12381.01144500226,0.0,0.0
sys_0908,7407580,2,0,1,1.01015625,5846.122667347088,4.261205369778053,0.0,20.10262701631702,8.758055983464887
sys_0909,3278290,1,1,0,0.90234375,5695.566071134989,4.264335579054122,1867.5607033575063,0.0,0.0
sys_0910,4254656,0,0,0,1.07109375,4389.429888746567,3.8109285613930775,0.0,0.0,0.0
sys_0911,4953852,0,0,0,1.147265625,6240.808319916469,4.24409990241969,0.0,0.0,0.0
sys_0912,6151340,1,1,0,1.10859375,4536.593911601543,3.5784334025535136,920.8388612098518,0.0,0.0
sys_0913,3678826,3,1,1,0.99609375,5945.811197893192,4.3335383081763785,667.5887822038657,96.71078170817731,2.3180689251058872
sys_0914,3193385,0,0,0,1.13671875,6274.630231685277,4.4358794796151395,0.0,0.0,0.0
sys_0915,1389864,3,1,1,1.02421875,4317.278521465206,4.070653147676184,13386.870283346361,14.445127579698228,0.4711916650557278
sys_0916,2318440,0,0,0,0.9609375,5063.431076621745,4.40283656563867,0.0,0.0,0.0
sys_0917,5440677,0,0,0,0.9609375,4280.75116013934,3.7441801544586872,0.0,0.0,0.0
sys_0918,4940326,2,0,1,0.9328125,5792.908980683181,4.499961726045723,0.0,87.45565634387283,1.350902200983935
sys_0919,3400480,2,0,1,1.0546875,5865.91101834718,4.505305812391898,0.0,58.12639917474438,0.3635482240247582
sys_0920,9742376,0,0,0,0.92109375,4220.645180615764,4.008818574291679,0.0,0.0,0.0
sys_0921,8740849,1,1,0,1.053515625,6217.514398882461,4.320892600255308,868.0168440453991,0.0,0.0
sys_0922,7829041,2,0,1,1.1859375,6274.313228572677,3.997092040399233,0.0,71.33233415137907,2.4500621912023397
sys_0923,4746772,2,0,1,0.9070312500000001,5565.395916830434,4.485158873713964,0.0,12.87915233266208,2.0030454644375943
sys_0924,5767824,0,0,0,1.044140625,5724.402904402943,4.51535083181964,0.0,0.0,0.0
sys_0925,6237708,3,1,1,1.06875,6087.352793193427,4.472759472804205,1126.2281552109102,9.265650926882001,1.3018726367962847
sys_0926,5048567,3,1,1,1.0359375,5793.343181626969,4.373287677032941,19501.323103005714,80.83646082745547,4.743251603584579
sys_0927,5994573,2,0,1,1.09453125,6177.310260540731,4.451376458788503,0.0,18.79077642899734,5.132036269258869
sys_0928,9940693,1,1,0,1.06875,4519.208292209231,3.6541552244983673,1237.9348690486981,0.0,0.0
sys_0929,6880337,0,0,0,1.0734375,5935.161623191605,4.470575270681475,0.0,0.0,0.0
sys_0930,8523914,0,0,0,0.928125,5453.315941217575,4.49451765934811,0.0,0.0,0.0
sys_0931,9452197,1,1,0,1.194140625,6533.721775124956,4.2048797845826344,9903.327532011932,0.0,0.0
sys_0932,7876200,1,1,0,1.03125,6182.288630107957,4.290581690885244,1348.461432766519,0.0,0.0
sys_0933,8527695,1,1,0,1.1296875,6356.997338659732,4.346848856397403,2710.6392492489504,0.0,0.0
sys_0934,4412512,2,0,1,0.96796875,5689.266640277889,4.412685175715717,0.0,5.01760555760134,0.5701167656565809
sys_0935,7718889,3,1,1,0.95625,5818.586131459246,4.384305321009385,725.5414249887447,2.0139822008883574,1.3478764858669914
sys_0936,7410427,3,1,1,1.16953125,5597.749499997715,4.24992117573327,12105.73214815042,85.09987623019875,2.592438173798214
sys_0937,2775098,1,1,0,1.0078125,5835.825397688708,4.486140688000575,1857.2068005265799,0.0,0.0
sys_0938,2346602,0,0,0,1.1906249999999998,6135.029719806975,4.413619508899944,0.0,0.0,0.0
sys_0939,8354869,2,0,1,1.1906249999999998,6097.881378653931,4.216798771228901,0.0,67.62960014133499,5.200855884988307
sys_0940,7854467,3,1,1,0.9609375,5773.4790340003765,4.239839179737084,13543.460114247235,31.82348669648822,1.8116996786118578
sys_0941,4271076,3,1,1,1.00078125,5865.685321016297,4.269038647095779,15072.434765088792,2.1182593979984916,1.4057745341910168
sys_0942,8551541,1,1,0,1.0921875,6180.099098698879,4.400532131369314,2638.869309860952,0.0,0.0
sys_0943,9386404,1,1,0,1.003125,5892.834115386613,4.42185074421728,1228.4202406596005,0.0,0.0
sys_0944,3395726,2,0,1,1.1203125,6235.588880558909,4.439678318299226,0.0,20.05441398298906,0.3973927578417968
sys_0945,3721291,0,0,0,1.13671875,6280.674472535585,4.430037148897363,0.0,0.0,0.0
sys_0946,5310509,2,0,1,1.1906249999999998,5213.006535716952,4.2879486792876635,0.0,10.478725410396567,3.9085267830266703
sys_0947,6299107,3,1,1,1.1296875,6241.325030339469,4.090527627077503,9607.915587261246,63.03361113752301,1.0401603705828277
sys_0948,5843670,0,0,0,1.1765625,6161.486313037842,4.104195060242888,0.0,0.0,0.0
sys_0949,4379244,1,1,0,1.04296875,4319.223218444796,3.5781931826105597,1562.117724675536,0.0,0.0
sys_0950,1116533,3,1,1,1.0546875,5869.583497857518,4.502534858412142,5865.20777236625,19.377097601397857,4.417910180121893
sys_0951,3405472,3,1,1,1.10859375,4508.76215758535,3.753312849687745,3921.7788846317276,5.35459717757297,6.418913754062061
sys_0952,8697260,1,1,0,1.06171875,6116.845345549977,4.270953401174935,9465.590646380242,0.0,0.0
sys_0953,7990794,0,0,0,0.9609375,5657.193623263161,4.494546592679954,0.0,0.0,0.0
sys_0954,3858544,1,1,0,1.053515625,5157.550371765671,4.312963266223049,1611.3938298410937,0.0,0.0
sys_0955,8402698,0,0,0,1.18359375,6488.785162522228,4.179990487789651,0.0,0.0,0.0
sys_0956,9900141,0,0,0,1.021875,5946.463931188668,4.286503854567129,0.0,0.0,0.0
sys_0957,7906573,3,1,1,1.10625,4354.896889498684,4.126922756075063,714.9290833438317,4.745914631285494,8.080499297191954
sys_0958,7389790,2,0,1,1.0359375,4208.455979636575,3.958103364758341,0.0,9.22420208361986,1.8496459547570878
sys_0959,8879621,0,0,0,1.0359375,5787.695243895784,4.240619069737738,0.0,0.0,0.0
sys_0960,9539581,3,1,1,1.08046875,5778.238978871495,4.487822296654768,4802.698235832555,2.1012483339959642,0.37962941309427156
sys_0961,7878319,3,1,1,1.091015625,6039.744579027603,4.373774812710009,3572.0676076768796,96.4404555509828,1.12823965388186
sys_0962,2414543,0,0,0,1.0546875,5966.462734532036,4.4248533670499794,0.0,0.0,0.0
sys_0963,2310383,3,1,1,1.166015625,6026.783277310421,4.060736030690596,12013.38258394316,5.711199653896846,2.860841500539421
sys_0964,3458064,1,1,0,1.10625,6104.162611732138,4.267752757798269,7852.246011961783,0.0,0.0
sys_0965,3474989,2,0,1,1.147265625,6271.899143353063,4.277053366451207,0.0,28.184368886043984,5.37083016259293
sys_0966,3445778,0,0,0,0.99609375,5941.537203264441,4.350782414439452,0.0,0.0,0.0
sys_0967,2760036,2,0,1,1.156640625,6078.409827510209,4.419565577717696,0.0,2.422401206617496,0.5609431718056602
sys_0968,6804269,0,0,0,1.09453125,6242.53131551509,4.373746428412385,0.0,0.0,0.0
sys_0969,3107029,1,1,0,1.0125,5708.552887326247,4.507988011537419,1944.346398584928,0.0,0.0
sys_0970,1341027,0,0,0,0.903515625,5336.107142500757,4.51864885820259,0.0,0.0,0.0
sys_0971,6997067,3,1,1,1.0078125,5877.805377513957,4.453423168977737,867.0858135914004,45.27803876900981,8.091511706272266
sys_0972,7207908,2,0,1,1.147265625,6279.489406023703,4.309285769592668,0.0,2.934436797695822,0.6460597455212692
sys_0973,2539097,2,0,1,1.04765625,6167.084249071822,4.419270737562734,0.0,33.46159472053019,1.1232534944345896
sys_0974,5414937,0,0,0,0.96796875,5493.55537619751,4.545841191530268,0.0,0.0,0.0
sys_0975,1766823,0,0,0,1.021875,5506.231203941422,4.351600899898594,0.0,0.0,0.0
sys_0976,5193857,0,0,0,1.081640625,6050.726390929985,4.447557289940109,0.0,0.0,0.0
sys_0977,5868880,0,0,0,1.06875,4467.577343354975,4.182157370618647,0.0,0.0,0.0
sys_0978,2055461,1,1,0,0.9304687500000001,5689.279110762248,4.528364164959796,1386.1347705032438,0.0,0.0
sys_0979,2670886,1,1,0,1.096875,6315.5537120213385,4.4358682620306915,2018.39494266499,0.0,0.0
sys_0980,4585238,0,0,0,1.14140625,6111.290377316899,4.219913240694918,0.0,0.0,0.0
sys_0981,9590619,3,1,1,1.081640625,6078.075381368569,4.182682891855735,19987.05022938421,12.96993941339905,0.43783655218840883
sys_0982,5573788,3,1,1,1.156640625,6102.144262919667,4.236692684666784,9694.709953419226,94.9784860978993,5.981138672829337
sys_0983,9732552,3,1,1,1.147265625,6276.721554920213,4.289247032896376,3711.3880186428937,3.7007007765238407,2.122358582069472
sys_0984,1159511,3,1,1,1.1015625,5920.513950941366,4.351726916383024,1952.380630815639,12.880469389016218,13.367210786670304
sys_0985,8649460,2,0,1,1.0921875,6214.6363170599625,4.300374681175434,0.0,61.77547429448994,4.335203912387158
sys_0986,9533882,3,1,1,0.922265625,5720.180671590026,4.425097321876139,12116.914068475855,4.751568334342223,1.5808795723201956
sys_0987,5882549,3,1,1,0.95859375,4271.449971231533,3.662197620264748,2581.7532378685964,2.7267027449132386,1.5101623612588517
sys_0988,8387361,1,1,0,1.18828125,6120.4690633934315,4.150650953408884,1187.555439655894,0.0,0.0
sys_0989,9345615,2,0,1,1.1859375,6445.059790337833,4.212694377918983,0.0,14.574366866924061,4.252117193839246
sys_0990,9381553,2,0,1,1.10390625,6151.874946499065,4.415795215287544,0.0,7.191550235735389,3.883007069918909
sys_0991,6740111,3,1,1,1.044140625,5843.005324085306,4.4279056831827,3174.863367923781,15.741297458248624,1.0285609974202479
sys_0992,5607785,3,1,1,0.997265625,5879.521715816233,4.484424204961741,1325.44382312352,42.197958570305715,3.046307450158455
sys_0993,8468429,3,1,1,1.03125,6182.690788011025,4.3183692077096,3006.5902840360745,6.104426020644194,0.28002281804959783
sys_0994,7078164,3,1,1,1.1906249999999998,6151.504268395374,4.397231910702613,4559.373412601878,2.6305104641472385,0.9592744117819578
sys_0995,6360015,2,0,1,1.0734375,6001.9771393496685,4.202681702611059,0.0,99.64837657429882,3.2675952426622383
sys_0996,4611807,1,1,0,0.9421875,5850.3928457875845,4.447666237569573,2915.320649030886,0.0,0.0
sys_0997,3270642,1,1,0,1.18828125,6185.924917723217,4.3299637689284225,17491.96409975645,0.0,0.0
sys_0998,8621093,1,1,0,1.096875,6295.055976643278,4.125236268283247,16274.147349254965,0.0,0.0
sys_0999,5987479,3,1,1,0.9328125,5754.057027863559,4.538519528599361,15730.156536587958,80.24328693118082,1.7789477145540706
